TimeQuest Timing Analyzer report for MIC1
Fri Aug 14 08:01:14 2026
Quartus II 64-Bit Version 13.1.0 Build 162 10/23/2013 SJ Web Edition


---------------------
; Table of Contents ;
---------------------
  1. Legal Notice
  2. TimeQuest Timing Analyzer Summary
  3. Parallel Compilation
  4. Clocks
  5. Slow 1200mV 85C Model Fmax Summary
  6. Timing Closure Recommendations
  7. Slow 1200mV 85C Model Setup Summary
  8. Slow 1200mV 85C Model Hold Summary
  9. Slow 1200mV 85C Model Recovery Summary
 10. Slow 1200mV 85C Model Removal Summary
 11. Slow 1200mV 85C Model Minimum Pulse Width Summary
 12. Propagation Delay
 13. Minimum Propagation Delay
 14. Slow 1200mV 85C Model Metastability Report
 15. Slow 1200mV 0C Model Fmax Summary
 16. Slow 1200mV 0C Model Setup Summary
 17. Slow 1200mV 0C Model Hold Summary
 18. Slow 1200mV 0C Model Recovery Summary
 19. Slow 1200mV 0C Model Removal Summary
 20. Slow 1200mV 0C Model Minimum Pulse Width Summary
 21. Propagation Delay
 22. Minimum Propagation Delay
 23. Slow 1200mV 0C Model Metastability Report
 24. Fast 1200mV 0C Model Setup Summary
 25. Fast 1200mV 0C Model Hold Summary
 26. Fast 1200mV 0C Model Recovery Summary
 27. Fast 1200mV 0C Model Removal Summary
 28. Fast 1200mV 0C Model Minimum Pulse Width Summary
 29. Propagation Delay
 30. Minimum Propagation Delay
 31. Fast 1200mV 0C Model Metastability Report
 32. Multicorner Timing Analysis Summary
 33. Propagation Delay
 34. Minimum Propagation Delay
 35. Board Trace Model Assignments
 36. Input Transition Times
 37. Slow Corner Signal Integrity Metrics
 38. Fast Corner Signal Integrity Metrics
 39. Clock Transfers
 40. Report TCCS
 41. Report RSKM
 42. Unconstrained Paths
 43. TimeQuest Timing Analyzer Messages



----------------
; Legal Notice ;
----------------
Copyright (C) 1991-2013 Altera Corporation
Your use of Altera Corporation's design tools, logic functions 
and other software and tools, and its AMPP partner logic 
functions, and any output files from any of the foregoing 
(including device programming or simulation files), and any 
associated documentation or information are expressly subject 
to the terms and conditions of the Altera Program License 
Subscription Agreement, Altera MegaCore Function License 
Agreement, or other applicable license agreement, including, 
without limitation, that your use is for the sole purpose of 
programming logic devices manufactured by Altera and sold by 
Altera or its authorized distributors.  Please refer to the 
applicable agreement for further details.



+-------------------------------------------------------------------------+
; TimeQuest Timing Analyzer Summary                                       ;
+--------------------+----------------------------------------------------+
; Quartus II Version ; Version 13.1.0 Build 162 10/23/2013 SJ Web Edition ;
; Revision Name      ; MIC1                                               ;
; Device Family      ; Cyclone III                                        ;
; Device Name        ; EP3C5F256C6                                        ;
; Timing Models      ; Final                                              ;
; Delay Model        ; Combined                                           ;
; Rise/Fall Delays   ; Enabled                                            ;
+--------------------+----------------------------------------------------+


+------------------------------------------+
; Parallel Compilation                     ;
+----------------------------+-------------+
; Processors                 ; Number      ;
+----------------------------+-------------+
; Number detected on machine ; 12          ;
; Maximum allowed            ; 10          ;
;                            ;             ;
; Average used               ; 1.00        ;
; Maximum used               ; 10          ;
;                            ;             ;
; Usage by Processor         ; % Time Used ;
;     Processor 1            ; 100.0%      ;
;     Processors 2-10        ; < 0.1%      ;
;     Processors 11-12       ;   0.0%      ;
+----------------------------+-------------+


----------
; Clocks ;
----------
No clocks to report.


--------------------------------------
; Slow 1200mV 85C Model Fmax Summary ;
--------------------------------------
No paths to report.


----------------------------------
; Timing Closure Recommendations ;
----------------------------------
HTML report is unavailable in plain text report export.


---------------------------------------
; Slow 1200mV 85C Model Setup Summary ;
---------------------------------------
No paths to report.


--------------------------------------
; Slow 1200mV 85C Model Hold Summary ;
--------------------------------------
No paths to report.


------------------------------------------
; Slow 1200mV 85C Model Recovery Summary ;
------------------------------------------
No paths to report.


-----------------------------------------
; Slow 1200mV 85C Model Removal Summary ;
-----------------------------------------
No paths to report.


-----------------------------------------------------
; Slow 1200mV 85C Model Minimum Pulse Width Summary ;
-----------------------------------------------------
No paths to report.


+--------------------------------------------------------------+
; Propagation Delay                                            ;
+------------+-------------+--------+--------+--------+--------+
; Input Port ; Output Port ; RR     ; RF     ; FR     ; FF     ;
+------------+-------------+--------+--------+--------+--------+
; INPUT[0]   ; OUTPUT[0]   ; 7.690  ;        ;        ; 8.102  ;
; INPUT[0]   ; OUTPUT[8]   ; 8.023  ;        ;        ; 8.526  ;
; INPUT[0]   ; Z           ;        ; 8.995  ; 9.449  ;        ;
; INPUT[1]   ; OUTPUT[0]   ; 7.369  ;        ;        ; 7.750  ;
; INPUT[1]   ; OUTPUT[1]   ; 7.079  ;        ;        ; 7.433  ;
; INPUT[1]   ; OUTPUT[9]   ; 7.612  ;        ;        ; 8.041  ;
; INPUT[1]   ; Z           ;        ; 9.100  ; 9.532  ;        ;
; INPUT[2]   ; OUTPUT[1]   ; 7.360  ;        ;        ; 7.769  ;
; INPUT[2]   ; OUTPUT[2]   ; 7.740  ;        ;        ; 8.231  ;
; INPUT[2]   ; OUTPUT[10]  ; 9.278  ;        ;        ; 9.886  ;
; INPUT[2]   ; Z           ;        ; 9.095  ; 9.528  ;        ;
; INPUT[3]   ; OUTPUT[2]   ; 7.272  ;        ;        ; 7.754  ;
; INPUT[3]   ; OUTPUT[3]   ; 6.334  ;        ;        ; 6.736  ;
; INPUT[3]   ; OUTPUT[11]  ; 7.282  ;        ;        ; 7.690  ;
; INPUT[3]   ; Z           ;        ; 8.784  ; 9.197  ;        ;
; INPUT[4]   ; OUTPUT[3]   ; 6.266  ;        ;        ; 6.624  ;
; INPUT[4]   ; OUTPUT[4]   ; 6.275  ;        ;        ; 6.630  ;
; INPUT[4]   ; OUTPUT[12]  ; 7.238  ;        ;        ; 7.662  ;
; INPUT[4]   ; Z           ;        ; 9.510  ; 9.886  ;        ;
; INPUT[5]   ; OUTPUT[4]   ; 6.846  ;        ;        ; 7.241  ;
; INPUT[5]   ; OUTPUT[5]   ; 7.322  ;        ;        ; 7.765  ;
; INPUT[5]   ; OUTPUT[13]  ; 7.922  ;        ;        ; 8.423  ;
; INPUT[5]   ; Z           ;        ; 9.960  ; 10.403 ;        ;
; INPUT[6]   ; OUTPUT[5]   ; 5.353  ;        ;        ; 5.503  ;
; INPUT[6]   ; OUTPUT[6]   ; 6.753  ;        ;        ; 6.936  ;
; INPUT[6]   ; OUTPUT[14]  ; 5.690  ;        ;        ; 5.871  ;
; INPUT[6]   ; Z           ;        ; 8.332  ; 8.497  ;        ;
; INPUT[7]   ; OUTPUT[6]   ; 6.891  ;        ;        ; 7.041  ;
; INPUT[7]   ; OUTPUT[7]   ; 4.912  ;        ;        ; 4.995  ;
; INPUT[7]   ; OUTPUT[15]  ; 5.789  ;        ;        ; 5.891  ;
; INPUT[7]   ; Z           ;        ; 8.021  ; 8.114  ;        ;
; INPUT[8]   ; OUTPUT[7]   ; 6.760  ;        ;        ; 7.152  ;
; INPUT[8]   ; OUTPUT[8]   ; 8.154  ;        ;        ; 8.600  ;
; INPUT[8]   ; OUTPUT[16]  ; 8.417  ;        ;        ; 8.831  ;
; INPUT[8]   ; Z           ;        ; 10.526 ; 10.977 ;        ;
; INPUT[9]   ; OUTPUT[8]   ; 7.696  ;        ;        ; 8.153  ;
; INPUT[9]   ; OUTPUT[9]   ; 7.038  ;        ;        ; 7.432  ;
; INPUT[9]   ; OUTPUT[17]  ; 6.907  ;        ;        ; 7.309  ;
; INPUT[9]   ; Z           ;        ; 10.729 ; 11.126 ;        ;
; INPUT[10]  ; OUTPUT[9]   ; 8.120  ;        ;        ; 8.574  ;
; INPUT[10]  ; OUTPUT[10]  ; 9.207  ;        ;        ; 9.796  ;
; INPUT[10]  ; OUTPUT[18]  ; 6.954  ;        ;        ; 7.369  ;
; INPUT[10]  ; Z           ;        ; 9.608  ; 10.065 ;        ;
; INPUT[11]  ; OUTPUT[10]  ; 9.233  ;        ;        ; 9.780  ;
; INPUT[11]  ; OUTPUT[11]  ; 7.402  ;        ;        ; 7.802  ;
; INPUT[11]  ; OUTPUT[19]  ; 7.548  ;        ;        ; 7.969  ;
; INPUT[11]  ; Z           ;        ; 9.050  ; 9.457  ;        ;
; INPUT[12]  ; OUTPUT[11]  ; 7.036  ;        ;        ; 7.439  ;
; INPUT[12]  ; OUTPUT[12]  ; 6.913  ;        ;        ; 7.343  ;
; INPUT[12]  ; OUTPUT[20]  ; 7.173  ;        ;        ; 7.618  ;
; INPUT[12]  ; Z           ;        ; 9.185  ; 9.567  ;        ;
; INPUT[13]  ; OUTPUT[12]  ; 7.584  ;        ;        ; 8.041  ;
; INPUT[13]  ; OUTPUT[13]  ; 7.398  ;        ;        ; 7.856  ;
; INPUT[13]  ; OUTPUT[21]  ; 7.300  ;        ;        ; 7.746  ;
; INPUT[13]  ; Z           ;        ; 9.856  ; 10.265 ;        ;
; INPUT[14]  ; OUTPUT[13]  ; 7.642  ;        ;        ; 8.094  ;
; INPUT[14]  ; OUTPUT[14]  ; 6.952  ;        ;        ; 7.355  ;
; INPUT[14]  ; OUTPUT[22]  ; 7.510  ;        ;        ; 7.931  ;
; INPUT[14]  ; Z           ;        ; 9.680  ; 10.074 ;        ;
; INPUT[15]  ; OUTPUT[14]  ; 7.440  ;        ;        ; 7.889  ;
; INPUT[15]  ; OUTPUT[15]  ; 7.371  ;        ;        ; 7.803  ;
; INPUT[15]  ; OUTPUT[23]  ; 8.002  ;        ;        ; 8.393  ;
; INPUT[15]  ; Z           ;        ; 10.082 ; 10.515 ;        ;
; INPUT[16]  ; OUTPUT[15]  ; 7.461  ;        ;        ; 7.895  ;
; INPUT[16]  ; OUTPUT[16]  ; 7.017  ;        ;        ; 7.403  ;
; INPUT[16]  ; OUTPUT[24]  ; 7.264  ;        ;        ; 7.685  ;
; INPUT[16]  ; Z           ;        ; 9.693  ; 10.118 ;        ;
; INPUT[17]  ; OUTPUT[16]  ; 8.514  ;        ;        ; 8.902  ;
; INPUT[17]  ; OUTPUT[17]  ; 6.489  ;        ;        ; 6.870  ;
; INPUT[17]  ; OUTPUT[25]  ; 7.939  ;        ;        ; 8.356  ;
; INPUT[17]  ; Z           ;        ; 10.623 ; 11.048 ;        ;
; INPUT[18]  ; OUTPUT[17]  ; 6.781  ;        ;        ; 7.174  ;
; INPUT[18]  ; OUTPUT[18]  ; 6.542  ;        ;        ; 6.932  ;
; INPUT[18]  ; OUTPUT[26]  ; 6.831  ;        ;        ; 7.252  ;
; INPUT[18]  ; Z           ;        ; 10.603 ; 10.991 ;        ;
; INPUT[19]  ; OUTPUT[18]  ; 7.477  ;        ;        ; 7.879  ;
; INPUT[19]  ; OUTPUT[19]  ; 7.205  ;        ;        ; 7.578  ;
; INPUT[19]  ; OUTPUT[27]  ; 7.302  ;        ;        ; 7.719  ;
; INPUT[19]  ; Z           ;        ; 9.343  ; 9.787  ;        ;
; INPUT[20]  ; OUTPUT[19]  ; 7.312  ;        ;        ; 7.692  ;
; INPUT[20]  ; OUTPUT[20]  ; 7.255  ;        ;        ; 7.678  ;
; INPUT[20]  ; OUTPUT[28]  ; 7.071  ;        ;        ; 7.545  ;
; INPUT[20]  ; Z           ;        ; 9.434  ; 9.968  ;        ;
; INPUT[21]  ; OUTPUT[20]  ; 6.900  ;        ;        ; 7.301  ;
; INPUT[21]  ; OUTPUT[21]  ; 6.210  ;        ;        ; 6.558  ;
; INPUT[21]  ; OUTPUT[29]  ; 7.546  ;        ;        ; 7.872  ;
; INPUT[21]  ; Z           ;        ; 9.340  ; 9.753  ;        ;
; INPUT[22]  ; OUTPUT[21]  ; 7.198  ;        ;        ; 7.597  ;
; INPUT[22]  ; OUTPUT[22]  ; 6.460  ;        ;        ; 6.828  ;
; INPUT[22]  ; OUTPUT[30]  ; 6.888  ;        ;        ; 7.246  ;
; INPUT[22]  ; Z           ;        ; 9.624  ; 9.987  ;        ;
; INPUT[23]  ; N           ; 7.485  ;        ;        ; 7.977  ;
; INPUT[23]  ; OUTPUT[22]  ; 6.843  ;        ;        ; 7.281  ;
; INPUT[23]  ; OUTPUT[23]  ; 6.765  ;        ;        ; 7.136  ;
; INPUT[23]  ; OUTPUT[31]  ; 7.485  ;        ;        ; 7.977  ;
; INPUT[23]  ; Z           ;        ; 9.005  ; 9.488  ;        ;
; INPUT[24]  ; OUTPUT[23]  ; 7.361  ;        ;        ; 7.737  ;
; INPUT[24]  ; OUTPUT[24]  ; 7.123  ;        ;        ; 7.516  ;
; INPUT[24]  ; Z           ;        ; 8.288  ; 8.733  ;        ;
; INPUT[25]  ; OUTPUT[24]  ; 7.788  ;        ;        ; 8.241  ;
; INPUT[25]  ; OUTPUT[25]  ; 6.496  ;        ;        ; 6.862  ;
; INPUT[25]  ; Z           ;        ; 8.929  ; 9.390  ;        ;
; INPUT[26]  ; OUTPUT[25]  ; 7.560  ;        ;        ; 7.988  ;
; INPUT[26]  ; OUTPUT[26]  ; 6.595  ;        ;        ; 6.988  ;
; INPUT[26]  ; Z           ;        ; 9.049  ; 9.533  ;        ;
; INPUT[27]  ; OUTPUT[26]  ; 7.340  ;        ;        ; 7.724  ;
; INPUT[27]  ; OUTPUT[27]  ; 7.082  ;        ;        ; 7.452  ;
; INPUT[27]  ; Z           ;        ; 9.573  ; 10.022 ;        ;
; INPUT[28]  ; OUTPUT[27]  ; 7.011  ;        ;        ; 7.403  ;
; INPUT[28]  ; OUTPUT[28]  ; 6.660  ;        ;        ; 7.051  ;
; INPUT[28]  ; Z           ;        ; 9.023  ; 9.474  ;        ;
; INPUT[29]  ; OUTPUT[28]  ; 7.413  ;        ;        ; 7.849  ;
; INPUT[29]  ; OUTPUT[29]  ; 7.137  ;        ;        ; 7.493  ;
; INPUT[29]  ; Z           ;        ; 9.776  ; 10.272 ;        ;
; INPUT[30]  ; OUTPUT[29]  ; 7.955  ;        ;        ; 8.337  ;
; INPUT[30]  ; OUTPUT[30]  ; 7.436  ;        ;        ; 7.875  ;
; INPUT[30]  ; Z           ;        ; 10.172 ; 10.616 ;        ;
; INPUT[31]  ; N           ; 7.230  ;        ;        ; 7.661  ;
; INPUT[31]  ; OUTPUT[30]  ; 7.267  ;        ;        ; 7.683  ;
; INPUT[31]  ; OUTPUT[31]  ; 7.230  ;        ;        ; 7.661  ;
; INPUT[31]  ; Z           ;        ; 10.003 ; 10.424 ;        ;
; MIR[22]    ; N           ; 7.317  ; 7.336  ; 7.747  ; 7.799  ;
; MIR[22]    ; OUTPUT[0]   ; 7.378  ; 7.365  ; 7.810  ; 7.832  ;
; MIR[22]    ; OUTPUT[1]   ; 7.227  ; 7.166  ; 7.636  ; 7.674  ;
; MIR[22]    ; OUTPUT[2]   ; 7.594  ; 7.724  ; 8.092  ; 8.149  ;
; MIR[22]    ; OUTPUT[3]   ; 6.281  ; 6.249  ; 6.727  ; 6.730  ;
; MIR[22]    ; OUTPUT[4]   ; 6.272  ; 6.241  ; 6.718  ; 6.720  ;
; MIR[22]    ; OUTPUT[5]   ; 7.031  ; 7.038  ; 7.497  ; 7.535  ;
; MIR[22]    ; OUTPUT[6]   ; 8.274  ; 8.315  ; 8.721  ; 8.797  ;
; MIR[22]    ; OUTPUT[7]   ; 6.281  ; 6.247  ; 6.727  ; 6.728  ;
; MIR[22]    ; OUTPUT[8]   ; 7.727  ; 7.777  ; 8.164  ; 8.244  ;
; MIR[22]    ; OUTPUT[9]   ; 7.624  ; 7.661  ; 8.057  ; 8.127  ;
; MIR[22]    ; OUTPUT[10]  ; 9.011  ; 9.169  ; 9.450  ; 9.638  ;
; MIR[22]    ; OUTPUT[11]  ; 7.318  ; 7.390  ; 7.817  ; 7.776  ;
; MIR[22]    ; OUTPUT[12]  ; 7.253  ; 7.291  ; 7.698  ; 7.769  ;
; MIR[22]    ; OUTPUT[13]  ; 7.337  ; 7.366  ; 7.783  ; 7.842  ;
; MIR[22]    ; OUTPUT[14]  ; 7.217  ; 7.250  ; 7.664  ; 7.727  ;
; MIR[22]    ; OUTPUT[15]  ; 7.199  ; 7.197  ; 7.643  ; 7.673  ;
; MIR[22]    ; OUTPUT[16]  ; 8.603  ; 8.649  ; 9.128  ; 9.027  ;
; MIR[22]    ; OUTPUT[17]  ; 6.920  ; 6.900  ; 7.392  ; 7.363  ;
; MIR[22]    ; OUTPUT[18]  ; 7.197  ; 7.184  ; 7.660  ; 7.638  ;
; MIR[22]    ; OUTPUT[19]  ; 7.469  ; 7.436  ; 7.930  ; 7.888  ;
; MIR[22]    ; OUTPUT[20]  ; 7.242  ; 7.234  ; 7.671  ; 7.693  ;
; MIR[22]    ; OUTPUT[21]  ; 7.103  ; 7.097  ; 7.535  ; 7.559  ;
; MIR[22]    ; OUTPUT[22]  ; 7.027  ; 7.118  ; 7.538  ; 7.516  ;
; MIR[22]    ; OUTPUT[23]  ; 7.350  ; 7.407  ; 7.867  ; 7.811  ;
; MIR[22]    ; OUTPUT[24]  ; 7.439  ; 7.470  ; 7.866  ; 7.930  ;
; MIR[22]    ; OUTPUT[25]  ; 7.853  ; 7.842  ; 8.316  ; 8.321  ;
; MIR[22]    ; OUTPUT[26]  ; 6.942  ; 6.902  ; 7.406  ; 7.357  ;
; MIR[22]    ; OUTPUT[27]  ; 6.988  ; 6.946  ; 7.449  ; 7.398  ;
; MIR[22]    ; OUTPUT[28]  ; 7.179  ; 7.191  ; 7.648  ; 7.651  ;
; MIR[22]    ; OUTPUT[29]  ; 8.006  ; 7.924  ; 8.458  ; 8.430  ;
; MIR[22]    ; OUTPUT[30]  ; 7.472  ; 7.536  ; 7.971  ; 7.962  ;
; MIR[22]    ; OUTPUT[31]  ; 7.317  ; 7.336  ; 7.747  ; 7.799  ;
; MIR[22]    ; Z           ; 10.795 ; 10.742 ; 11.180 ; 11.237 ;
; MIR[23]    ; N           ; 8.056  ; 8.056  ; 8.455  ; 8.554  ;
; MIR[23]    ; OUTPUT[0]   ; 7.947  ; 7.998  ; 8.434  ; 8.412  ;
; MIR[23]    ; OUTPUT[1]   ; 7.528  ; 7.489  ; 7.949  ; 7.940  ;
; MIR[23]    ; OUTPUT[2]   ; 7.891  ; 7.960  ; 8.311  ; 8.411  ;
; MIR[23]    ; OUTPUT[3]   ; 7.156  ; 7.188  ; 7.623  ; 7.582  ;
; MIR[23]    ; OUTPUT[4]   ; 7.126  ; 7.171  ; 7.602  ; 7.507  ;
; MIR[23]    ; OUTPUT[5]   ; 7.520  ; 7.518  ; 7.940  ; 7.929  ;
; MIR[23]    ; OUTPUT[6]   ; 8.905  ; 8.951  ; 9.322  ; 9.359  ;
; MIR[23]    ; OUTPUT[7]   ; 6.912  ; 6.883  ; 7.328  ; 7.290  ;
; MIR[23]    ; OUTPUT[8]   ; 8.290  ; 8.339  ; 8.717  ; 8.820  ;
; MIR[23]    ; OUTPUT[9]   ; 8.165  ; 8.279  ; 8.662  ; 8.663  ;
; MIR[23]    ; OUTPUT[10]  ; 9.563  ; 9.720  ; 9.991  ; 10.202 ;
; MIR[23]    ; OUTPUT[11]  ; 7.657  ; 7.652  ; 8.076  ; 8.104  ;
; MIR[23]    ; OUTPUT[12]  ; 8.104  ; 8.219  ; 8.580  ; 8.582  ;
; MIR[23]    ; OUTPUT[13]  ; 8.227  ; 8.255  ; 8.634  ; 8.716  ;
; MIR[23]    ; OUTPUT[14]  ; 8.107  ; 8.139  ; 8.515  ; 8.601  ;
; MIR[23]    ; OUTPUT[15]  ; 7.831  ; 7.833  ; 8.248  ; 8.233  ;
; MIR[23]    ; OUTPUT[16]  ; 8.739  ; 8.705  ; 9.196  ; 9.169  ;
; MIR[23]    ; OUTPUT[17]  ; 7.272  ; 7.249  ; 7.730  ; 7.742  ;
; MIR[23]    ; OUTPUT[18]  ; 7.536  ; 7.520  ; 7.995  ; 8.014  ;
; MIR[23]    ; OUTPUT[19]  ; 7.798  ; 7.762  ; 8.254  ; 8.253  ;
; MIR[23]    ; OUTPUT[20]  ; 7.969  ; 7.960  ; 8.403  ; 8.448  ;
; MIR[23]    ; OUTPUT[21]  ; 7.839  ; 7.832  ; 8.262  ; 8.309  ;
; MIR[23]    ; OUTPUT[22]  ; 7.524  ; 7.538  ; 7.940  ; 7.987  ;
; MIR[23]    ; OUTPUT[23]  ; 7.842  ; 7.822  ; 8.260  ; 8.273  ;
; MIR[23]    ; OUTPUT[24]  ; 8.129  ; 8.237  ; 8.623  ; 8.618  ;
; MIR[23]    ; OUTPUT[25]  ; 7.681  ; 7.670  ; 8.147  ; 8.127  ;
; MIR[23]    ; OUTPUT[26]  ; 7.276  ; 7.235  ; 7.735  ; 7.748  ;
; MIR[23]    ; OUTPUT[27]  ; 7.316  ; 7.273  ; 7.776  ; 7.787  ;
; MIR[23]    ; OUTPUT[28]  ; 7.531  ; 7.542  ; 7.992  ; 8.057  ;
; MIR[23]    ; OUTPUT[29]  ; 8.453  ; 8.372  ; 8.890  ; 8.839  ;
; MIR[23]    ; OUTPUT[30]  ; 7.945  ; 7.948  ; 8.352  ; 8.386  ;
; MIR[23]    ; OUTPUT[31]  ; 8.056  ; 8.056  ; 8.455  ; 8.554  ;
; MIR[23]    ; Z           ; 11.066 ; 11.094 ; 11.559 ; 11.552 ;
+------------+-------------+--------+--------+--------+--------+


+----------------------------------------------------------+
; Minimum Propagation Delay                                ;
+------------+-------------+-------+-------+-------+-------+
; Input Port ; Output Port ; RR    ; RF    ; FR    ; FF    ;
+------------+-------------+-------+-------+-------+-------+
; INPUT[0]   ; OUTPUT[0]   ; 7.424 ;       ;       ; 7.822 ;
; INPUT[0]   ; OUTPUT[8]   ; 7.754 ;       ;       ; 8.234 ;
; INPUT[0]   ; Z           ;       ; 8.100 ; 8.616 ;       ;
; INPUT[1]   ; OUTPUT[0]   ; 7.175 ;       ;       ; 7.545 ;
; INPUT[1]   ; OUTPUT[1]   ; 6.900 ;       ;       ; 7.244 ;
; INPUT[1]   ; OUTPUT[9]   ; 7.350 ;       ;       ; 7.741 ;
; INPUT[1]   ; Z           ;       ; 7.747 ; 8.209 ;       ;
; INPUT[2]   ; OUTPUT[1]   ; 7.120 ;       ;       ; 7.512 ;
; INPUT[2]   ; OUTPUT[2]   ; 7.474 ;       ;       ; 7.946 ;
; INPUT[2]   ; OUTPUT[10]  ; 9.008 ;       ;       ; 9.593 ;
; INPUT[2]   ; Z           ;       ; 7.967 ; 8.477 ;       ;
; INPUT[3]   ; OUTPUT[2]   ; 7.080 ;       ;       ; 7.548 ;
; INPUT[3]   ; OUTPUT[3]   ; 6.120 ;       ;       ; 6.511 ;
; INPUT[3]   ; OUTPUT[11]  ; 7.051 ;       ;       ; 7.449 ;
; INPUT[3]   ; Z           ;       ; 7.875 ; 8.400 ;       ;
; INPUT[4]   ; OUTPUT[3]   ; 6.116 ;       ;       ; 6.463 ;
; INPUT[4]   ; OUTPUT[4]   ; 6.124 ;       ;       ; 6.469 ;
; INPUT[4]   ; OUTPUT[12]  ; 7.046 ;       ;       ; 7.458 ;
; INPUT[4]   ; Z           ;       ; 8.093 ; 8.569 ;       ;
; INPUT[5]   ; OUTPUT[4]   ; 6.638 ;       ;       ; 7.020 ;
; INPUT[5]   ; OUTPUT[5]   ; 7.130 ;       ;       ; 7.562 ;
; INPUT[5]   ; OUTPUT[13]  ; 7.653 ;       ;       ; 8.133 ;
; INPUT[5]   ; Z           ;       ; 8.324 ; 8.839 ;       ;
; INPUT[6]   ; OUTPUT[5]   ; 5.236 ;       ;       ; 5.372 ;
; INPUT[6]   ; OUTPUT[6]   ; 6.580 ;       ;       ; 6.739 ;
; INPUT[6]   ; OUTPUT[14]  ; 5.456 ;       ;       ; 5.606 ;
; INPUT[6]   ; Z           ;       ; 6.430 ; 6.649 ;       ;
; INPUT[7]   ; OUTPUT[6]   ; 6.759 ;       ;       ; 6.899 ;
; INPUT[7]   ; OUTPUT[7]   ; 4.760 ;       ;       ; 4.825 ;
; INPUT[7]   ; OUTPUT[15]  ; 5.653 ;       ;       ; 5.750 ;
; INPUT[7]   ; Z           ;       ; 6.434 ; 6.580 ;       ;
; INPUT[8]   ; OUTPUT[7]   ; 6.578 ;       ;       ; 6.947 ;
; INPUT[8]   ; OUTPUT[8]   ; 7.903 ;       ;       ; 8.354 ;
; INPUT[8]   ; OUTPUT[16]  ; 8.112 ;       ;       ; 8.516 ;
; INPUT[8]   ; Z           ;       ; 8.252 ; 8.702 ;       ;
; INPUT[9]   ; OUTPUT[8]   ; 7.486 ;       ;       ; 7.931 ;
; INPUT[9]   ; OUTPUT[9]   ; 6.857 ;       ;       ; 7.242 ;
; INPUT[9]   ; OUTPUT[17]  ; 6.724 ;       ;       ; 7.119 ;
; INPUT[9]   ; Z           ;       ; 8.280 ; 8.669 ;       ;
; INPUT[10]  ; OUTPUT[9]   ; 7.799 ;       ;       ; 8.217 ;
; INPUT[10]  ; OUTPUT[10]  ; 8.964 ;       ;       ; 9.555 ;
; INPUT[10]  ; OUTPUT[18]  ; 6.771 ;       ;       ; 7.177 ;
; INPUT[10]  ; Z           ;       ; 8.562 ; 9.010 ;       ;
; INPUT[11]  ; OUTPUT[10]  ; 9.012 ;       ;       ; 9.546 ;
; INPUT[11]  ; OUTPUT[11]  ; 7.177 ;       ;       ; 7.586 ;
; INPUT[11]  ; OUTPUT[19]  ; 7.340 ;       ;       ; 7.752 ;
; INPUT[11]  ; Z           ;       ; 8.583 ; 8.987 ;       ;
; INPUT[12]  ; OUTPUT[11]  ; 6.850 ;       ;       ; 7.244 ;
; INPUT[12]  ; OUTPUT[12]  ; 6.673 ;       ;       ; 7.117 ;
; INPUT[12]  ; OUTPUT[20]  ; 6.932 ;       ;       ; 7.361 ;
; INPUT[12]  ; Z           ;       ; 7.991 ; 8.444 ;       ;
; INPUT[13]  ; OUTPUT[12]  ; 7.340 ;       ;       ; 7.786 ;
; INPUT[13]  ; OUTPUT[13]  ; 7.175 ;       ;       ; 7.638 ;
; INPUT[13]  ; OUTPUT[21]  ; 6.994 ;       ;       ; 7.399 ;
; INPUT[13]  ; Z           ;       ; 8.494 ; 8.952 ;       ;
; INPUT[14]  ; OUTPUT[13]  ; 7.433 ;       ;       ; 7.873 ;
; INPUT[14]  ; OUTPUT[14]  ; 6.771 ;       ;       ; 7.164 ;
; INPUT[14]  ; OUTPUT[22]  ; 7.212 ;       ;       ; 7.597 ;
; INPUT[14]  ; Z           ;       ; 8.945 ; 9.371 ;       ;
; INPUT[15]  ; OUTPUT[14]  ; 7.178 ;       ;       ; 7.591 ;
; INPUT[15]  ; OUTPUT[15]  ; 7.154 ;       ;       ; 7.592 ;
; INPUT[15]  ; OUTPUT[23]  ; 7.741 ;       ;       ; 8.124 ;
; INPUT[15]  ; Z           ;       ; 8.629 ; 9.082 ;       ;
; INPUT[16]  ; OUTPUT[15]  ; 7.256 ;       ;       ; 7.663 ;
; INPUT[16]  ; OUTPUT[16]  ; 6.789 ;       ;       ; 7.146 ;
; INPUT[16]  ; OUTPUT[24]  ; 7.074 ;       ;       ; 7.485 ;
; INPUT[16]  ; Z           ;       ; 8.165 ; 8.586 ;       ;
; INPUT[17]  ; OUTPUT[16]  ; 8.208 ;       ;       ; 8.585 ;
; INPUT[17]  ; OUTPUT[17]  ; 6.327 ;       ;       ; 6.700 ;
; INPUT[17]  ; OUTPUT[25]  ; 7.659 ;       ;       ; 8.035 ;
; INPUT[17]  ; Z           ;       ; 9.087 ; 9.520 ;       ;
; INPUT[18]  ; OUTPUT[17]  ; 6.601 ;       ;       ; 6.986 ;
; INPUT[18]  ; OUTPUT[18]  ; 6.315 ;       ;       ; 6.721 ;
; INPUT[18]  ; OUTPUT[26]  ; 6.643 ;       ;       ; 7.040 ;
; INPUT[18]  ; Z           ;       ; 8.106 ; 8.554 ;       ;
; INPUT[19]  ; OUTPUT[18]  ; 7.271 ;       ;       ; 7.663 ;
; INPUT[19]  ; OUTPUT[19]  ; 6.953 ;       ;       ; 7.342 ;
; INPUT[19]  ; OUTPUT[27]  ; 7.095 ;       ;       ; 7.488 ;
; INPUT[19]  ; Z           ;       ; 8.316 ; 8.772 ;       ;
; INPUT[20]  ; OUTPUT[19]  ; 7.111 ;       ;       ; 7.482 ;
; INPUT[20]  ; OUTPUT[20]  ; 7.038 ;       ;       ; 7.468 ;
; INPUT[20]  ; OUTPUT[28]  ; 6.810 ;       ;       ; 7.236 ;
; INPUT[20]  ; Z           ;       ; 8.097 ; 8.551 ;       ;
; INPUT[21]  ; OUTPUT[20]  ; 6.721 ;       ;       ; 7.113 ;
; INPUT[21]  ; OUTPUT[21]  ; 6.059 ;       ;       ; 6.399 ;
; INPUT[21]  ; OUTPUT[29]  ; 7.342 ;       ;       ; 7.659 ;
; INPUT[21]  ; Z           ;       ; 7.559 ; 7.952 ;       ;
; INPUT[22]  ; OUTPUT[21]  ; 6.945 ;       ;       ; 7.310 ;
; INPUT[22]  ; OUTPUT[22]  ; 6.298 ;       ;       ; 6.657 ;
; INPUT[22]  ; OUTPUT[30]  ; 6.709 ;       ;       ; 7.060 ;
; INPUT[22]  ; Z           ;       ; 8.031 ; 8.431 ;       ;
; INPUT[23]  ; N           ; 7.234 ;       ;       ; 7.708 ;
; INPUT[23]  ; OUTPUT[22]  ; 6.605 ;       ;       ; 7.007 ;
; INPUT[23]  ; OUTPUT[23]  ; 6.591 ;       ;       ; 6.954 ;
; INPUT[23]  ; OUTPUT[31]  ; 7.234 ;       ;       ; 7.708 ;
; INPUT[23]  ; Z           ;       ; 7.479 ; 7.912 ;       ;
; INPUT[24]  ; OUTPUT[23]  ; 7.161 ;       ;       ; 7.530 ;
; INPUT[24]  ; OUTPUT[24]  ; 6.938 ;       ;       ; 7.323 ;
; INPUT[24]  ; Z           ;       ; 8.029 ; 8.424 ;       ;
; INPUT[25]  ; OUTPUT[24]  ; 7.539 ;       ;       ; 7.982 ;
; INPUT[25]  ; OUTPUT[25]  ; 6.334 ;       ;       ; 6.691 ;
; INPUT[25]  ; Z           ;       ; 7.762 ; 8.176 ;       ;
; INPUT[26]  ; OUTPUT[25]  ; 7.295 ;       ;       ; 7.687 ;
; INPUT[26]  ; OUTPUT[26]  ; 6.429 ;       ;       ; 6.813 ;
; INPUT[26]  ; Z           ;       ; 8.492 ; 8.958 ;       ;
; INPUT[27]  ; OUTPUT[26]  ; 7.143 ;       ;       ; 7.519 ;
; INPUT[27]  ; OUTPUT[27]  ; 6.895 ;       ;       ; 7.257 ;
; INPUT[27]  ; Z           ;       ; 8.653 ; 9.110 ;       ;
; INPUT[28]  ; OUTPUT[27]  ; 6.827 ;       ;       ; 7.210 ;
; INPUT[28]  ; OUTPUT[28]  ; 6.488 ;       ;       ; 6.871 ;
; INPUT[28]  ; Z           ;       ; 8.585 ; 9.063 ;       ;
; INPUT[29]  ; OUTPUT[28]  ; 7.152 ;       ;       ; 7.554 ;
; INPUT[29]  ; OUTPUT[29]  ; 6.949 ;       ;       ; 7.298 ;
; INPUT[29]  ; Z           ;       ; 8.590 ; 9.044 ;       ;
; INPUT[30]  ; OUTPUT[29]  ; 7.683 ;       ;       ; 8.050 ;
; INPUT[30]  ; OUTPUT[30]  ; 7.119 ;       ;       ; 7.519 ;
; INPUT[30]  ; Z           ;       ; 9.324 ; 9.796 ;       ;
; INPUT[31]  ; N           ; 7.040 ;       ;       ; 7.461 ;
; INPUT[31]  ; OUTPUT[30]  ; 7.015 ;       ;       ; 7.395 ;
; INPUT[31]  ; OUTPUT[31]  ; 7.040 ;       ;       ; 7.461 ;
; INPUT[31]  ; Z           ;       ; 8.493 ; 8.907 ;       ;
; MIR[22]    ; N           ; 7.123 ; 7.142 ; 7.543 ; 7.593 ;
; MIR[22]    ; OUTPUT[0]   ; 7.177 ; 7.166 ; 7.602 ; 7.621 ;
; MIR[22]    ; OUTPUT[1]   ; 6.990 ; 6.979 ; 7.440 ; 7.392 ;
; MIR[22]    ; OUTPUT[2]   ; 7.351 ; 7.511 ; 7.874 ; 7.869 ;
; MIR[22]    ; OUTPUT[3]   ; 6.124 ; 6.095 ; 6.562 ; 6.563 ;
; MIR[22]    ; OUTPUT[4]   ; 6.116 ; 6.088 ; 6.554 ; 6.554 ;
; MIR[22]    ; OUTPUT[5]   ; 6.801 ; 6.856 ; 7.304 ; 7.258 ;
; MIR[22]    ; OUTPUT[6]   ; 8.087 ; 8.132 ; 8.526 ; 8.601 ;
; MIR[22]    ; OUTPUT[7]   ; 6.125 ; 6.094 ; 6.563 ; 6.562 ;
; MIR[22]    ; OUTPUT[8]   ; 7.219 ; 7.256 ; 7.644 ; 7.713 ;
; MIR[22]    ; OUTPUT[9]   ; 6.887 ; 6.873 ; 7.313 ; 7.328 ;
; MIR[22]    ; OUTPUT[10]  ; 8.509 ; 8.654 ; 8.936 ; 9.113 ;
; MIR[22]    ; OUTPUT[11]  ; 6.730 ; 6.718 ; 7.154 ; 7.174 ;
; MIR[22]    ; OUTPUT[12]  ; 6.739 ; 6.840 ; 7.276 ; 7.231 ;
; MIR[22]    ; OUTPUT[13]  ; 6.857 ; 6.875 ; 7.292 ; 7.342 ;
; MIR[22]    ; OUTPUT[14]  ; 6.474 ; 6.455 ; 6.909 ; 6.919 ;
; MIR[22]    ; OUTPUT[15]  ; 6.729 ; 6.717 ; 7.165 ; 7.185 ;
; MIR[22]    ; OUTPUT[16]  ; 6.576 ; 6.535 ; 7.014 ; 7.004 ;
; MIR[22]    ; OUTPUT[17]  ; 6.403 ; 6.395 ; 6.867 ; 6.851 ;
; MIR[22]    ; OUTPUT[18]  ; 6.464 ; 6.428 ; 6.920 ; 6.875 ;
; MIR[22]    ; OUTPUT[19]  ; 6.690 ; 6.635 ; 7.140 ; 7.076 ;
; MIR[22]    ; OUTPUT[20]  ; 6.739 ; 6.721 ; 7.160 ; 7.174 ;
; MIR[22]    ; OUTPUT[21]  ; 6.369 ; 6.313 ; 6.792 ; 6.765 ;
; MIR[22]    ; OUTPUT[22]  ; 6.207 ; 6.170 ; 6.631 ; 6.623 ;
; MIR[22]    ; OUTPUT[23]  ; 6.749 ; 6.728 ; 7.213 ; 7.180 ;
; MIR[22]    ; OUTPUT[24]  ; 6.934 ; 6.962 ; 7.398 ; 7.414 ;
; MIR[22]    ; OUTPUT[25]  ; 6.235 ; 6.191 ; 6.658 ; 6.643 ;
; MIR[22]    ; OUTPUT[26]  ; 6.692 ; 6.672 ; 7.160 ; 7.129 ;
; MIR[22]    ; OUTPUT[27]  ; 6.735 ; 6.715 ; 7.196 ; 7.165 ;
; MIR[22]    ; OUTPUT[28]  ; 6.462 ; 6.422 ; 6.916 ; 6.867 ;
; MIR[22]    ; OUTPUT[29]  ; 6.965 ; 6.929 ; 7.425 ; 7.378 ;
; MIR[22]    ; OUTPUT[30]  ; 7.174 ; 6.567 ; 7.033 ; 7.605 ;
; MIR[22]    ; OUTPUT[31]  ; 7.123 ; 7.142 ; 7.543 ; 7.593 ;
; MIR[22]    ; Z           ; 7.676 ; 7.637 ; 8.128 ; 8.086 ;
; MIR[23]    ; N           ; 7.832 ; 7.832 ; 8.225 ; 8.320 ;
; MIR[23]    ; OUTPUT[0]   ; 7.726 ; 7.701 ; 8.136 ; 8.180 ;
; MIR[23]    ; OUTPUT[1]   ; 7.327 ; 7.287 ; 7.739 ; 7.731 ;
; MIR[23]    ; OUTPUT[2]   ; 7.674 ; 7.736 ; 8.084 ; 8.179 ;
; MIR[23]    ; OUTPUT[3]   ; 6.967 ; 6.924 ; 7.357 ; 7.383 ;
; MIR[23]    ; OUTPUT[4]   ; 6.938 ; 6.922 ; 7.351 ; 7.312 ;
; MIR[23]    ; OUTPUT[5]   ; 7.320 ; 7.318 ; 7.730 ; 7.719 ;
; MIR[23]    ; OUTPUT[6]   ; 8.696 ; 8.743 ; 9.104 ; 9.142 ;
; MIR[23]    ; OUTPUT[7]   ; 6.733 ; 6.704 ; 7.141 ; 7.103 ;
; MIR[23]    ; OUTPUT[8]   ; 7.763 ; 7.861 ; 8.230 ; 8.258 ;
; MIR[23]    ; OUTPUT[9]   ; 7.396 ; 7.394 ; 7.824 ; 7.799 ;
; MIR[23]    ; OUTPUT[10]  ; 9.024 ; 9.230 ; 9.502 ; 9.638 ;
; MIR[23]    ; OUTPUT[11]  ; 7.277 ; 7.326 ; 7.747 ; 7.726 ;
; MIR[23]    ; OUTPUT[12]  ; 7.260 ; 7.266 ; 7.666 ; 7.663 ;
; MIR[23]    ; OUTPUT[13]  ; 7.700 ; 7.779 ; 8.155 ; 8.164 ;
; MIR[23]    ; OUTPUT[14]  ; 7.295 ; 7.288 ; 7.707 ; 7.677 ;
; MIR[23]    ; OUTPUT[15]  ; 7.570 ; 7.617 ; 8.021 ; 8.005 ;
; MIR[23]    ; OUTPUT[16]  ; 7.185 ; 7.146 ; 7.592 ; 7.544 ;
; MIR[23]    ; OUTPUT[17]  ; 6.472 ; 6.465 ; 6.948 ; 6.929 ;
; MIR[23]    ; OUTPUT[18]  ; 6.753 ; 6.812 ; 7.299 ; 7.212 ;
; MIR[23]    ; OUTPUT[19]  ; 6.979 ; 7.019 ; 7.521 ; 7.415 ;
; MIR[23]    ; OUTPUT[20]  ; 7.428 ; 7.471 ; 7.901 ; 7.874 ;
; MIR[23]    ; OUTPUT[21]  ; 7.033 ; 6.989 ; 7.474 ; 7.407 ;
; MIR[23]    ; OUTPUT[22]  ; 6.878 ; 6.853 ; 7.310 ; 7.262 ;
; MIR[23]    ; OUTPUT[23]  ; 6.947 ; 6.925 ; 7.351 ; 7.321 ;
; MIR[23]    ; OUTPUT[24]  ; 7.125 ; 7.152 ; 7.527 ; 7.546 ;
; MIR[23]    ; OUTPUT[25]  ; 6.910 ; 6.878 ; 7.344 ; 7.289 ;
; MIR[23]    ; OUTPUT[26]  ; 6.785 ; 6.759 ; 7.259 ; 7.233 ;
; MIR[23]    ; OUTPUT[27]  ; 6.828 ; 6.802 ; 7.300 ; 7.274 ;
; MIR[23]    ; OUTPUT[28]  ; 6.745 ; 6.748 ; 7.240 ; 7.156 ;
; MIR[23]    ; OUTPUT[29]  ; 7.039 ; 6.997 ; 7.512 ; 7.470 ;
; MIR[23]    ; OUTPUT[30]  ; 7.289 ; 7.640 ; 8.064 ; 7.658 ;
; MIR[23]    ; OUTPUT[31]  ; 7.832 ; 7.832 ; 8.225 ; 8.320 ;
; MIR[23]    ; Z           ; 7.883 ; 7.835 ; 8.279 ; 8.239 ;
+------------+-------------+-------+-------+-------+-------+


----------------------------------------------
; Slow 1200mV 85C Model Metastability Report ;
----------------------------------------------
No synchronizer chains to report.


-------------------------------------
; Slow 1200mV 0C Model Fmax Summary ;
-------------------------------------
No paths to report.


--------------------------------------
; Slow 1200mV 0C Model Setup Summary ;
--------------------------------------
No paths to report.


-------------------------------------
; Slow 1200mV 0C Model Hold Summary ;
-------------------------------------
No paths to report.


-----------------------------------------
; Slow 1200mV 0C Model Recovery Summary ;
-----------------------------------------
No paths to report.


----------------------------------------
; Slow 1200mV 0C Model Removal Summary ;
----------------------------------------
No paths to report.


----------------------------------------------------
; Slow 1200mV 0C Model Minimum Pulse Width Summary ;
----------------------------------------------------
No paths to report.


+--------------------------------------------------------------+
; Propagation Delay                                            ;
+------------+-------------+--------+--------+--------+--------+
; Input Port ; Output Port ; RR     ; RF     ; FR     ; FF     ;
+------------+-------------+--------+--------+--------+--------+
; INPUT[0]   ; OUTPUT[0]   ; 7.118  ;        ;        ; 7.477  ;
; INPUT[0]   ; OUTPUT[8]   ; 7.423  ;        ;        ; 7.790  ;
; INPUT[0]   ; Z           ;        ; 8.241  ; 8.695  ;        ;
; INPUT[1]   ; OUTPUT[0]   ; 6.827  ;        ;        ; 7.146  ;
; INPUT[1]   ; OUTPUT[1]   ; 6.571  ;        ;        ; 6.803  ;
; INPUT[1]   ; OUTPUT[9]   ; 7.057  ;        ;        ; 7.340  ;
; INPUT[1]   ; Z           ;        ; 8.335  ; 8.744  ;        ;
; INPUT[2]   ; OUTPUT[1]   ; 6.816  ;        ;        ; 7.103  ;
; INPUT[2]   ; OUTPUT[2]   ; 7.161  ;        ;        ; 7.493  ;
; INPUT[2]   ; OUTPUT[10]  ; 8.670  ;        ;        ; 9.112  ;
; INPUT[2]   ; Z           ;        ; 8.317  ; 8.749  ;        ;
; INPUT[3]   ; OUTPUT[2]   ; 6.732  ;        ;        ; 7.069  ;
; INPUT[3]   ; OUTPUT[3]   ; 5.867  ;        ;        ; 6.191  ;
; INPUT[3]   ; OUTPUT[11]  ; 6.741  ;        ;        ; 7.025  ;
; INPUT[3]   ; Z           ;        ; 8.038  ; 8.442  ;        ;
; INPUT[4]   ; OUTPUT[3]   ; 5.807  ;        ;        ; 6.089  ;
; INPUT[4]   ; OUTPUT[4]   ; 5.821  ;        ;        ; 6.099  ;
; INPUT[4]   ; OUTPUT[12]  ; 6.697  ;        ;        ; 7.000  ;
; INPUT[4]   ; Z           ;        ; 8.709  ; 9.063  ;        ;
; INPUT[5]   ; OUTPUT[4]   ; 6.348  ;        ;        ; 6.658  ;
; INPUT[5]   ; OUTPUT[5]   ; 6.792  ;        ;        ; 7.113  ;
; INPUT[5]   ; OUTPUT[13]  ; 7.336  ;        ;        ; 7.692  ;
; INPUT[5]   ; Z           ;        ; 9.120  ; 9.525  ;        ;
; INPUT[6]   ; OUTPUT[5]   ; 5.097  ;        ;        ; 5.253  ;
; INPUT[6]   ; OUTPUT[6]   ; 6.491  ;        ;        ; 6.690  ;
; INPUT[6]   ; OUTPUT[14]  ; 5.397  ;        ;        ; 5.572  ;
; INPUT[6]   ; Z           ;        ; 7.736  ; 8.009  ;        ;
; INPUT[7]   ; OUTPUT[6]   ; 6.612  ;        ;        ; 6.783  ;
; INPUT[7]   ; OUTPUT[7]   ; 4.680  ;        ;        ; 4.805  ;
; INPUT[7]   ; OUTPUT[15]  ; 5.494  ;        ;        ; 5.598  ;
; INPUT[7]   ; Z           ;        ; 7.442  ; 7.660  ;        ;
; INPUT[8]   ; OUTPUT[7]   ; 6.266  ;        ;        ; 6.553  ;
; INPUT[8]   ; OUTPUT[8]   ; 7.550  ;        ;        ; 7.841  ;
; INPUT[8]   ; OUTPUT[16]  ; 7.799  ;        ;        ; 8.085  ;
; INPUT[8]   ; Z           ;        ; 9.636  ; 10.077 ;        ;
; INPUT[9]   ; OUTPUT[8]   ; 7.135  ;        ;        ; 7.443  ;
; INPUT[9]   ; OUTPUT[9]   ; 6.543  ;        ;        ; 6.801  ;
; INPUT[9]   ; OUTPUT[17]  ; 6.405  ;        ;        ; 6.698  ;
; INPUT[9]   ; Z           ;        ; 9.834  ; 10.215 ;        ;
; INPUT[10]  ; OUTPUT[9]   ; 7.527  ;        ;        ; 7.808  ;
; INPUT[10]  ; OUTPUT[10]  ; 8.621  ;        ;        ; 9.022  ;
; INPUT[10]  ; OUTPUT[18]  ; 6.449  ;        ;        ; 6.751  ;
; INPUT[10]  ; Z           ;        ; 8.805  ; 9.212  ;        ;
; INPUT[11]  ; OUTPUT[10]  ; 8.641  ;        ;        ; 9.014  ;
; INPUT[11]  ; OUTPUT[11]  ; 6.858  ;        ;        ; 7.118  ;
; INPUT[11]  ; OUTPUT[19]  ; 6.987  ;        ;        ; 7.291  ;
; INPUT[11]  ; Z           ;        ; 8.288  ; 8.651  ;        ;
; INPUT[12]  ; OUTPUT[11]  ; 6.521  ;        ;        ; 6.805  ;
; INPUT[12]  ; OUTPUT[12]  ; 6.391  ;        ;        ; 6.715  ;
; INPUT[12]  ; OUTPUT[20]  ; 6.624  ;        ;        ; 6.959  ;
; INPUT[12]  ; Z           ;        ; 8.403  ; 8.778  ;        ;
; INPUT[13]  ; OUTPUT[12]  ; 7.020  ;        ;        ; 7.344  ;
; INPUT[13]  ; OUTPUT[13]  ; 6.860  ;        ;        ; 7.180  ;
; INPUT[13]  ; OUTPUT[21]  ; 6.749  ;        ;        ; 7.091  ;
; INPUT[13]  ; Z           ;        ; 9.032  ; 9.407  ;        ;
; INPUT[14]  ; OUTPUT[13]  ; 7.093  ;        ;        ; 7.398  ;
; INPUT[14]  ; OUTPUT[14]  ; 6.458  ;        ;        ; 6.732  ;
; INPUT[14]  ; OUTPUT[22]  ; 6.958  ;        ;        ; 7.266  ;
; INPUT[14]  ; Z           ;        ; 8.877  ; 9.231  ;        ;
; INPUT[15]  ; OUTPUT[14]  ; 6.896  ;        ;        ; 7.196  ;
; INPUT[15]  ; OUTPUT[15]  ; 6.836  ;        ;        ; 7.135  ;
; INPUT[15]  ; OUTPUT[23]  ; 7.422  ;        ;        ; 7.675  ;
; INPUT[15]  ; Z           ;        ; 9.235  ; 9.633  ;        ;
; INPUT[16]  ; OUTPUT[15]  ; 6.912  ;        ;        ; 7.214  ;
; INPUT[16]  ; OUTPUT[16]  ; 6.508  ;        ;        ; 6.783  ;
; INPUT[16]  ; OUTPUT[24]  ; 6.742  ;        ;        ; 7.032  ;
; INPUT[16]  ; Z           ;        ; 8.860  ; 9.276  ;        ;
; INPUT[17]  ; OUTPUT[16]  ; 7.885  ;        ;        ; 8.129  ;
; INPUT[17]  ; OUTPUT[17]  ; 6.019  ;        ;        ; 6.292  ;
; INPUT[17]  ; OUTPUT[25]  ; 7.364  ;        ;        ; 7.606  ;
; INPUT[17]  ; Z           ;        ; 9.722  ; 10.121 ;        ;
; INPUT[18]  ; OUTPUT[17]  ; 6.271  ;        ;        ; 6.566  ;
; INPUT[18]  ; OUTPUT[18]  ; 6.054  ;        ;        ; 6.349  ;
; INPUT[18]  ; OUTPUT[26]  ; 6.323  ;        ;        ; 6.644  ;
; INPUT[18]  ; Z           ;        ; 9.700  ; 10.083 ;        ;
; INPUT[19]  ; OUTPUT[18]  ; 6.928  ;        ;        ; 7.191  ;
; INPUT[19]  ; OUTPUT[19]  ; 6.671  ;        ;        ; 6.924  ;
; INPUT[19]  ; OUTPUT[27]  ; 6.763  ;        ;        ; 7.054  ;
; INPUT[19]  ; Z           ;        ; 8.591  ; 8.925  ;        ;
; INPUT[20]  ; OUTPUT[19]  ; 6.772  ;        ;        ; 7.030  ;
; INPUT[20]  ; OUTPUT[20]  ; 6.713  ;        ;        ; 7.004  ;
; INPUT[20]  ; OUTPUT[28]  ; 6.544  ;        ;        ; 6.902  ;
; INPUT[20]  ; Z           ;        ; 8.633  ; 9.130  ;        ;
; INPUT[21]  ; OUTPUT[20]  ; 6.383  ;        ;        ; 6.679  ;
; INPUT[21]  ; OUTPUT[21]  ; 5.758  ;        ;        ; 6.034  ;
; INPUT[21]  ; OUTPUT[29]  ; 7.010  ;        ;        ; 7.215  ;
; INPUT[21]  ; Z           ;        ; 8.565  ; 8.972  ;        ;
; INPUT[22]  ; OUTPUT[21]  ; 6.671  ;        ;        ; 6.963  ;
; INPUT[22]  ; OUTPUT[22]  ; 6.005  ;        ;        ; 6.275  ;
; INPUT[22]  ; OUTPUT[30]  ; 6.400  ;        ;        ; 6.640  ;
; INPUT[22]  ; Z           ;        ; 8.848  ; 9.171  ;        ;
; INPUT[23]  ; N           ; 6.935  ;        ;        ; 7.281  ;
; INPUT[23]  ; OUTPUT[22]  ; 6.335  ;        ;        ; 6.668  ;
; INPUT[23]  ; OUTPUT[23]  ; 6.272  ;        ;        ; 6.537  ;
; INPUT[23]  ; OUTPUT[31]  ; 6.935  ;        ;        ; 7.281  ;
; INPUT[23]  ; Z           ;        ; 8.261  ; 8.702  ;        ;
; INPUT[24]  ; OUTPUT[23]  ; 6.830  ;        ;        ; 7.087  ;
; INPUT[24]  ; OUTPUT[24]  ; 6.624  ;        ;        ; 6.885  ;
; INPUT[24]  ; Z           ;        ; 7.619  ; 8.032  ;        ;
; INPUT[25]  ; OUTPUT[24]  ; 7.217  ;        ;        ; 7.517  ;
; INPUT[25]  ; OUTPUT[25]  ; 6.029  ;        ;        ; 6.288  ;
; INPUT[25]  ; Z           ;        ; 8.198  ; 8.591  ;        ;
; INPUT[26]  ; OUTPUT[25]  ; 7.014  ;        ;        ; 7.282  ;
; INPUT[26]  ; OUTPUT[26]  ; 6.125  ;        ;        ; 6.410  ;
; INPUT[26]  ; Z           ;        ; 8.319  ; 8.717  ;        ;
; INPUT[27]  ; OUTPUT[26]  ; 6.810  ;        ;        ; 7.064  ;
; INPUT[27]  ; OUTPUT[27]  ; 6.576  ;        ;        ; 6.818  ;
; INPUT[27]  ; Z           ;        ; 8.767  ; 9.180  ;        ;
; INPUT[28]  ; OUTPUT[27]  ; 6.501  ;        ;        ; 6.792  ;
; INPUT[28]  ; OUTPUT[28]  ; 6.177  ;        ;        ; 6.479  ;
; INPUT[28]  ; Z           ;        ; 8.266  ; 8.707  ;        ;
; INPUT[29]  ; OUTPUT[28]  ; 6.865  ;        ;        ; 7.185  ;
; INPUT[29]  ; OUTPUT[29]  ; 6.621  ;        ;        ; 6.868  ;
; INPUT[29]  ; Z           ;        ; 8.954  ; 9.413  ;        ;
; INPUT[30]  ; OUTPUT[29]  ; 7.371  ;        ;        ; 7.626  ;
; INPUT[30]  ; OUTPUT[30]  ; 6.872  ;        ;        ; 7.191  ;
; INPUT[30]  ; Z           ;        ; 9.320  ; 9.722  ;        ;
; INPUT[31]  ; N           ; 6.714  ;        ;        ; 7.002  ;
; INPUT[31]  ; OUTPUT[30]  ; 6.735  ;        ;        ; 7.020  ;
; INPUT[31]  ; OUTPUT[31]  ; 6.714  ;        ;        ; 7.002  ;
; INPUT[31]  ; Z           ;        ; 9.183  ; 9.551  ;        ;
; MIR[22]    ; N           ; 6.779  ; 6.730  ; 7.143  ; 7.123  ;
; MIR[22]    ; OUTPUT[0]   ; 6.806  ; 6.803  ; 7.192  ; 7.220  ;
; MIR[22]    ; OUTPUT[1]   ; 6.671  ; 6.568  ; 7.035  ; 7.017  ;
; MIR[22]    ; OUTPUT[2]   ; 6.997  ; 7.036  ; 7.441  ; 7.415  ;
; MIR[22]    ; OUTPUT[3]   ; 5.793  ; 5.759  ; 6.189  ; 6.186  ;
; MIR[22]    ; OUTPUT[4]   ; 5.795  ; 5.759  ; 6.186  ; 6.181  ;
; MIR[22]    ; OUTPUT[5]   ; 6.484  ; 6.454  ; 6.896  ; 6.886  ;
; MIR[22]    ; OUTPUT[6]   ; 7.740  ; 7.748  ; 8.136  ; 8.175  ;
; MIR[22]    ; OUTPUT[7]   ; 5.796  ; 5.752  ; 6.192  ; 6.179  ;
; MIR[22]    ; OUTPUT[8]   ; 7.124  ; 7.101  ; 7.519  ; 7.523  ;
; MIR[22]    ; OUTPUT[9]   ; 7.037  ; 6.999  ; 7.424  ; 7.417  ;
; MIR[22]    ; OUTPUT[10]  ; 8.405  ; 8.468  ; 8.800  ; 8.890  ;
; MIR[22]    ; OUTPUT[11]  ; 6.753  ; 6.756  ; 7.196  ; 7.095  ;
; MIR[22]    ; OUTPUT[12]  ; 6.685  ; 6.674  ; 7.078  ; 7.098  ;
; MIR[22]    ; OUTPUT[13]  ; 6.778  ; 6.745  ; 7.169  ; 7.163  ;
; MIR[22]    ; OUTPUT[14]  ; 6.655  ; 6.630  ; 7.050  ; 7.052  ;
; MIR[22]    ; OUTPUT[15]  ; 6.649  ; 6.596  ; 7.039  ; 7.016  ;
; MIR[22]    ; OUTPUT[16]  ; 7.968  ; 7.951  ; 8.399  ; 8.250  ;
; MIR[22]    ; OUTPUT[17]  ; 6.419  ; 6.362  ; 6.808  ; 6.743  ;
; MIR[22]    ; OUTPUT[18]  ; 6.681  ; 6.614  ; 7.069  ; 6.994  ;
; MIR[22]    ; OUTPUT[19]  ; 6.926  ; 6.842  ; 7.305  ; 7.213  ;
; MIR[22]    ; OUTPUT[20]  ; 6.690  ; 6.636  ; 7.054  ; 7.027  ;
; MIR[22]    ; OUTPUT[21]  ; 6.562  ; 6.528  ; 6.930  ; 6.923  ;
; MIR[22]    ; OUTPUT[22]  ; 6.492  ; 6.539  ; 6.926  ; 6.869  ;
; MIR[22]    ; OUTPUT[23]  ; 6.797  ; 6.803  ; 7.231  ; 7.133  ;
; MIR[22]    ; OUTPUT[24]  ; 6.888  ; 6.856  ; 7.248  ; 7.247  ;
; MIR[22]    ; OUTPUT[25]  ; 7.283  ; 7.194  ; 7.659  ; 7.589  ;
; MIR[22]    ; OUTPUT[26]  ; 6.446  ; 6.371  ; 6.830  ; 6.747  ;
; MIR[22]    ; OUTPUT[27]  ; 6.489  ; 6.408  ; 6.870  ; 6.781  ;
; MIR[22]    ; OUTPUT[28]  ; 6.657  ; 6.627  ; 7.042  ; 7.004  ;
; MIR[22]    ; OUTPUT[29]  ; 7.412  ; 7.271  ; 7.796  ; 7.702  ;
; MIR[22]    ; OUTPUT[30]  ; 6.901  ; 6.905  ; 7.323  ; 7.262  ;
; MIR[22]    ; OUTPUT[31]  ; 6.779  ; 6.730  ; 7.143  ; 7.123  ;
; MIR[22]    ; Z           ; 9.943  ; 9.848  ; 10.260 ; 10.237 ;
; MIR[23]    ; N           ; 7.427  ; 7.366  ; 7.779  ; 7.803  ;
; MIR[23]    ; OUTPUT[0]   ; 7.326  ; 7.382  ; 7.739  ; 7.730  ;
; MIR[23]    ; OUTPUT[1]   ; 6.956  ; 6.867  ; 7.316  ; 7.254  ;
; MIR[23]    ; OUTPUT[2]   ; 7.284  ; 7.266  ; 7.640  ; 7.650  ;
; MIR[23]    ; OUTPUT[3]   ; 6.592  ; 6.617  ; 6.986  ; 6.946  ;
; MIR[23]    ; OUTPUT[4]   ; 6.575  ; 6.608  ; 6.975  ; 6.881  ;
; MIR[23]    ; OUTPUT[5]   ; 6.942  ; 6.895  ; 7.297  ; 7.242  ;
; MIR[23]    ; OUTPUT[6]   ; 8.319  ; 8.331  ; 8.672  ; 8.676  ;
; MIR[23]    ; OUTPUT[7]   ; 6.375  ; 6.335  ; 6.727  ; 6.679  ;
; MIR[23]    ; OUTPUT[8]   ; 7.646  ; 7.625  ; 8.001  ; 8.027  ;
; MIR[23]    ; OUTPUT[9]   ; 7.538  ; 7.570  ; 7.958  ; 7.886  ;
; MIR[23]    ; OUTPUT[10]  ; 8.922  ; 8.987  ; 9.271  ; 9.383  ;
; MIR[23]    ; OUTPUT[11]  ; 7.068  ; 7.001  ; 7.424  ; 7.388  ;
; MIR[23]    ; OUTPUT[12]  ; 7.465  ; 7.524  ; 7.866  ; 7.821  ;
; MIR[23]    ; OUTPUT[13]  ; 7.587  ; 7.556  ; 7.925  ; 7.941  ;
; MIR[23]    ; OUTPUT[14]  ; 7.466  ; 7.443  ; 7.806  ; 7.830  ;
; MIR[23]    ; OUTPUT[15]  ; 7.228  ; 7.183  ; 7.573  ; 7.514  ;
; MIR[23]    ; OUTPUT[16]  ; 8.040  ; 7.948  ; 8.452  ; 8.371  ;
; MIR[23]    ; OUTPUT[17]  ; 6.687  ; 6.625  ; 7.099  ; 7.074  ;
; MIR[23]    ; OUTPUT[18]  ; 6.940  ; 6.868  ; 7.350  ; 7.315  ;
; MIR[23]    ; OUTPUT[19]  ; 7.174  ; 7.085  ; 7.581  ; 7.529  ;
; MIR[23]    ; OUTPUT[20]  ; 7.330  ; 7.278  ; 7.710  ; 7.705  ;
; MIR[23]    ; OUTPUT[21]  ; 7.211  ; 7.179  ; 7.582  ; 7.597  ;
; MIR[23]    ; OUTPUT[22]  ; 6.932  ; 6.909  ; 7.300  ; 7.308  ;
; MIR[23]    ; OUTPUT[23]  ; 7.236  ; 7.172  ; 7.597  ; 7.564  ;
; MIR[23]    ; OUTPUT[24]  ; 7.504  ; 7.542  ; 7.930  ; 7.864  ;
; MIR[23]    ; OUTPUT[25]  ; 7.077  ; 6.989  ; 7.502  ; 7.406  ;
; MIR[23]    ; OUTPUT[26]  ; 6.695  ; 6.622  ; 7.113  ; 7.087  ;
; MIR[23]    ; OUTPUT[27]  ; 6.733  ; 6.654  ; 7.151  ; 7.119  ;
; MIR[23]    ; OUTPUT[28]  ; 6.921  ; 6.893  ; 7.340  ; 7.359  ;
; MIR[23]    ; OUTPUT[29]  ; 7.820  ; 7.677  ; 8.201  ; 8.085  ;
; MIR[23]    ; OUTPUT[30]  ; 7.322  ; 7.269  ; 7.681  ; 7.656  ;
; MIR[23]    ; OUTPUT[31]  ; 7.427  ; 7.366  ; 7.779  ; 7.803  ;
; MIR[23]    ; Z           ; 10.142 ; 10.116 ; 10.591 ; 10.528 ;
+------------+-------------+--------+--------+--------+--------+


+----------------------------------------------------------+
; Minimum Propagation Delay                                ;
+------------+-------------+-------+-------+-------+-------+
; Input Port ; Output Port ; RR    ; RF    ; FR    ; FF    ;
+------------+-------------+-------+-------+-------+-------+
; INPUT[0]   ; OUTPUT[0]   ; 6.883 ;       ;       ; 7.231 ;
; INPUT[0]   ; OUTPUT[8]   ; 7.188 ;       ;       ; 7.538 ;
; INPUT[0]   ; Z           ;       ; 7.465 ; 7.919 ;       ;
; INPUT[1]   ; OUTPUT[0]   ; 6.657 ;       ;       ; 6.968 ;
; INPUT[1]   ; OUTPUT[1]   ; 6.414 ;       ;       ; 6.643 ;
; INPUT[1]   ; OUTPUT[9]   ; 6.823 ;       ;       ; 7.082 ;
; INPUT[1]   ; Z           ;       ; 7.147 ; 7.538 ;       ;
; INPUT[2]   ; OUTPUT[1]   ; 6.606 ;       ;       ; 6.879 ;
; INPUT[2]   ; OUTPUT[2]   ; 6.925 ;       ;       ; 7.247 ;
; INPUT[2]   ; OUTPUT[10]  ; 8.434 ;       ;       ; 8.859 ;
; INPUT[2]   ; Z           ;       ; 7.339 ; 7.774 ;       ;
; INPUT[3]   ; OUTPUT[2]   ; 6.565 ;       ;       ; 6.895 ;
; INPUT[3]   ; OUTPUT[3]   ; 5.680 ;       ;       ; 5.996 ;
; INPUT[3]   ; OUTPUT[11]  ; 6.539 ;       ;       ; 6.816 ;
; INPUT[3]   ; Z           ;       ; 7.256 ; 7.703 ;       ;
; INPUT[4]   ; OUTPUT[3]   ; 5.678 ;       ;       ; 5.954 ;
; INPUT[4]   ; OUTPUT[4]   ; 5.691 ;       ;       ; 5.964 ;
; INPUT[4]   ; OUTPUT[12]  ; 6.529 ;       ;       ; 6.826 ;
; INPUT[4]   ; Z           ;       ; 7.475 ; 7.872 ;       ;
; INPUT[5]   ; OUTPUT[4]   ; 6.165 ;       ;       ; 6.466 ;
; INPUT[5]   ; OUTPUT[5]   ; 6.625 ;       ;       ; 6.938 ;
; INPUT[5]   ; OUTPUT[13]  ; 7.100 ;       ;       ; 7.441 ;
; INPUT[5]   ; Z           ;       ; 7.685 ; 8.137 ;       ;
; INPUT[6]   ; OUTPUT[5]   ; 4.993 ;       ;       ; 5.136 ;
; INPUT[6]   ; OUTPUT[6]   ; 6.333 ;       ;       ; 6.513 ;
; INPUT[6]   ; OUTPUT[14]  ; 5.186 ;       ;       ; 5.334 ;
; INPUT[6]   ; Z           ;       ; 6.053 ; 6.335 ;       ;
; INPUT[7]   ; OUTPUT[6]   ; 6.488 ;       ;       ; 6.653 ;
; INPUT[7]   ; OUTPUT[7]   ; 4.541 ;       ;       ; 4.651 ;
; INPUT[7]   ; OUTPUT[15]  ; 5.368 ;       ;       ; 5.473 ;
; INPUT[7]   ; Z           ;       ; 6.054 ; 6.267 ;       ;
; INPUT[8]   ; OUTPUT[7]   ; 6.105 ;       ;       ; 6.380 ;
; INPUT[8]   ; OUTPUT[8]   ; 7.329 ;       ;       ; 7.631 ;
; INPUT[8]   ; OUTPUT[16]  ; 7.529 ;       ;       ; 7.807 ;
; INPUT[8]   ; Z           ;       ; 7.618 ; 7.996 ;       ;
; INPUT[9]   ; OUTPUT[8]   ; 6.952 ;       ;       ; 7.256 ;
; INPUT[9]   ; OUTPUT[9]   ; 6.384 ;       ;       ; 6.639 ;
; INPUT[9]   ; OUTPUT[17]  ; 6.247 ;       ;       ; 6.535 ;
; INPUT[9]   ; Z           ;       ; 7.607 ; 7.982 ;       ;
; INPUT[10]  ; OUTPUT[9]   ; 7.241 ;       ;       ; 7.497 ;
; INPUT[10]  ; OUTPUT[10]  ; 8.406 ;       ;       ; 8.817 ;
; INPUT[10]  ; OUTPUT[18]  ; 6.290 ;       ;       ; 6.587 ;
; INPUT[10]  ; Z           ;       ; 7.887 ; 8.252 ;       ;
; INPUT[11]  ; OUTPUT[10]  ; 8.447 ;       ;       ; 8.817 ;
; INPUT[11]  ; OUTPUT[11]  ; 6.661 ;       ;       ; 6.933 ;
; INPUT[11]  ; OUTPUT[19]  ; 6.806 ;       ;       ; 7.104 ;
; INPUT[11]  ; Z           ;       ; 7.876 ; 8.264 ;       ;
; INPUT[12]  ; OUTPUT[11]  ; 6.359 ;       ;       ; 6.640 ;
; INPUT[12]  ; OUTPUT[12]  ; 6.180 ;       ;       ; 6.518 ;
; INPUT[12]  ; OUTPUT[20]  ; 6.414 ;       ;       ; 6.737 ;
; INPUT[12]  ; Z           ;       ; 7.353 ; 7.747 ;       ;
; INPUT[13]  ; OUTPUT[12]  ; 6.805 ;       ;       ; 7.122 ;
; INPUT[13]  ; OUTPUT[13]  ; 6.663 ;       ;       ; 6.993 ;
; INPUT[13]  ; OUTPUT[21]  ; 6.482 ;       ;       ; 6.789 ;
; INPUT[13]  ; Z           ;       ; 7.821 ; 8.220 ;       ;
; INPUT[14]  ; OUTPUT[13]  ; 6.909 ;       ;       ; 7.211 ;
; INPUT[14]  ; OUTPUT[14]  ; 6.300 ;       ;       ; 6.570 ;
; INPUT[14]  ; OUTPUT[22]  ; 6.693 ;       ;       ; 6.975 ;
; INPUT[14]  ; Z           ;       ; 8.233 ; 8.601 ;       ;
; INPUT[15]  ; OUTPUT[14]  ; 6.664 ;       ;       ; 6.939 ;
; INPUT[15]  ; OUTPUT[15]  ; 6.645 ;       ;       ; 6.954 ;
; INPUT[15]  ; OUTPUT[23]  ; 7.192 ;       ;       ; 7.440 ;
; INPUT[15]  ; Z           ;       ; 7.949 ; 8.348 ;       ;
; INPUT[16]  ; OUTPUT[15]  ; 6.729 ;       ;       ; 7.019 ;
; INPUT[16]  ; OUTPUT[16]  ; 6.309 ;       ;       ; 6.560 ;
; INPUT[16]  ; OUTPUT[24]  ; 6.576 ;       ;       ; 6.862 ;
; INPUT[16]  ; Z           ;       ; 7.514 ; 7.890 ;       ;
; INPUT[17]  ; OUTPUT[16]  ; 7.613 ;       ;       ; 7.852 ;
; INPUT[17]  ; OUTPUT[17]  ; 5.880 ;       ;       ; 6.149 ;
; INPUT[17]  ; OUTPUT[25]  ; 7.116 ;       ;       ; 7.330 ;
; INPUT[17]  ; Z           ;       ; 8.367 ; 8.708 ;       ;
; INPUT[18]  ; OUTPUT[17]  ; 6.117 ;       ;       ; 6.404 ;
; INPUT[18]  ; OUTPUT[18]  ; 5.857 ;       ;       ; 6.167 ;
; INPUT[18]  ; OUTPUT[26]  ; 6.159 ;       ;       ; 6.464 ;
; INPUT[18]  ; Z           ;       ; 7.454 ; 7.832 ;       ;
; INPUT[19]  ; OUTPUT[18]  ; 6.748 ;       ;       ; 7.006 ;
; INPUT[19]  ; OUTPUT[19]  ; 6.450 ;       ;       ; 6.720 ;
; INPUT[19]  ; OUTPUT[27]  ; 6.584 ;       ;       ; 6.857 ;
; INPUT[19]  ; Z           ;       ; 7.657 ; 8.023 ;       ;
; INPUT[20]  ; OUTPUT[19]  ; 6.598 ;       ;       ; 6.850 ;
; INPUT[20]  ; OUTPUT[20]  ; 6.521 ;       ;       ; 6.824 ;
; INPUT[20]  ; OUTPUT[28]  ; 6.317 ;       ;       ; 6.634 ;
; INPUT[20]  ; Z           ;       ; 7.460 ; 7.834 ;       ;
; INPUT[21]  ; OUTPUT[20]  ; 6.226 ;       ;       ; 6.520 ;
; INPUT[21]  ; OUTPUT[21]  ; 5.629 ;       ;       ; 5.901 ;
; INPUT[21]  ; OUTPUT[29]  ; 6.831 ;       ;       ; 7.035 ;
; INPUT[21]  ; Z           ;       ; 6.968 ; 7.332 ;       ;
; INPUT[22]  ; OUTPUT[21]  ; 6.449 ;       ;       ; 6.717 ;
; INPUT[22]  ; OUTPUT[22]  ; 5.865 ;       ;       ; 6.131 ;
; INPUT[22]  ; OUTPUT[30]  ; 6.245 ;       ;       ; 6.482 ;
; INPUT[22]  ; Z           ;       ; 7.405 ; 7.757 ;       ;
; INPUT[23]  ; N           ; 6.716 ;       ;       ; 7.047 ;
; INPUT[23]  ; OUTPUT[22]  ; 6.125 ;       ;       ; 6.434 ;
; INPUT[23]  ; OUTPUT[23]  ; 6.122 ;       ;       ; 6.383 ;
; INPUT[23]  ; OUTPUT[31]  ; 6.716 ;       ;       ; 7.047 ;
; INPUT[23]  ; Z           ;       ; 6.879 ; 7.291 ;       ;
; INPUT[24]  ; OUTPUT[23]  ; 6.654 ;       ;       ; 6.909 ;
; INPUT[24]  ; OUTPUT[24]  ; 6.463 ;       ;       ; 6.720 ;
; INPUT[24]  ; Z           ;       ; 7.401 ; 7.748 ;       ;
; INPUT[25]  ; OUTPUT[24]  ; 6.999 ;       ;       ; 7.292 ;
; INPUT[25]  ; OUTPUT[25]  ; 5.889 ;       ;       ; 6.144 ;
; INPUT[25]  ; Z           ;       ; 7.140 ; 7.522 ;       ;
; INPUT[26]  ; OUTPUT[25]  ; 6.780 ;       ;       ; 7.023 ;
; INPUT[26]  ; OUTPUT[26]  ; 5.981 ;       ;       ; 6.260 ;
; INPUT[26]  ; Z           ;       ; 7.791 ; 8.236 ;       ;
; INPUT[27]  ; OUTPUT[26]  ; 6.638 ;       ;       ; 6.889 ;
; INPUT[27]  ; OUTPUT[27]  ; 6.414 ;       ;       ; 6.652 ;
; INPUT[27]  ; Z           ;       ; 7.946 ; 8.374 ;       ;
; INPUT[28]  ; OUTPUT[27]  ; 6.342 ;       ;       ; 6.627 ;
; INPUT[28]  ; OUTPUT[28]  ; 6.029 ;       ;       ; 6.325 ;
; INPUT[28]  ; Z           ;       ; 7.874 ; 8.349 ;       ;
; INPUT[29]  ; OUTPUT[28]  ; 6.635 ;       ;       ; 6.929 ;
; INPUT[29]  ; OUTPUT[29]  ; 6.459 ;       ;       ; 6.700 ;
; INPUT[29]  ; Z           ;       ; 7.881 ; 8.333 ;       ;
; INPUT[30]  ; OUTPUT[29]  ; 7.134 ;       ;       ; 7.378 ;
; INPUT[30]  ; OUTPUT[30]  ; 6.591 ;       ;       ; 6.880 ;
; INPUT[30]  ; Z           ;       ; 8.556 ; 9.011 ;       ;
; INPUT[31]  ; N           ; 6.549 ;       ;       ; 6.831 ;
; INPUT[31]  ; OUTPUT[30]  ; 6.513 ;       ;       ; 6.772 ;
; INPUT[31]  ; OUTPUT[31]  ; 6.549 ;       ;       ; 6.831 ;
; INPUT[31]  ; Z           ;       ; 7.818 ; 8.192 ;       ;
; MIR[22]    ; N           ; 6.610 ; 6.562 ; 6.966 ; 6.946 ;
; MIR[22]    ; OUTPUT[0]   ; 6.632 ; 6.630 ; 7.012 ; 7.037 ;
; MIR[22]    ; OUTPUT[1]   ; 6.467 ; 6.409 ; 6.864 ; 6.771 ;
; MIR[22]    ; OUTPUT[2]   ; 6.788 ; 6.856 ; 7.252 ; 7.172 ;
; MIR[22]    ; OUTPUT[3]   ; 5.660 ; 5.628 ; 6.049 ; 6.044 ;
; MIR[22]    ; OUTPUT[4]   ; 5.661 ; 5.628 ; 6.046 ; 6.039 ;
; MIR[22]    ; OUTPUT[5]   ; 6.288 ; 6.299 ; 6.731 ; 6.645 ;
; MIR[22]    ; OUTPUT[6]   ; 7.578 ; 7.591 ; 7.967 ; 8.007 ;
; MIR[22]    ; OUTPUT[7]   ; 5.662 ; 5.621 ; 6.051 ; 6.037 ;
; MIR[22]    ; OUTPUT[8]   ; 6.672 ; 6.648 ; 7.054 ; 7.059 ;
; MIR[22]    ; OUTPUT[9]   ; 6.375 ; 6.303 ; 6.759 ; 6.714 ;
; MIR[22]    ; OUTPUT[10]  ; 7.955 ; 8.017 ; 8.339 ; 8.430 ;
; MIR[22]    ; OUTPUT[11]  ; 6.225 ; 6.160 ; 6.607 ; 6.571 ;
; MIR[22]    ; OUTPUT[12]  ; 6.223 ; 6.274 ; 6.694 ; 6.614 ;
; MIR[22]    ; OUTPUT[13]  ; 6.346 ; 6.313 ; 6.729 ; 6.725 ;
; MIR[22]    ; OUTPUT[14]  ; 5.995 ; 5.933 ; 6.374 ; 6.339 ;
; MIR[22]    ; OUTPUT[15]  ; 6.225 ; 6.174 ; 6.611 ; 6.589 ;
; MIR[22]    ; OUTPUT[16]  ; 6.088 ; 6.016 ; 6.477 ; 6.433 ;
; MIR[22]    ; OUTPUT[17]  ; 5.951 ; 5.923 ; 6.328 ; 6.291 ;
; MIR[22]    ; OUTPUT[18]  ; 6.013 ; 5.946 ; 6.388 ; 6.315 ;
; MIR[22]    ; OUTPUT[19]  ; 6.220 ; 6.132 ; 6.591 ; 6.497 ;
; MIR[22]    ; OUTPUT[20]  ; 6.238 ; 6.185 ; 6.593 ; 6.569 ;
; MIR[22]    ; OUTPUT[21]  ; 5.905 ; 5.835 ; 6.266 ; 6.223 ;
; MIR[22]    ; OUTPUT[22]  ; 5.762 ; 5.704 ; 6.121 ; 6.090 ;
; MIR[22]    ; OUTPUT[23]  ; 6.257 ; 6.200 ; 6.645 ; 6.575 ;
; MIR[22]    ; OUTPUT[24]  ; 6.434 ; 6.407 ; 6.825 ; 6.785 ;
; MIR[22]    ; OUTPUT[25]  ; 5.786 ; 5.723 ; 6.145 ; 6.109 ;
; MIR[22]    ; OUTPUT[26]  ; 6.221 ; 6.180 ; 6.606 ; 6.550 ;
; MIR[22]    ; OUTPUT[27]  ; 6.264 ; 6.215 ; 6.642 ; 6.578 ;
; MIR[22]    ; OUTPUT[28]  ; 6.016 ; 5.949 ; 6.390 ; 6.317 ;
; MIR[22]    ; OUTPUT[29]  ; 6.474 ; 6.405 ; 6.853 ; 6.769 ;
; MIR[22]    ; OUTPUT[30]  ; 6.641 ; 6.052 ; 6.493 ; 6.949 ;
; MIR[22]    ; OUTPUT[31]  ; 6.610 ; 6.562 ; 6.966 ; 6.946 ;
; MIR[22]    ; Z           ; 7.101 ; 7.014 ; 7.483 ; 7.396 ;
; MIR[23]    ; N           ; 7.234 ; 7.174 ; 7.578 ; 7.600 ;
; MIR[23]    ; OUTPUT[0]   ; 7.135 ; 7.127 ; 7.478 ; 7.527 ;
; MIR[23]    ; OUTPUT[1]   ; 6.782 ; 6.694 ; 7.133 ; 7.074 ;
; MIR[23]    ; OUTPUT[2]   ; 7.095 ; 7.074 ; 7.443 ; 7.452 ;
; MIR[23]    ; OUTPUT[3]   ; 6.431 ; 6.393 ; 6.755 ; 6.774 ;
; MIR[23]    ; OUTPUT[4]   ; 6.414 ; 6.394 ; 6.753 ; 6.713 ;
; MIR[23]    ; OUTPUT[5]   ; 6.769 ; 6.723 ; 7.116 ; 7.064 ;
; MIR[23]    ; OUTPUT[6]   ; 8.137 ; 8.152 ; 8.482 ; 8.491 ;
; MIR[23]    ; OUTPUT[7]   ; 6.221 ; 6.182 ; 6.565 ; 6.520 ;
; MIR[23]    ; OUTPUT[8]   ; 7.166 ; 7.199 ; 7.568 ; 7.538 ;
; MIR[23]    ; OUTPUT[9]   ; 6.852 ; 6.793 ; 7.203 ; 7.124 ;
; MIR[23]    ; OUTPUT[10]  ; 8.442 ; 8.561 ; 8.833 ; 8.889 ;
; MIR[23]    ; OUTPUT[11]  ; 6.721 ; 6.713 ; 7.124 ; 7.053 ;
; MIR[23]    ; OUTPUT[12]  ; 6.704 ; 6.669 ; 7.048 ; 7.007 ;
; MIR[23]    ; OUTPUT[13]  ; 7.114 ; 7.138 ; 7.496 ; 7.457 ;
; MIR[23]    ; OUTPUT[14]  ; 6.745 ; 6.696 ; 7.081 ; 7.012 ;
; MIR[23]    ; OUTPUT[15]  ; 6.993 ; 6.994 ; 7.377 ; 7.320 ;
; MIR[23]    ; OUTPUT[16]  ; 6.647 ; 6.577 ; 6.991 ; 6.915 ;
; MIR[23]    ; OUTPUT[17]  ; 5.964 ; 5.938 ; 6.392 ; 6.353 ;
; MIR[23]    ; OUTPUT[18]  ; 6.225 ; 6.244 ; 6.720 ; 6.608 ;
; MIR[23]    ; OUTPUT[19]  ; 6.433 ; 6.431 ; 6.923 ; 6.790 ;
; MIR[23]    ; OUTPUT[20]  ; 6.849 ; 6.853 ; 7.257 ; 7.198 ;
; MIR[23]    ; OUTPUT[21]  ; 6.500 ; 6.443 ; 6.876 ; 6.799 ;
; MIR[23]    ; OUTPUT[22]  ; 6.356 ; 6.311 ; 6.730 ; 6.665 ;
; MIR[23]    ; OUTPUT[23]  ; 6.449 ; 6.390 ; 6.774 ; 6.706 ;
; MIR[23]    ; OUTPUT[24]  ; 6.622 ; 6.593 ; 6.945 ; 6.907 ;
; MIR[23]    ; OUTPUT[25]  ; 6.385 ; 6.335 ; 6.759 ; 6.689 ;
; MIR[23]    ; OUTPUT[26]  ; 6.257 ; 6.213 ; 6.688 ; 6.637 ;
; MIR[23]    ; OUTPUT[27]  ; 6.299 ; 6.247 ; 6.729 ; 6.670 ;
; MIR[23]    ; OUTPUT[28]  ; 6.224 ; 6.199 ; 6.670 ; 6.563 ;
; MIR[23]    ; OUTPUT[29]  ; 6.492 ; 6.420 ; 6.922 ; 6.843 ;
; MIR[23]    ; OUTPUT[30]  ; 6.736 ; 7.002 ; 7.428 ; 7.009 ;
; MIR[23]    ; OUTPUT[31]  ; 7.234 ; 7.174 ; 7.578 ; 7.600 ;
; MIR[23]    ; Z           ; 7.298 ; 7.206 ; 7.614 ; 7.531 ;
+------------+-------------+-------+-------+-------+-------+


---------------------------------------------
; Slow 1200mV 0C Model Metastability Report ;
---------------------------------------------
No synchronizer chains to report.


--------------------------------------
; Fast 1200mV 0C Model Setup Summary ;
--------------------------------------
No paths to report.


-------------------------------------
; Fast 1200mV 0C Model Hold Summary ;
-------------------------------------
No paths to report.


-----------------------------------------
; Fast 1200mV 0C Model Recovery Summary ;
-----------------------------------------
No paths to report.


----------------------------------------
; Fast 1200mV 0C Model Removal Summary ;
----------------------------------------
No paths to report.


----------------------------------------------------
; Fast 1200mV 0C Model Minimum Pulse Width Summary ;
----------------------------------------------------
No paths to report.


+----------------------------------------------------------+
; Propagation Delay                                        ;
+------------+-------------+-------+-------+-------+-------+
; Input Port ; Output Port ; RR    ; RF    ; FR    ; FF    ;
+------------+-------------+-------+-------+-------+-------+
; INPUT[0]   ; OUTPUT[0]   ; 4.528 ;       ;       ; 5.247 ;
; INPUT[0]   ; OUTPUT[8]   ; 4.717 ;       ;       ; 5.451 ;
; INPUT[0]   ; Z           ;       ; 5.267 ; 5.762 ;       ;
; INPUT[1]   ; OUTPUT[0]   ; 4.325 ;       ;       ; 5.033 ;
; INPUT[1]   ; OUTPUT[1]   ; 4.108 ;       ;       ; 4.771 ;
; INPUT[1]   ; OUTPUT[9]   ; 4.397 ;       ;       ; 5.108 ;
; INPUT[1]   ; Z           ;       ; 5.292 ; 5.796 ;       ;
; INPUT[2]   ; OUTPUT[1]   ; 4.269 ;       ;       ; 4.964 ;
; INPUT[2]   ; OUTPUT[2]   ; 4.557 ;       ;       ; 5.262 ;
; INPUT[2]   ; OUTPUT[10]  ; 5.597 ;       ;       ; 6.396 ;
; INPUT[2]   ; Z           ;       ; 5.309 ; 5.793 ;       ;
; INPUT[3]   ; OUTPUT[2]   ; 4.321 ;       ;       ; 5.005 ;
; INPUT[3]   ; OUTPUT[3]   ; 3.722 ;       ;       ; 4.344 ;
; INPUT[3]   ; OUTPUT[11]  ; 4.237 ;       ;       ; 4.890 ;
; INPUT[3]   ; Z           ;       ; 5.162 ; 5.690 ;       ;
; INPUT[4]   ; OUTPUT[3]   ; 3.650 ;       ;       ; 4.263 ;
; INPUT[4]   ; OUTPUT[4]   ; 3.660 ;       ;       ; 4.273 ;
; INPUT[4]   ; OUTPUT[12]  ; 4.181 ;       ;       ; 4.844 ;
; INPUT[4]   ; Z           ;       ; 5.515 ; 6.017 ;       ;
; INPUT[5]   ; OUTPUT[4]   ; 4.015 ;       ;       ; 4.667 ;
; INPUT[5]   ; OUTPUT[5]   ; 4.291 ;       ;       ; 4.990 ;
; INPUT[5]   ; OUTPUT[13]  ; 4.600 ;       ;       ; 5.355 ;
; INPUT[5]   ; Z           ;       ; 5.805 ; 6.362 ;       ;
; INPUT[6]   ; OUTPUT[5]   ; 3.190 ;       ;       ; 3.578 ;
; INPUT[6]   ; OUTPUT[6]   ; 4.162 ;       ;       ; 4.588 ;
; INPUT[6]   ; OUTPUT[14]  ; 3.341 ;       ;       ; 3.738 ;
; INPUT[6]   ; Z           ;       ; 4.914 ; 5.104 ;       ;
; INPUT[7]   ; OUTPUT[6]   ; 4.268 ;       ;       ; 4.686 ;
; INPUT[7]   ; OUTPUT[7]   ; 2.952 ;       ;       ; 3.289 ;
; INPUT[7]   ; OUTPUT[15]  ; 3.438 ;       ;       ; 3.831 ;
; INPUT[7]   ; Z           ;       ; 4.783 ; 4.930 ;       ;
; INPUT[8]   ; OUTPUT[7]   ; 3.945 ;       ;       ; 4.599 ;
; INPUT[8]   ; OUTPUT[8]   ; 4.800 ;       ;       ; 5.527 ;
; INPUT[8]   ; OUTPUT[16]  ; 4.882 ;       ;       ; 5.622 ;
; INPUT[8]   ; Z           ;       ; 6.170 ; 6.683 ;       ;
; INPUT[9]   ; OUTPUT[8]   ; 4.542 ;       ;       ; 5.244 ;
; INPUT[9]   ; OUTPUT[9]   ; 4.123 ;       ;       ; 4.791 ;
; INPUT[9]   ; OUTPUT[17]  ; 4.002 ;       ;       ; 4.647 ;
; INPUT[9]   ; Z           ;       ; 6.257 ; 6.760 ;       ;
; INPUT[10]  ; OUTPUT[9]   ; 4.714 ;       ;       ; 5.435 ;
; INPUT[10]  ; OUTPUT[10]  ; 5.597 ;       ;       ; 6.368 ;
; INPUT[10]  ; OUTPUT[18]  ; 4.023 ;       ;       ; 4.687 ;
; INPUT[10]  ; Z           ;       ; 5.609 ; 6.123 ;       ;
; INPUT[11]  ; OUTPUT[10]  ; 5.577 ;       ;       ; 6.355 ;
; INPUT[11]  ; OUTPUT[11]  ; 4.297 ;       ;       ; 4.968 ;
; INPUT[11]  ; OUTPUT[19]  ; 4.345 ;       ;       ; 5.064 ;
; INPUT[11]  ; Z           ;       ; 5.289 ; 5.837 ;       ;
; INPUT[12]  ; OUTPUT[11]  ; 4.102 ;       ;       ; 4.752 ;
; INPUT[12]  ; OUTPUT[12]  ; 4.040 ;       ;       ; 4.685 ;
; INPUT[12]  ; OUTPUT[20]  ; 4.159 ;       ;       ; 4.834 ;
; INPUT[12]  ; Z           ;       ; 5.374 ; 5.858 ;       ;
; INPUT[13]  ; OUTPUT[12]  ; 4.415 ;       ;       ; 5.104 ;
; INPUT[13]  ; OUTPUT[13]  ; 4.321 ;       ;       ; 5.028 ;
; INPUT[13]  ; OUTPUT[21]  ; 4.224 ;       ;       ; 4.915 ;
; INPUT[13]  ; Z           ;       ; 5.749 ; 6.277 ;       ;
; INPUT[14]  ; OUTPUT[13]  ; 4.449 ;       ;       ; 5.160 ;
; INPUT[14]  ; OUTPUT[14]  ; 4.068 ;       ;       ; 4.710 ;
; INPUT[14]  ; OUTPUT[22]  ; 4.367 ;       ;       ; 5.049 ;
; INPUT[14]  ; Z           ;       ; 5.654 ; 6.167 ;       ;
; INPUT[15]  ; OUTPUT[14]  ; 4.327 ;       ;       ; 5.009 ;
; INPUT[15]  ; OUTPUT[15]  ; 4.311 ;       ;       ; 5.002 ;
; INPUT[15]  ; OUTPUT[23]  ; 4.627 ;       ;       ; 5.317 ;
; INPUT[15]  ; Z           ;       ; 5.900 ; 6.375 ;       ;
; INPUT[16]  ; OUTPUT[15]  ; 4.328 ;       ;       ; 5.025 ;
; INPUT[16]  ; OUTPUT[16]  ; 4.089 ;       ;       ; 4.742 ;
; INPUT[16]  ; OUTPUT[24]  ; 4.225 ;       ;       ; 4.899 ;
; INPUT[16]  ; Z           ;       ; 5.673 ; 6.124 ;       ;
; INPUT[17]  ; OUTPUT[16]  ; 4.923 ;       ;       ; 5.662 ;
; INPUT[17]  ; OUTPUT[17]  ; 3.792 ;       ;       ; 4.418 ;
; INPUT[17]  ; OUTPUT[25]  ; 4.588 ;       ;       ; 5.288 ;
; INPUT[17]  ; Z           ;       ; 6.211 ; 6.723 ;       ;
; INPUT[18]  ; OUTPUT[17]  ; 3.914 ;       ;       ; 4.545 ;
; INPUT[18]  ; OUTPUT[18]  ; 3.811 ;       ;       ; 4.439 ;
; INPUT[18]  ; OUTPUT[26]  ; 3.962 ;       ;       ; 4.618 ;
; INPUT[18]  ; Z           ;       ; 6.169 ; 6.658 ;       ;
; INPUT[19]  ; OUTPUT[18]  ; 4.322 ;       ;       ; 4.999 ;
; INPUT[19]  ; OUTPUT[19]  ; 4.178 ;       ;       ; 4.837 ;
; INPUT[19]  ; OUTPUT[27]  ; 4.235 ;       ;       ; 4.909 ;
; INPUT[19]  ; Z           ;       ; 5.425 ; 6.015 ;       ;
; INPUT[20]  ; OUTPUT[19]  ; 4.208 ;       ;       ; 4.879 ;
; INPUT[20]  ; OUTPUT[20]  ; 4.224 ;       ;       ; 4.887 ;
; INPUT[20]  ; OUTPUT[28]  ; 4.108 ;       ;       ; 4.792 ;
; INPUT[20]  ; Z           ;       ; 5.512 ; 6.051 ;       ;
; INPUT[21]  ; OUTPUT[20]  ; 4.009 ;       ;       ; 4.652 ;
; INPUT[21]  ; OUTPUT[21]  ; 3.626 ;       ;       ; 4.227 ;
; INPUT[21]  ; OUTPUT[29]  ; 4.340 ;       ;       ; 5.032 ;
; INPUT[21]  ; Z           ;       ; 5.456 ; 5.964 ;       ;
; INPUT[22]  ; OUTPUT[21]  ; 4.167 ;       ;       ; 4.837 ;
; INPUT[22]  ; OUTPUT[22]  ; 3.779 ;       ;       ; 4.404 ;
; INPUT[22]  ; OUTPUT[30]  ; 4.014 ;       ;       ; 4.655 ;
; INPUT[22]  ; Z           ;       ; 5.596 ; 6.129 ;       ;
; INPUT[23]  ; N           ; 4.391 ;       ;       ; 5.106 ;
; INPUT[23]  ; OUTPUT[22]  ; 3.981 ;       ;       ; 4.635 ;
; INPUT[23]  ; OUTPUT[23]  ; 3.940 ;       ;       ; 4.576 ;
; INPUT[23]  ; OUTPUT[31]  ; 4.391 ;       ;       ; 5.106 ;
; INPUT[23]  ; Z           ;       ; 5.290 ; 5.817 ;       ;
; INPUT[24]  ; OUTPUT[23]  ; 4.250 ;       ;       ; 4.920 ;
; INPUT[24]  ; OUTPUT[24]  ; 4.160 ;       ;       ; 4.841 ;
; INPUT[24]  ; Z           ;       ; 4.852 ; 5.377 ;       ;
; INPUT[25]  ; OUTPUT[24]  ; 4.530 ;       ;       ; 5.232 ;
; INPUT[25]  ; OUTPUT[25]  ; 3.792 ;       ;       ; 4.408 ;
; INPUT[25]  ; Z           ;       ; 5.200 ; 5.745 ;       ;
; INPUT[26]  ; OUTPUT[25]  ; 4.379 ;       ;       ; 5.060 ;
; INPUT[26]  ; OUTPUT[26]  ; 3.860 ;       ;       ; 4.486 ;
; INPUT[26]  ; Z           ;       ; 5.287 ; 5.841 ;       ;
; INPUT[27]  ; OUTPUT[26]  ; 4.243 ;       ;       ; 4.908 ;
; INPUT[27]  ; OUTPUT[27]  ; 4.108 ;       ;       ; 4.761 ;
; INPUT[27]  ; Z           ;       ; 5.584 ; 6.088 ;       ;
; INPUT[28]  ; OUTPUT[27]  ; 4.077 ;       ;       ; 4.729 ;
; INPUT[28]  ; OUTPUT[28]  ; 3.894 ;       ;       ; 4.536 ;
; INPUT[28]  ; Z           ;       ; 5.298 ; 5.795 ;       ;
; INPUT[29]  ; OUTPUT[28]  ; 4.302 ;       ;       ; 4.984 ;
; INPUT[29]  ; OUTPUT[29]  ; 4.143 ;       ;       ; 4.798 ;
; INPUT[29]  ; Z           ;       ; 5.706 ; 6.243 ;       ;
; INPUT[30]  ; OUTPUT[29]  ; 4.557 ;       ;       ; 5.291 ;
; INPUT[30]  ; OUTPUT[30]  ; 4.297 ;       ;       ; 4.969 ;
; INPUT[30]  ; Z           ;       ; 5.879 ; 6.443 ;       ;
; INPUT[31]  ; N           ; 4.244 ;       ;       ; 4.944 ;
; INPUT[31]  ; OUTPUT[30]  ; 4.209 ;       ;       ; 4.893 ;
; INPUT[31]  ; OUTPUT[31]  ; 4.244 ;       ;       ; 4.944 ;
; INPUT[31]  ; Z           ;       ; 5.791 ; 6.367 ;       ;
; MIR[22]    ; N           ; 4.300 ; 4.397 ; 4.887 ; 5.003 ;
; MIR[22]    ; OUTPUT[0]   ; 4.354 ; 4.485 ; 4.942 ; 5.092 ;
; MIR[22]    ; OUTPUT[1]   ; 4.217 ; 4.284 ; 4.798 ; 4.922 ;
; MIR[22]    ; OUTPUT[2]   ; 4.504 ; 4.650 ; 5.137 ; 5.237 ;
; MIR[22]    ; OUTPUT[3]   ; 3.701 ; 3.745 ; 4.293 ; 4.356 ;
; MIR[22]    ; OUTPUT[4]   ; 3.696 ; 3.741 ; 4.285 ; 4.349 ;
; MIR[22]    ; OUTPUT[5]   ; 4.142 ; 4.225 ; 4.748 ; 4.847 ;
; MIR[22]    ; OUTPUT[6]   ; 5.023 ; 5.147 ; 5.615 ; 5.758 ;
; MIR[22]    ; OUTPUT[7]   ; 3.699 ; 3.738 ; 4.290 ; 4.348 ;
; MIR[22]    ; OUTPUT[8]   ; 4.557 ; 4.684 ; 5.147 ; 5.292 ;
; MIR[22]    ; OUTPUT[9]   ; 4.432 ; 4.566 ; 5.019 ; 5.172 ;
; MIR[22]    ; OUTPUT[10]  ; 5.474 ; 5.662 ; 6.064 ; 6.270 ;
; MIR[22]    ; OUTPUT[11]  ; 4.249 ; 4.374 ; 4.888 ; 4.943 ;
; MIR[22]    ; OUTPUT[12]  ; 4.233 ; 4.328 ; 4.824 ; 4.938 ;
; MIR[22]    ; OUTPUT[13]  ; 4.272 ; 4.392 ; 4.861 ; 4.999 ;
; MIR[22]    ; OUTPUT[14]  ; 4.204 ; 4.294 ; 4.794 ; 4.902 ;
; MIR[22]    ; OUTPUT[15]  ; 4.203 ; 4.301 ; 4.792 ; 4.909 ;
; MIR[22]    ; OUTPUT[16]  ; 4.968 ; 5.153 ; 5.643 ; 5.737 ;
; MIR[22]    ; OUTPUT[17]  ; 4.008 ; 4.071 ; 4.635 ; 4.691 ;
; MIR[22]    ; OUTPUT[18]  ; 4.171 ; 4.258 ; 4.799 ; 4.879 ;
; MIR[22]    ; OUTPUT[19]  ; 4.307 ; 4.410 ; 4.936 ; 5.032 ;
; MIR[22]    ; OUTPUT[20]  ; 4.201 ; 4.278 ; 4.789 ; 4.884 ;
; MIR[22]    ; OUTPUT[21]  ; 4.117 ; 4.191 ; 4.701 ; 4.793 ;
; MIR[22]    ; OUTPUT[22]  ; 4.083 ; 4.194 ; 4.730 ; 4.771 ;
; MIR[22]    ; OUTPUT[23]  ; 4.254 ; 4.371 ; 4.899 ; 4.946 ;
; MIR[22]    ; OUTPUT[24]  ; 4.336 ; 4.443 ; 4.921 ; 5.047 ;
; MIR[22]    ; OUTPUT[25]  ; 4.539 ; 4.636 ; 5.175 ; 5.280 ;
; MIR[22]    ; OUTPUT[26]  ; 4.037 ; 4.098 ; 4.665 ; 4.719 ;
; MIR[22]    ; OUTPUT[27]  ; 4.066 ; 4.126 ; 4.696 ; 4.749 ;
; MIR[22]    ; OUTPUT[28]  ; 4.176 ; 4.266 ; 4.805 ; 4.888 ;
; MIR[22]    ; OUTPUT[29]  ; 4.602 ; 4.725 ; 5.205 ; 5.354 ;
; MIR[22]    ; OUTPUT[30]  ; 4.326 ; 4.441 ; 4.963 ; 5.032 ;
; MIR[22]    ; OUTPUT[31]  ; 4.300 ; 4.397 ; 4.887 ; 5.003 ;
; MIR[22]    ; Z           ; 6.214 ; 6.263 ; 6.804 ; 6.931 ;
; MIR[23]    ; N           ; 4.706 ; 4.786 ; 5.359 ; 5.496 ;
; MIR[23]    ; OUTPUT[0]   ; 4.666 ; 4.829 ; 5.333 ; 5.450 ;
; MIR[23]    ; OUTPUT[1]   ; 4.374 ; 4.459 ; 4.995 ; 5.098 ;
; MIR[23]    ; OUTPUT[2]   ; 4.650 ; 4.765 ; 5.270 ; 5.403 ;
; MIR[23]    ; OUTPUT[3]   ; 4.158 ; 4.234 ; 4.834 ; 4.864 ;
; MIR[23]    ; OUTPUT[4]   ; 4.141 ; 4.228 ; 4.822 ; 4.824 ;
; MIR[23]    ; OUTPUT[5]   ; 4.376 ; 4.461 ; 5.018 ; 5.096 ;
; MIR[23]    ; OUTPUT[6]   ; 5.342 ; 5.470 ; 5.981 ; 6.102 ;
; MIR[23]    ; OUTPUT[7]   ; 4.018 ; 4.061 ; 4.657 ; 4.693 ;
; MIR[23]    ; OUTPUT[8]   ; 4.856 ; 4.980 ; 5.485 ; 5.635 ;
; MIR[23]    ; OUTPUT[9]   ; 4.722 ; 4.899 ; 5.397 ; 5.504 ;
; MIR[23]    ; OUTPUT[10]  ; 5.767 ; 5.952 ; 6.391 ; 6.602 ;
; MIR[23]    ; OUTPUT[11]  ; 4.432 ; 4.514 ; 5.051 ; 5.152 ;
; MIR[23]    ; OUTPUT[12]  ; 4.674 ; 4.812 ; 5.358 ; 5.426 ;
; MIR[23]    ; OUTPUT[13]  ; 4.739 ; 4.856 ; 5.377 ; 5.520 ;
; MIR[23]    ; OUTPUT[14]  ; 4.669 ; 4.756 ; 5.309 ; 5.422 ;
; MIR[23]    ; OUTPUT[15]  ; 4.522 ; 4.628 ; 5.187 ; 5.257 ;
; MIR[23]    ; OUTPUT[16]  ; 5.037 ; 5.176 ; 5.687 ; 5.827 ;
; MIR[23]    ; OUTPUT[17]  ; 4.197 ; 4.254 ; 4.845 ; 4.917 ;
; MIR[23]    ; OUTPUT[18]  ; 4.352 ; 4.433 ; 4.999 ; 5.095 ;
; MIR[23]    ; OUTPUT[19]  ; 4.476 ; 4.573 ; 5.121 ; 5.233 ;
; MIR[23]    ; OUTPUT[20]  ; 4.608 ; 4.682 ; 5.276 ; 5.376 ;
; MIR[23]    ; OUTPUT[21]  ; 4.523 ; 4.594 ; 5.195 ; 5.292 ;
; MIR[23]    ; OUTPUT[22]  ; 4.352 ; 4.420 ; 5.011 ; 5.098 ;
; MIR[23]    ; OUTPUT[23]  ; 4.517 ; 4.591 ; 5.171 ; 5.264 ;
; MIR[23]    ; OUTPUT[24]  ; 4.716 ; 4.866 ; 5.420 ; 5.500 ;
; MIR[23]    ; OUTPUT[25]  ; 4.432 ; 4.534 ; 5.077 ; 5.172 ;
; MIR[23]    ; OUTPUT[26]  ; 4.215 ; 4.270 ; 4.862 ; 4.943 ;
; MIR[23]    ; OUTPUT[27]  ; 4.239 ; 4.293 ; 4.884 ; 4.964 ;
; MIR[23]    ; OUTPUT[28]  ; 4.364 ; 4.448 ; 5.013 ; 5.123 ;
; MIR[23]    ; OUTPUT[29]  ; 4.846 ; 4.972 ; 5.504 ; 5.648 ;
; MIR[23]    ; OUTPUT[30]  ; 4.577 ; 4.661 ; 5.235 ; 5.337 ;
; MIR[23]    ; OUTPUT[31]  ; 4.706 ; 4.786 ; 5.359 ; 5.496 ;
; MIR[23]    ; Z           ; 6.367 ; 6.452 ; 7.030 ; 7.100 ;
+------------+-------------+-------+-------+-------+-------+


+----------------------------------------------------------+
; Minimum Propagation Delay                                ;
+------------+-------------+-------+-------+-------+-------+
; Input Port ; Output Port ; RR    ; RF    ; FR    ; FF    ;
+------------+-------------+-------+-------+-------+-------+
; INPUT[0]   ; OUTPUT[0]   ; 4.374 ;       ;       ; 5.081 ;
; INPUT[0]   ; OUTPUT[8]   ; 4.559 ;       ;       ; 5.281 ;
; INPUT[0]   ; Z           ;       ; 4.744 ; 5.331 ;       ;
; INPUT[1]   ; OUTPUT[0]   ; 4.211 ;       ;       ; 4.909 ;
; INPUT[1]   ; OUTPUT[1]   ; 4.005 ;       ;       ; 4.660 ;
; INPUT[1]   ; OUTPUT[9]   ; 4.248 ;       ;       ; 4.934 ;
; INPUT[1]   ; Z           ;       ; 4.523 ; 5.091 ;       ;
; INPUT[2]   ; OUTPUT[1]   ; 4.132 ;       ;       ; 4.816 ;
; INPUT[2]   ; OUTPUT[2]   ; 4.402 ;       ;       ; 5.095 ;
; INPUT[2]   ; OUTPUT[10]  ; 5.440 ;       ;       ; 6.226 ;
; INPUT[2]   ; Z           ;       ; 4.650 ; 5.247 ;       ;
; INPUT[3]   ; OUTPUT[2]   ; 4.211 ;       ;       ; 4.883 ;
; INPUT[3]   ; OUTPUT[3]   ; 3.600 ;       ;       ; 4.213 ;
; INPUT[3]   ; OUTPUT[11]  ; 4.109 ;       ;       ; 4.751 ;
; INPUT[3]   ; Z           ;       ; 4.618 ; 5.213 ;       ;
; INPUT[4]   ; OUTPUT[3]   ; 3.562 ;       ;       ; 4.169 ;
; INPUT[4]   ; OUTPUT[4]   ; 3.573 ;       ;       ; 4.179 ;
; INPUT[4]   ; OUTPUT[12]  ; 4.072 ;       ;       ; 4.726 ;
; INPUT[4]   ; Z           ;       ; 4.704 ; 5.295 ;       ;
; INPUT[5]   ; OUTPUT[4]   ; 3.894 ;       ;       ; 4.537 ;
; INPUT[5]   ; OUTPUT[5]   ; 4.180 ;       ;       ; 4.869 ;
; INPUT[5]   ; OUTPUT[13]  ; 4.446 ;       ;       ; 5.186 ;
; INPUT[5]   ; Z           ;       ; 4.875 ; 5.482 ;       ;
; INPUT[6]   ; OUTPUT[5]   ; 3.122 ;       ;       ; 3.505 ;
; INPUT[6]   ; OUTPUT[6]   ; 4.065 ;       ;       ; 4.475 ;
; INPUT[6]   ; OUTPUT[14]  ; 3.208 ;       ;       ; 3.591 ;
; INPUT[6]   ; Z           ;       ; 3.817 ; 4.118 ;       ;
; INPUT[7]   ; OUTPUT[6]   ; 4.193 ;       ;       ; 4.605 ;
; INPUT[7]   ; OUTPUT[7]   ; 2.865 ;       ;       ; 3.193 ;
; INPUT[7]   ; OUTPUT[15]  ; 3.361 ;       ;       ; 3.749 ;
; INPUT[7]   ; Z           ;       ; 3.845 ; 4.120 ;       ;
; INPUT[8]   ; OUTPUT[7]   ; 3.844 ;       ;       ; 4.477 ;
; INPUT[8]   ; OUTPUT[8]   ; 4.657 ;       ;       ; 5.384 ;
; INPUT[8]   ; OUTPUT[16]  ; 4.714 ;       ;       ; 5.441 ;
; INPUT[8]   ; Z           ;       ; 4.824 ; 5.404 ;       ;
; INPUT[9]   ; OUTPUT[8]   ; 4.421 ;       ;       ; 5.112 ;
; INPUT[9]   ; OUTPUT[9]   ; 4.020 ;       ;       ; 4.679 ;
; INPUT[9]   ; OUTPUT[17]  ; 3.902 ;       ;       ; 4.536 ;
; INPUT[9]   ; Z           ;       ; 4.881 ; 5.338 ;       ;
; INPUT[10]  ; OUTPUT[9]   ; 4.535 ;       ;       ; 5.228 ;
; INPUT[10]  ; OUTPUT[10]  ; 5.457 ;       ;       ; 6.228 ;
; INPUT[10]  ; OUTPUT[18]  ; 3.924 ;       ;       ; 4.578 ;
; INPUT[10]  ; Z           ;       ; 4.985 ; 5.555 ;       ;
; INPUT[11]  ; OUTPUT[10]  ; 5.450 ;       ;       ; 6.217 ;
; INPUT[11]  ; OUTPUT[11]  ; 4.172 ;       ;       ; 4.844 ;
; INPUT[11]  ; OUTPUT[19]  ; 4.233 ;       ;       ; 4.939 ;
; INPUT[11]  ; Z           ;       ; 5.045 ; 5.520 ;       ;
; INPUT[12]  ; OUTPUT[11]  ; 3.999 ;       ;       ; 4.639 ;
; INPUT[12]  ; OUTPUT[12]  ; 3.905 ;       ;       ; 4.559 ;
; INPUT[12]  ; OUTPUT[20]  ; 4.024 ;       ;       ; 4.689 ;
; INPUT[12]  ; Z           ;       ; 4.677 ; 5.221 ;       ;
; INPUT[13]  ; OUTPUT[12]  ; 4.280 ;       ;       ; 4.956 ;
; INPUT[13]  ; OUTPUT[13]  ; 4.195 ;       ;       ; 4.903 ;
; INPUT[13]  ; OUTPUT[21]  ; 4.054 ;       ;       ; 4.716 ;
; INPUT[13]  ; Z           ;       ; 4.953 ; 5.528 ;       ;
; INPUT[14]  ; OUTPUT[13]  ; 4.332 ;       ;       ; 5.030 ;
; INPUT[14]  ; OUTPUT[14]  ; 3.965 ;       ;       ; 4.598 ;
; INPUT[14]  ; OUTPUT[22]  ; 4.201 ;       ;       ; 4.857 ;
; INPUT[14]  ; Z           ;       ; 5.229 ; 5.781 ;       ;
; INPUT[15]  ; OUTPUT[14]  ; 4.178 ;       ;       ; 4.837 ;
; INPUT[15]  ; OUTPUT[15]  ; 4.189 ;       ;       ; 4.881 ;
; INPUT[15]  ; OUTPUT[23]  ; 4.483 ;       ;       ; 5.162 ;
; INPUT[15]  ; Z           ;       ; 5.062 ; 5.601 ;       ;
; INPUT[16]  ; OUTPUT[15]  ; 4.210 ;       ;       ; 4.888 ;
; INPUT[16]  ; OUTPUT[16]  ; 3.957 ;       ;       ; 4.594 ;
; INPUT[16]  ; OUTPUT[24]  ; 4.118 ;       ;       ; 4.784 ;
; INPUT[16]  ; Z           ;       ; 4.760 ; 5.274 ;       ;
; INPUT[17]  ; OUTPUT[16]  ; 4.753 ;       ;       ; 5.479 ;
; INPUT[17]  ; OUTPUT[17]  ; 3.701 ;       ;       ; 4.318 ;
; INPUT[17]  ; OUTPUT[25]  ; 4.432 ;       ;       ; 5.105 ;
; INPUT[17]  ; Z           ;       ; 5.304 ; 5.854 ;       ;
; INPUT[18]  ; OUTPUT[17]  ; 3.816 ;       ;       ; 4.437 ;
; INPUT[18]  ; OUTPUT[18]  ; 3.685 ;       ;       ; 4.322 ;
; INPUT[18]  ; OUTPUT[26]  ; 3.857 ;       ;       ; 4.496 ;
; INPUT[18]  ; Z           ;       ; 4.746 ; 5.299 ;       ;
; INPUT[19]  ; OUTPUT[18]  ; 4.211 ;       ;       ; 4.876 ;
; INPUT[19]  ; OUTPUT[19]  ; 4.038 ;       ;       ; 4.704 ;
; INPUT[19]  ; OUTPUT[27]  ; 4.118 ;       ;       ; 4.778 ;
; INPUT[19]  ; Z           ;       ; 4.872 ; 5.448 ;       ;
; INPUT[20]  ; OUTPUT[19]  ; 4.101 ;       ;       ; 4.758 ;
; INPUT[20]  ; OUTPUT[20]  ; 4.103 ;       ;       ; 4.767 ;
; INPUT[20]  ; OUTPUT[28]  ; 3.962 ;       ;       ; 4.615 ;
; INPUT[20]  ; Z           ;       ; 4.756 ; 5.299 ;       ;
; INPUT[21]  ; OUTPUT[20]  ; 3.908 ;       ;       ; 4.544 ;
; INPUT[21]  ; OUTPUT[21]  ; 3.542 ;       ;       ; 4.135 ;
; INPUT[21]  ; OUTPUT[29]  ; 4.227 ;       ;       ; 4.909 ;
; INPUT[21]  ; Z           ;       ; 4.441 ; 4.947 ;       ;
; INPUT[22]  ; OUTPUT[21]  ; 4.027 ;       ;       ; 4.670 ;
; INPUT[22]  ; OUTPUT[22]  ; 3.688 ;       ;       ; 4.305 ;
; INPUT[22]  ; OUTPUT[30]  ; 3.914 ;       ;       ; 4.546 ;
; INPUT[22]  ; Z           ;       ; 4.716 ; 5.229 ;       ;
; INPUT[23]  ; N           ; 4.250 ;       ;       ; 4.950 ;
; INPUT[23]  ; OUTPUT[22]  ; 3.847 ;       ;       ; 4.478 ;
; INPUT[23]  ; OUTPUT[23]  ; 3.842 ;       ;       ; 4.470 ;
; INPUT[23]  ; OUTPUT[31]  ; 4.250 ;       ;       ; 4.950 ;
; INPUT[23]  ; Z           ;       ; 4.421 ; 4.909 ;       ;
; INPUT[24]  ; OUTPUT[23]  ; 4.139 ;       ;       ; 4.800 ;
; INPUT[24]  ; OUTPUT[24]  ; 4.057 ;       ;       ; 4.727 ;
; INPUT[24]  ; Z           ;       ; 4.699 ; 5.217 ;       ;
; INPUT[25]  ; OUTPUT[24]  ; 4.393 ;       ;       ; 5.084 ;
; INPUT[25]  ; OUTPUT[25]  ; 3.701 ;       ;       ; 4.309 ;
; INPUT[25]  ; Z           ;       ; 4.573 ; 5.058 ;       ;
; INPUT[26]  ; OUTPUT[25]  ; 4.231 ;       ;       ; 4.888 ;
; INPUT[26]  ; OUTPUT[26]  ; 3.768 ;       ;       ; 4.384 ;
; INPUT[26]  ; Z           ;       ; 5.010 ; 5.483 ;       ;
; INPUT[27]  ; OUTPUT[26]  ; 4.135 ;       ;       ; 4.788 ;
; INPUT[27]  ; OUTPUT[27]  ; 4.004 ;       ;       ; 4.647 ;
; INPUT[27]  ; Z           ;       ; 5.086 ; 5.580 ;       ;
; INPUT[28]  ; OUTPUT[27]  ; 3.975 ;       ;       ; 4.618 ;
; INPUT[28]  ; OUTPUT[28]  ; 3.799 ;       ;       ; 4.432 ;
; INPUT[28]  ; Z           ;       ; 5.057 ; 5.551 ;       ;
; INPUT[29]  ; OUTPUT[28]  ; 4.158 ;       ;       ; 4.814 ;
; INPUT[29]  ; OUTPUT[29]  ; 4.041 ;       ;       ; 4.684 ;
; INPUT[29]  ; Z           ;       ; 5.066 ; 5.544 ;       ;
; INPUT[30]  ; OUTPUT[29]  ; 4.407 ;       ;       ; 5.127 ;
; INPUT[30]  ; OUTPUT[30]  ; 4.120 ;       ;       ; 4.766 ;
; INPUT[30]  ; Z           ;       ; 5.432 ; 5.987 ;       ;
; INPUT[31]  ; N           ; 4.137 ;       ;       ; 4.825 ;
; INPUT[31]  ; OUTPUT[30]  ; 4.068 ;       ;       ; 4.727 ;
; INPUT[31]  ; OUTPUT[31]  ; 4.137 ;       ;       ; 4.825 ;
; INPUT[31]  ; Z           ;       ; 5.001 ; 5.505 ;       ;
; MIR[22]    ; N           ; 4.190 ; 4.284 ; 4.768 ; 4.881 ;
; MIR[22]    ; OUTPUT[0]   ; 4.242 ; 4.367 ; 4.821 ; 4.965 ;
; MIR[22]    ; OUTPUT[1]   ; 4.084 ; 4.178 ; 4.684 ; 4.760 ;
; MIR[22]    ; OUTPUT[2]   ; 4.365 ; 4.525 ; 5.008 ; 5.072 ;
; MIR[22]    ; OUTPUT[3]   ; 3.613 ; 3.656 ; 4.196 ; 4.258 ;
; MIR[22]    ; OUTPUT[4]   ; 3.610 ; 3.653 ; 4.190 ; 4.252 ;
; MIR[22]    ; OUTPUT[5]   ; 4.012 ; 4.120 ; 4.637 ; 4.687 ;
; MIR[22]    ; OUTPUT[6]   ; 4.920 ; 5.041 ; 5.503 ; 5.643 ;
; MIR[22]    ; OUTPUT[7]   ; 3.612 ; 3.649 ; 4.194 ; 4.250 ;
; MIR[22]    ; OUTPUT[8]   ; 4.280 ; 4.390 ; 4.860 ; 4.989 ;
; MIR[22]    ; OUTPUT[9]   ; 4.034 ; 4.124 ; 4.615 ; 4.724 ;
; MIR[22]    ; OUTPUT[10]  ; 5.201 ; 5.372 ; 5.781 ; 5.971 ;
; MIR[22]    ; OUTPUT[11]  ; 3.936 ; 4.002 ; 4.517 ; 4.602 ;
; MIR[22]    ; OUTPUT[12]  ; 3.960 ; 4.079 ; 4.604 ; 4.639 ;
; MIR[22]    ; OUTPUT[13]  ; 4.018 ; 4.120 ; 4.599 ; 4.720 ;
; MIR[22]    ; OUTPUT[14]  ; 3.792 ; 3.842 ; 4.371 ; 4.440 ;
; MIR[22]    ; OUTPUT[15]  ; 3.955 ; 4.036 ; 4.538 ; 4.638 ;
; MIR[22]    ; OUTPUT[16]  ; 3.867 ; 3.926 ; 4.450 ; 4.528 ;
; MIR[22]    ; OUTPUT[17]  ; 3.744 ; 3.785 ; 4.372 ; 4.414 ;
; MIR[22]    ; OUTPUT[18]  ; 3.787 ; 3.840 ; 4.406 ; 4.452 ;
; MIR[22]    ; OUTPUT[19]  ; 3.893 ; 3.956 ; 4.511 ; 4.567 ;
; MIR[22]    ; OUTPUT[20]  ; 3.928 ; 3.989 ; 4.505 ; 4.585 ;
; MIR[22]    ; OUTPUT[21]  ; 3.717 ; 3.750 ; 4.294 ; 4.346 ;
; MIR[22]    ; OUTPUT[22]  ; 3.637 ; 3.665 ; 4.216 ; 4.263 ;
; MIR[22]    ; OUTPUT[23]  ; 3.931 ; 3.992 ; 4.538 ; 4.595 ;
; MIR[22]    ; OUTPUT[24]  ; 4.073 ; 4.167 ; 4.682 ; 4.772 ;
; MIR[22]    ; OUTPUT[25]  ; 3.654 ; 3.680 ; 4.231 ; 4.276 ;
; MIR[22]    ; OUTPUT[26]  ; 3.913 ; 3.967 ; 4.544 ; 4.594 ;
; MIR[22]    ; OUTPUT[27]  ; 3.933 ; 3.989 ; 4.563 ; 4.615 ;
; MIR[22]    ; OUTPUT[28]  ; 3.787 ; 3.838 ; 4.407 ; 4.451 ;
; MIR[22]    ; OUTPUT[29]  ; 4.053 ; 4.121 ; 4.684 ; 4.748 ;
; MIR[22]    ; OUTPUT[30]  ; 4.160 ; 3.903 ; 4.436 ; 4.827 ;
; MIR[22]    ; OUTPUT[31]  ; 4.190 ; 4.284 ; 4.768 ; 4.881 ;
; MIR[22]    ; Z           ; 4.429 ; 4.510 ; 5.025 ; 5.103 ;
; MIR[23]    ; N           ; 4.581 ; 4.659 ; 5.223 ; 5.355 ;
; MIR[23]    ; OUTPUT[0]   ; 4.542 ; 4.656 ; 5.157 ; 5.309 ;
; MIR[23]    ; OUTPUT[1]   ; 4.263 ; 4.345 ; 4.873 ; 4.975 ;
; MIR[23]    ; OUTPUT[2]   ; 4.527 ; 4.636 ; 5.136 ; 5.265 ;
; MIR[23]    ; OUTPUT[3]   ; 4.053 ; 4.085 ; 4.677 ; 4.747 ;
; MIR[23]    ; OUTPUT[4]   ; 4.038 ; 4.085 ; 4.672 ; 4.708 ;
; MIR[23]    ; OUTPUT[5]   ; 4.265 ; 4.348 ; 4.897 ; 4.973 ;
; MIR[23]    ; OUTPUT[6]   ; 5.226 ; 5.352 ; 5.855 ; 5.974 ;
; MIR[23]    ; OUTPUT[7]   ; 3.918 ; 3.960 ; 4.547 ; 4.582 ;
; MIR[23]    ; OUTPUT[8]   ; 4.570 ; 4.710 ; 5.224 ; 5.322 ;
; MIR[23]    ; OUTPUT[9]   ; 4.303 ; 4.397 ; 4.926 ; 5.009 ;
; MIR[23]    ; OUTPUT[10]  ; 5.475 ; 5.676 ; 6.123 ; 6.282 ;
; MIR[23]    ; OUTPUT[11]  ; 4.234 ; 4.330 ; 4.885 ; 4.939 ;
; MIR[23]    ; OUTPUT[12]  ; 4.213 ; 4.285 ; 4.842 ; 4.907 ;
; MIR[23]    ; OUTPUT[13]  ; 4.459 ; 4.591 ; 5.120 ; 5.210 ;
; MIR[23]    ; OUTPUT[14]  ; 4.222 ; 4.276 ; 4.854 ; 4.897 ;
; MIR[23]    ; OUTPUT[15]  ; 4.395 ; 4.504 ; 5.032 ; 5.125 ;
; MIR[23]    ; OUTPUT[16]  ; 4.173 ; 4.237 ; 4.803 ; 4.860 ;
; MIR[23]    ; OUTPUT[17]  ; 3.770 ; 3.811 ; 4.415 ; 4.452 ;
; MIR[23]    ; OUTPUT[18]  ; 3.940 ; 4.040 ; 4.634 ; 4.650 ;
; MIR[23]    ; OUTPUT[19]  ; 4.049 ; 4.159 ; 4.741 ; 4.767 ;
; MIR[23]    ; OUTPUT[20]  ; 4.308 ; 4.399 ; 4.991 ; 5.040 ;
; MIR[23]    ; OUTPUT[21]  ; 4.086 ; 4.123 ; 4.746 ; 4.772 ;
; MIR[23]    ; OUTPUT[22]  ; 4.008 ; 4.040 ; 4.670 ; 4.691 ;
; MIR[23]    ; OUTPUT[23]  ; 4.029 ; 4.090 ; 4.623 ; 4.685 ;
; MIR[23]    ; OUTPUT[24]  ; 4.162 ; 4.256 ; 4.756 ; 4.851 ;
; MIR[23]    ; OUTPUT[25]  ; 4.023 ; 4.053 ; 4.689 ; 4.708 ;
; MIR[23]    ; OUTPUT[26]  ; 3.956 ; 4.007 ; 4.608 ; 4.657 ;
; MIR[23]    ; OUTPUT[27]  ; 3.979 ; 4.032 ; 4.629 ; 4.680 ;
; MIR[23]    ; OUTPUT[28]  ; 3.931 ; 4.000 ; 4.591 ; 4.609 ;
; MIR[23]    ; OUTPUT[29]  ; 4.085 ; 4.150 ; 4.733 ; 4.796 ;
; MIR[23]    ; OUTPUT[30]  ; 4.227 ; 4.488 ; 5.068 ; 4.928 ;
; MIR[23]    ; OUTPUT[31]  ; 4.581 ; 4.659 ; 5.223 ; 5.355 ;
; MIR[23]    ; Z           ; 4.529 ; 4.608 ; 5.124 ; 5.202 ;
+------------+-------------+-------+-------+-------+-------+


---------------------------------------------
; Fast 1200mV 0C Model Metastability Report ;
---------------------------------------------
No synchronizer chains to report.


+----------------------------------------------------------------------------+
; Multicorner Timing Analysis Summary                                        ;
+------------------+-------+------+----------+---------+---------------------+
; Clock            ; Setup ; Hold ; Recovery ; Removal ; Minimum Pulse Width ;
+------------------+-------+------+----------+---------+---------------------+
; Worst-case Slack ; N/A   ; N/A  ; N/A      ; N/A     ; N/A                 ;
; Design-wide TNS  ; 0.0   ; 0.0  ; 0.0      ; 0.0     ; 0.0                 ;
+------------------+-------+------+----------+---------+---------------------+


+--------------------------------------------------------------+
; Propagation Delay                                            ;
+------------+-------------+--------+--------+--------+--------+
; Input Port ; Output Port ; RR     ; RF     ; FR     ; FF     ;
+------------+-------------+--------+--------+--------+--------+
; INPUT[0]   ; OUTPUT[0]   ; 7.690  ;        ;        ; 8.102  ;
; INPUT[0]   ; OUTPUT[8]   ; 8.023  ;        ;        ; 8.526  ;
; INPUT[0]   ; Z           ;        ; 8.995  ; 9.449  ;        ;
; INPUT[1]   ; OUTPUT[0]   ; 7.369  ;        ;        ; 7.750  ;
; INPUT[1]   ; OUTPUT[1]   ; 7.079  ;        ;        ; 7.433  ;
; INPUT[1]   ; OUTPUT[9]   ; 7.612  ;        ;        ; 8.041  ;
; INPUT[1]   ; Z           ;        ; 9.100  ; 9.532  ;        ;
; INPUT[2]   ; OUTPUT[1]   ; 7.360  ;        ;        ; 7.769  ;
; INPUT[2]   ; OUTPUT[2]   ; 7.740  ;        ;        ; 8.231  ;
; INPUT[2]   ; OUTPUT[10]  ; 9.278  ;        ;        ; 9.886  ;
; INPUT[2]   ; Z           ;        ; 9.095  ; 9.528  ;        ;
; INPUT[3]   ; OUTPUT[2]   ; 7.272  ;        ;        ; 7.754  ;
; INPUT[3]   ; OUTPUT[3]   ; 6.334  ;        ;        ; 6.736  ;
; INPUT[3]   ; OUTPUT[11]  ; 7.282  ;        ;        ; 7.690  ;
; INPUT[3]   ; Z           ;        ; 8.784  ; 9.197  ;        ;
; INPUT[4]   ; OUTPUT[3]   ; 6.266  ;        ;        ; 6.624  ;
; INPUT[4]   ; OUTPUT[4]   ; 6.275  ;        ;        ; 6.630  ;
; INPUT[4]   ; OUTPUT[12]  ; 7.238  ;        ;        ; 7.662  ;
; INPUT[4]   ; Z           ;        ; 9.510  ; 9.886  ;        ;
; INPUT[5]   ; OUTPUT[4]   ; 6.846  ;        ;        ; 7.241  ;
; INPUT[5]   ; OUTPUT[5]   ; 7.322  ;        ;        ; 7.765  ;
; INPUT[5]   ; OUTPUT[13]  ; 7.922  ;        ;        ; 8.423  ;
; INPUT[5]   ; Z           ;        ; 9.960  ; 10.403 ;        ;
; INPUT[6]   ; OUTPUT[5]   ; 5.353  ;        ;        ; 5.503  ;
; INPUT[6]   ; OUTPUT[6]   ; 6.753  ;        ;        ; 6.936  ;
; INPUT[6]   ; OUTPUT[14]  ; 5.690  ;        ;        ; 5.871  ;
; INPUT[6]   ; Z           ;        ; 8.332  ; 8.497  ;        ;
; INPUT[7]   ; OUTPUT[6]   ; 6.891  ;        ;        ; 7.041  ;
; INPUT[7]   ; OUTPUT[7]   ; 4.912  ;        ;        ; 4.995  ;
; INPUT[7]   ; OUTPUT[15]  ; 5.789  ;        ;        ; 5.891  ;
; INPUT[7]   ; Z           ;        ; 8.021  ; 8.114  ;        ;
; INPUT[8]   ; OUTPUT[7]   ; 6.760  ;        ;        ; 7.152  ;
; INPUT[8]   ; OUTPUT[8]   ; 8.154  ;        ;        ; 8.600  ;
; INPUT[8]   ; OUTPUT[16]  ; 8.417  ;        ;        ; 8.831  ;
; INPUT[8]   ; Z           ;        ; 10.526 ; 10.977 ;        ;
; INPUT[9]   ; OUTPUT[8]   ; 7.696  ;        ;        ; 8.153  ;
; INPUT[9]   ; OUTPUT[9]   ; 7.038  ;        ;        ; 7.432  ;
; INPUT[9]   ; OUTPUT[17]  ; 6.907  ;        ;        ; 7.309  ;
; INPUT[9]   ; Z           ;        ; 10.729 ; 11.126 ;        ;
; INPUT[10]  ; OUTPUT[9]   ; 8.120  ;        ;        ; 8.574  ;
; INPUT[10]  ; OUTPUT[10]  ; 9.207  ;        ;        ; 9.796  ;
; INPUT[10]  ; OUTPUT[18]  ; 6.954  ;        ;        ; 7.369  ;
; INPUT[10]  ; Z           ;        ; 9.608  ; 10.065 ;        ;
; INPUT[11]  ; OUTPUT[10]  ; 9.233  ;        ;        ; 9.780  ;
; INPUT[11]  ; OUTPUT[11]  ; 7.402  ;        ;        ; 7.802  ;
; INPUT[11]  ; OUTPUT[19]  ; 7.548  ;        ;        ; 7.969  ;
; INPUT[11]  ; Z           ;        ; 9.050  ; 9.457  ;        ;
; INPUT[12]  ; OUTPUT[11]  ; 7.036  ;        ;        ; 7.439  ;
; INPUT[12]  ; OUTPUT[12]  ; 6.913  ;        ;        ; 7.343  ;
; INPUT[12]  ; OUTPUT[20]  ; 7.173  ;        ;        ; 7.618  ;
; INPUT[12]  ; Z           ;        ; 9.185  ; 9.567  ;        ;
; INPUT[13]  ; OUTPUT[12]  ; 7.584  ;        ;        ; 8.041  ;
; INPUT[13]  ; OUTPUT[13]  ; 7.398  ;        ;        ; 7.856  ;
; INPUT[13]  ; OUTPUT[21]  ; 7.300  ;        ;        ; 7.746  ;
; INPUT[13]  ; Z           ;        ; 9.856  ; 10.265 ;        ;
; INPUT[14]  ; OUTPUT[13]  ; 7.642  ;        ;        ; 8.094  ;
; INPUT[14]  ; OUTPUT[14]  ; 6.952  ;        ;        ; 7.355  ;
; INPUT[14]  ; OUTPUT[22]  ; 7.510  ;        ;        ; 7.931  ;
; INPUT[14]  ; Z           ;        ; 9.680  ; 10.074 ;        ;
; INPUT[15]  ; OUTPUT[14]  ; 7.440  ;        ;        ; 7.889  ;
; INPUT[15]  ; OUTPUT[15]  ; 7.371  ;        ;        ; 7.803  ;
; INPUT[15]  ; OUTPUT[23]  ; 8.002  ;        ;        ; 8.393  ;
; INPUT[15]  ; Z           ;        ; 10.082 ; 10.515 ;        ;
; INPUT[16]  ; OUTPUT[15]  ; 7.461  ;        ;        ; 7.895  ;
; INPUT[16]  ; OUTPUT[16]  ; 7.017  ;        ;        ; 7.403  ;
; INPUT[16]  ; OUTPUT[24]  ; 7.264  ;        ;        ; 7.685  ;
; INPUT[16]  ; Z           ;        ; 9.693  ; 10.118 ;        ;
; INPUT[17]  ; OUTPUT[16]  ; 8.514  ;        ;        ; 8.902  ;
; INPUT[17]  ; OUTPUT[17]  ; 6.489  ;        ;        ; 6.870  ;
; INPUT[17]  ; OUTPUT[25]  ; 7.939  ;        ;        ; 8.356  ;
; INPUT[17]  ; Z           ;        ; 10.623 ; 11.048 ;        ;
; INPUT[18]  ; OUTPUT[17]  ; 6.781  ;        ;        ; 7.174  ;
; INPUT[18]  ; OUTPUT[18]  ; 6.542  ;        ;        ; 6.932  ;
; INPUT[18]  ; OUTPUT[26]  ; 6.831  ;        ;        ; 7.252  ;
; INPUT[18]  ; Z           ;        ; 10.603 ; 10.991 ;        ;
; INPUT[19]  ; OUTPUT[18]  ; 7.477  ;        ;        ; 7.879  ;
; INPUT[19]  ; OUTPUT[19]  ; 7.205  ;        ;        ; 7.578  ;
; INPUT[19]  ; OUTPUT[27]  ; 7.302  ;        ;        ; 7.719  ;
; INPUT[19]  ; Z           ;        ; 9.343  ; 9.787  ;        ;
; INPUT[20]  ; OUTPUT[19]  ; 7.312  ;        ;        ; 7.692  ;
; INPUT[20]  ; OUTPUT[20]  ; 7.255  ;        ;        ; 7.678  ;
; INPUT[20]  ; OUTPUT[28]  ; 7.071  ;        ;        ; 7.545  ;
; INPUT[20]  ; Z           ;        ; 9.434  ; 9.968  ;        ;
; INPUT[21]  ; OUTPUT[20]  ; 6.900  ;        ;        ; 7.301  ;
; INPUT[21]  ; OUTPUT[21]  ; 6.210  ;        ;        ; 6.558  ;
; INPUT[21]  ; OUTPUT[29]  ; 7.546  ;        ;        ; 7.872  ;
; INPUT[21]  ; Z           ;        ; 9.340  ; 9.753  ;        ;
; INPUT[22]  ; OUTPUT[21]  ; 7.198  ;        ;        ; 7.597  ;
; INPUT[22]  ; OUTPUT[22]  ; 6.460  ;        ;        ; 6.828  ;
; INPUT[22]  ; OUTPUT[30]  ; 6.888  ;        ;        ; 7.246  ;
; INPUT[22]  ; Z           ;        ; 9.624  ; 9.987  ;        ;
; INPUT[23]  ; N           ; 7.485  ;        ;        ; 7.977  ;
; INPUT[23]  ; OUTPUT[22]  ; 6.843  ;        ;        ; 7.281  ;
; INPUT[23]  ; OUTPUT[23]  ; 6.765  ;        ;        ; 7.136  ;
; INPUT[23]  ; OUTPUT[31]  ; 7.485  ;        ;        ; 7.977  ;
; INPUT[23]  ; Z           ;        ; 9.005  ; 9.488  ;        ;
; INPUT[24]  ; OUTPUT[23]  ; 7.361  ;        ;        ; 7.737  ;
; INPUT[24]  ; OUTPUT[24]  ; 7.123  ;        ;        ; 7.516  ;
; INPUT[24]  ; Z           ;        ; 8.288  ; 8.733  ;        ;
; INPUT[25]  ; OUTPUT[24]  ; 7.788  ;        ;        ; 8.241  ;
; INPUT[25]  ; OUTPUT[25]  ; 6.496  ;        ;        ; 6.862  ;
; INPUT[25]  ; Z           ;        ; 8.929  ; 9.390  ;        ;
; INPUT[26]  ; OUTPUT[25]  ; 7.560  ;        ;        ; 7.988  ;
; INPUT[26]  ; OUTPUT[26]  ; 6.595  ;        ;        ; 6.988  ;
; INPUT[26]  ; Z           ;        ; 9.049  ; 9.533  ;        ;
; INPUT[27]  ; OUTPUT[26]  ; 7.340  ;        ;        ; 7.724  ;
; INPUT[27]  ; OUTPUT[27]  ; 7.082  ;        ;        ; 7.452  ;
; INPUT[27]  ; Z           ;        ; 9.573  ; 10.022 ;        ;
; INPUT[28]  ; OUTPUT[27]  ; 7.011  ;        ;        ; 7.403  ;
; INPUT[28]  ; OUTPUT[28]  ; 6.660  ;        ;        ; 7.051  ;
; INPUT[28]  ; Z           ;        ; 9.023  ; 9.474  ;        ;
; INPUT[29]  ; OUTPUT[28]  ; 7.413  ;        ;        ; 7.849  ;
; INPUT[29]  ; OUTPUT[29]  ; 7.137  ;        ;        ; 7.493  ;
; INPUT[29]  ; Z           ;        ; 9.776  ; 10.272 ;        ;
; INPUT[30]  ; OUTPUT[29]  ; 7.955  ;        ;        ; 8.337  ;
; INPUT[30]  ; OUTPUT[30]  ; 7.436  ;        ;        ; 7.875  ;
; INPUT[30]  ; Z           ;        ; 10.172 ; 10.616 ;        ;
; INPUT[31]  ; N           ; 7.230  ;        ;        ; 7.661  ;
; INPUT[31]  ; OUTPUT[30]  ; 7.267  ;        ;        ; 7.683  ;
; INPUT[31]  ; OUTPUT[31]  ; 7.230  ;        ;        ; 7.661  ;
; INPUT[31]  ; Z           ;        ; 10.003 ; 10.424 ;        ;
; MIR[22]    ; N           ; 7.317  ; 7.336  ; 7.747  ; 7.799  ;
; MIR[22]    ; OUTPUT[0]   ; 7.378  ; 7.365  ; 7.810  ; 7.832  ;
; MIR[22]    ; OUTPUT[1]   ; 7.227  ; 7.166  ; 7.636  ; 7.674  ;
; MIR[22]    ; OUTPUT[2]   ; 7.594  ; 7.724  ; 8.092  ; 8.149  ;
; MIR[22]    ; OUTPUT[3]   ; 6.281  ; 6.249  ; 6.727  ; 6.730  ;
; MIR[22]    ; OUTPUT[4]   ; 6.272  ; 6.241  ; 6.718  ; 6.720  ;
; MIR[22]    ; OUTPUT[5]   ; 7.031  ; 7.038  ; 7.497  ; 7.535  ;
; MIR[22]    ; OUTPUT[6]   ; 8.274  ; 8.315  ; 8.721  ; 8.797  ;
; MIR[22]    ; OUTPUT[7]   ; 6.281  ; 6.247  ; 6.727  ; 6.728  ;
; MIR[22]    ; OUTPUT[8]   ; 7.727  ; 7.777  ; 8.164  ; 8.244  ;
; MIR[22]    ; OUTPUT[9]   ; 7.624  ; 7.661  ; 8.057  ; 8.127  ;
; MIR[22]    ; OUTPUT[10]  ; 9.011  ; 9.169  ; 9.450  ; 9.638  ;
; MIR[22]    ; OUTPUT[11]  ; 7.318  ; 7.390  ; 7.817  ; 7.776  ;
; MIR[22]    ; OUTPUT[12]  ; 7.253  ; 7.291  ; 7.698  ; 7.769  ;
; MIR[22]    ; OUTPUT[13]  ; 7.337  ; 7.366  ; 7.783  ; 7.842  ;
; MIR[22]    ; OUTPUT[14]  ; 7.217  ; 7.250  ; 7.664  ; 7.727  ;
; MIR[22]    ; OUTPUT[15]  ; 7.199  ; 7.197  ; 7.643  ; 7.673  ;
; MIR[22]    ; OUTPUT[16]  ; 8.603  ; 8.649  ; 9.128  ; 9.027  ;
; MIR[22]    ; OUTPUT[17]  ; 6.920  ; 6.900  ; 7.392  ; 7.363  ;
; MIR[22]    ; OUTPUT[18]  ; 7.197  ; 7.184  ; 7.660  ; 7.638  ;
; MIR[22]    ; OUTPUT[19]  ; 7.469  ; 7.436  ; 7.930  ; 7.888  ;
; MIR[22]    ; OUTPUT[20]  ; 7.242  ; 7.234  ; 7.671  ; 7.693  ;
; MIR[22]    ; OUTPUT[21]  ; 7.103  ; 7.097  ; 7.535  ; 7.559  ;
; MIR[22]    ; OUTPUT[22]  ; 7.027  ; 7.118  ; 7.538  ; 7.516  ;
; MIR[22]    ; OUTPUT[23]  ; 7.350  ; 7.407  ; 7.867  ; 7.811  ;
; MIR[22]    ; OUTPUT[24]  ; 7.439  ; 7.470  ; 7.866  ; 7.930  ;
; MIR[22]    ; OUTPUT[25]  ; 7.853  ; 7.842  ; 8.316  ; 8.321  ;
; MIR[22]    ; OUTPUT[26]  ; 6.942  ; 6.902  ; 7.406  ; 7.357  ;
; MIR[22]    ; OUTPUT[27]  ; 6.988  ; 6.946  ; 7.449  ; 7.398  ;
; MIR[22]    ; OUTPUT[28]  ; 7.179  ; 7.191  ; 7.648  ; 7.651  ;
; MIR[22]    ; OUTPUT[29]  ; 8.006  ; 7.924  ; 8.458  ; 8.430  ;
; MIR[22]    ; OUTPUT[30]  ; 7.472  ; 7.536  ; 7.971  ; 7.962  ;
; MIR[22]    ; OUTPUT[31]  ; 7.317  ; 7.336  ; 7.747  ; 7.799  ;
; MIR[22]    ; Z           ; 10.795 ; 10.742 ; 11.180 ; 11.237 ;
; MIR[23]    ; N           ; 8.056  ; 8.056  ; 8.455  ; 8.554  ;
; MIR[23]    ; OUTPUT[0]   ; 7.947  ; 7.998  ; 8.434  ; 8.412  ;
; MIR[23]    ; OUTPUT[1]   ; 7.528  ; 7.489  ; 7.949  ; 7.940  ;
; MIR[23]    ; OUTPUT[2]   ; 7.891  ; 7.960  ; 8.311  ; 8.411  ;
; MIR[23]    ; OUTPUT[3]   ; 7.156  ; 7.188  ; 7.623  ; 7.582  ;
; MIR[23]    ; OUTPUT[4]   ; 7.126  ; 7.171  ; 7.602  ; 7.507  ;
; MIR[23]    ; OUTPUT[5]   ; 7.520  ; 7.518  ; 7.940  ; 7.929  ;
; MIR[23]    ; OUTPUT[6]   ; 8.905  ; 8.951  ; 9.322  ; 9.359  ;
; MIR[23]    ; OUTPUT[7]   ; 6.912  ; 6.883  ; 7.328  ; 7.290  ;
; MIR[23]    ; OUTPUT[8]   ; 8.290  ; 8.339  ; 8.717  ; 8.820  ;
; MIR[23]    ; OUTPUT[9]   ; 8.165  ; 8.279  ; 8.662  ; 8.663  ;
; MIR[23]    ; OUTPUT[10]  ; 9.563  ; 9.720  ; 9.991  ; 10.202 ;
; MIR[23]    ; OUTPUT[11]  ; 7.657  ; 7.652  ; 8.076  ; 8.104  ;
; MIR[23]    ; OUTPUT[12]  ; 8.104  ; 8.219  ; 8.580  ; 8.582  ;
; MIR[23]    ; OUTPUT[13]  ; 8.227  ; 8.255  ; 8.634  ; 8.716  ;
; MIR[23]    ; OUTPUT[14]  ; 8.107  ; 8.139  ; 8.515  ; 8.601  ;
; MIR[23]    ; OUTPUT[15]  ; 7.831  ; 7.833  ; 8.248  ; 8.233  ;
; MIR[23]    ; OUTPUT[16]  ; 8.739  ; 8.705  ; 9.196  ; 9.169  ;
; MIR[23]    ; OUTPUT[17]  ; 7.272  ; 7.249  ; 7.730  ; 7.742  ;
; MIR[23]    ; OUTPUT[18]  ; 7.536  ; 7.520  ; 7.995  ; 8.014  ;
; MIR[23]    ; OUTPUT[19]  ; 7.798  ; 7.762  ; 8.254  ; 8.253  ;
; MIR[23]    ; OUTPUT[20]  ; 7.969  ; 7.960  ; 8.403  ; 8.448  ;
; MIR[23]    ; OUTPUT[21]  ; 7.839  ; 7.832  ; 8.262  ; 8.309  ;
; MIR[23]    ; OUTPUT[22]  ; 7.524  ; 7.538  ; 7.940  ; 7.987  ;
; MIR[23]    ; OUTPUT[23]  ; 7.842  ; 7.822  ; 8.260  ; 8.273  ;
; MIR[23]    ; OUTPUT[24]  ; 8.129  ; 8.237  ; 8.623  ; 8.618  ;
; MIR[23]    ; OUTPUT[25]  ; 7.681  ; 7.670  ; 8.147  ; 8.127  ;
; MIR[23]    ; OUTPUT[26]  ; 7.276  ; 7.235  ; 7.735  ; 7.748  ;
; MIR[23]    ; OUTPUT[27]  ; 7.316  ; 7.273  ; 7.776  ; 7.787  ;
; MIR[23]    ; OUTPUT[28]  ; 7.531  ; 7.542  ; 7.992  ; 8.057  ;
; MIR[23]    ; OUTPUT[29]  ; 8.453  ; 8.372  ; 8.890  ; 8.839  ;
; MIR[23]    ; OUTPUT[30]  ; 7.945  ; 7.948  ; 8.352  ; 8.386  ;
; MIR[23]    ; OUTPUT[31]  ; 8.056  ; 8.056  ; 8.455  ; 8.554  ;
; MIR[23]    ; Z           ; 11.066 ; 11.094 ; 11.559 ; 11.552 ;
+------------+-------------+--------+--------+--------+--------+


+----------------------------------------------------------+
; Minimum Propagation Delay                                ;
+------------+-------------+-------+-------+-------+-------+
; Input Port ; Output Port ; RR    ; RF    ; FR    ; FF    ;
+------------+-------------+-------+-------+-------+-------+
; INPUT[0]   ; OUTPUT[0]   ; 4.374 ;       ;       ; 5.081 ;
; INPUT[0]   ; OUTPUT[8]   ; 4.559 ;       ;       ; 5.281 ;
; INPUT[0]   ; Z           ;       ; 4.744 ; 5.331 ;       ;
; INPUT[1]   ; OUTPUT[0]   ; 4.211 ;       ;       ; 4.909 ;
; INPUT[1]   ; OUTPUT[1]   ; 4.005 ;       ;       ; 4.660 ;
; INPUT[1]   ; OUTPUT[9]   ; 4.248 ;       ;       ; 4.934 ;
; INPUT[1]   ; Z           ;       ; 4.523 ; 5.091 ;       ;
; INPUT[2]   ; OUTPUT[1]   ; 4.132 ;       ;       ; 4.816 ;
; INPUT[2]   ; OUTPUT[2]   ; 4.402 ;       ;       ; 5.095 ;
; INPUT[2]   ; OUTPUT[10]  ; 5.440 ;       ;       ; 6.226 ;
; INPUT[2]   ; Z           ;       ; 4.650 ; 5.247 ;       ;
; INPUT[3]   ; OUTPUT[2]   ; 4.211 ;       ;       ; 4.883 ;
; INPUT[3]   ; OUTPUT[3]   ; 3.600 ;       ;       ; 4.213 ;
; INPUT[3]   ; OUTPUT[11]  ; 4.109 ;       ;       ; 4.751 ;
; INPUT[3]   ; Z           ;       ; 4.618 ; 5.213 ;       ;
; INPUT[4]   ; OUTPUT[3]   ; 3.562 ;       ;       ; 4.169 ;
; INPUT[4]   ; OUTPUT[4]   ; 3.573 ;       ;       ; 4.179 ;
; INPUT[4]   ; OUTPUT[12]  ; 4.072 ;       ;       ; 4.726 ;
; INPUT[4]   ; Z           ;       ; 4.704 ; 5.295 ;       ;
; INPUT[5]   ; OUTPUT[4]   ; 3.894 ;       ;       ; 4.537 ;
; INPUT[5]   ; OUTPUT[5]   ; 4.180 ;       ;       ; 4.869 ;
; INPUT[5]   ; OUTPUT[13]  ; 4.446 ;       ;       ; 5.186 ;
; INPUT[5]   ; Z           ;       ; 4.875 ; 5.482 ;       ;
; INPUT[6]   ; OUTPUT[5]   ; 3.122 ;       ;       ; 3.505 ;
; INPUT[6]   ; OUTPUT[6]   ; 4.065 ;       ;       ; 4.475 ;
; INPUT[6]   ; OUTPUT[14]  ; 3.208 ;       ;       ; 3.591 ;
; INPUT[6]   ; Z           ;       ; 3.817 ; 4.118 ;       ;
; INPUT[7]   ; OUTPUT[6]   ; 4.193 ;       ;       ; 4.605 ;
; INPUT[7]   ; OUTPUT[7]   ; 2.865 ;       ;       ; 3.193 ;
; INPUT[7]   ; OUTPUT[15]  ; 3.361 ;       ;       ; 3.749 ;
; INPUT[7]   ; Z           ;       ; 3.845 ; 4.120 ;       ;
; INPUT[8]   ; OUTPUT[7]   ; 3.844 ;       ;       ; 4.477 ;
; INPUT[8]   ; OUTPUT[8]   ; 4.657 ;       ;       ; 5.384 ;
; INPUT[8]   ; OUTPUT[16]  ; 4.714 ;       ;       ; 5.441 ;
; INPUT[8]   ; Z           ;       ; 4.824 ; 5.404 ;       ;
; INPUT[9]   ; OUTPUT[8]   ; 4.421 ;       ;       ; 5.112 ;
; INPUT[9]   ; OUTPUT[9]   ; 4.020 ;       ;       ; 4.679 ;
; INPUT[9]   ; OUTPUT[17]  ; 3.902 ;       ;       ; 4.536 ;
; INPUT[9]   ; Z           ;       ; 4.881 ; 5.338 ;       ;
; INPUT[10]  ; OUTPUT[9]   ; 4.535 ;       ;       ; 5.228 ;
; INPUT[10]  ; OUTPUT[10]  ; 5.457 ;       ;       ; 6.228 ;
; INPUT[10]  ; OUTPUT[18]  ; 3.924 ;       ;       ; 4.578 ;
; INPUT[10]  ; Z           ;       ; 4.985 ; 5.555 ;       ;
; INPUT[11]  ; OUTPUT[10]  ; 5.450 ;       ;       ; 6.217 ;
; INPUT[11]  ; OUTPUT[11]  ; 4.172 ;       ;       ; 4.844 ;
; INPUT[11]  ; OUTPUT[19]  ; 4.233 ;       ;       ; 4.939 ;
; INPUT[11]  ; Z           ;       ; 5.045 ; 5.520 ;       ;
; INPUT[12]  ; OUTPUT[11]  ; 3.999 ;       ;       ; 4.639 ;
; INPUT[12]  ; OUTPUT[12]  ; 3.905 ;       ;       ; 4.559 ;
; INPUT[12]  ; OUTPUT[20]  ; 4.024 ;       ;       ; 4.689 ;
; INPUT[12]  ; Z           ;       ; 4.677 ; 5.221 ;       ;
; INPUT[13]  ; OUTPUT[12]  ; 4.280 ;       ;       ; 4.956 ;
; INPUT[13]  ; OUTPUT[13]  ; 4.195 ;       ;       ; 4.903 ;
; INPUT[13]  ; OUTPUT[21]  ; 4.054 ;       ;       ; 4.716 ;
; INPUT[13]  ; Z           ;       ; 4.953 ; 5.528 ;       ;
; INPUT[14]  ; OUTPUT[13]  ; 4.332 ;       ;       ; 5.030 ;
; INPUT[14]  ; OUTPUT[14]  ; 3.965 ;       ;       ; 4.598 ;
; INPUT[14]  ; OUTPUT[22]  ; 4.201 ;       ;       ; 4.857 ;
; INPUT[14]  ; Z           ;       ; 5.229 ; 5.781 ;       ;
; INPUT[15]  ; OUTPUT[14]  ; 4.178 ;       ;       ; 4.837 ;
; INPUT[15]  ; OUTPUT[15]  ; 4.189 ;       ;       ; 4.881 ;
; INPUT[15]  ; OUTPUT[23]  ; 4.483 ;       ;       ; 5.162 ;
; INPUT[15]  ; Z           ;       ; 5.062 ; 5.601 ;       ;
; INPUT[16]  ; OUTPUT[15]  ; 4.210 ;       ;       ; 4.888 ;
; INPUT[16]  ; OUTPUT[16]  ; 3.957 ;       ;       ; 4.594 ;
; INPUT[16]  ; OUTPUT[24]  ; 4.118 ;       ;       ; 4.784 ;
; INPUT[16]  ; Z           ;       ; 4.760 ; 5.274 ;       ;
; INPUT[17]  ; OUTPUT[16]  ; 4.753 ;       ;       ; 5.479 ;
; INPUT[17]  ; OUTPUT[17]  ; 3.701 ;       ;       ; 4.318 ;
; INPUT[17]  ; OUTPUT[25]  ; 4.432 ;       ;       ; 5.105 ;
; INPUT[17]  ; Z           ;       ; 5.304 ; 5.854 ;       ;
; INPUT[18]  ; OUTPUT[17]  ; 3.816 ;       ;       ; 4.437 ;
; INPUT[18]  ; OUTPUT[18]  ; 3.685 ;       ;       ; 4.322 ;
; INPUT[18]  ; OUTPUT[26]  ; 3.857 ;       ;       ; 4.496 ;
; INPUT[18]  ; Z           ;       ; 4.746 ; 5.299 ;       ;
; INPUT[19]  ; OUTPUT[18]  ; 4.211 ;       ;       ; 4.876 ;
; INPUT[19]  ; OUTPUT[19]  ; 4.038 ;       ;       ; 4.704 ;
; INPUT[19]  ; OUTPUT[27]  ; 4.118 ;       ;       ; 4.778 ;
; INPUT[19]  ; Z           ;       ; 4.872 ; 5.448 ;       ;
; INPUT[20]  ; OUTPUT[19]  ; 4.101 ;       ;       ; 4.758 ;
; INPUT[20]  ; OUTPUT[20]  ; 4.103 ;       ;       ; 4.767 ;
; INPUT[20]  ; OUTPUT[28]  ; 3.962 ;       ;       ; 4.615 ;
; INPUT[20]  ; Z           ;       ; 4.756 ; 5.299 ;       ;
; INPUT[21]  ; OUTPUT[20]  ; 3.908 ;       ;       ; 4.544 ;
; INPUT[21]  ; OUTPUT[21]  ; 3.542 ;       ;       ; 4.135 ;
; INPUT[21]  ; OUTPUT[29]  ; 4.227 ;       ;       ; 4.909 ;
; INPUT[21]  ; Z           ;       ; 4.441 ; 4.947 ;       ;
; INPUT[22]  ; OUTPUT[21]  ; 4.027 ;       ;       ; 4.670 ;
; INPUT[22]  ; OUTPUT[22]  ; 3.688 ;       ;       ; 4.305 ;
; INPUT[22]  ; OUTPUT[30]  ; 3.914 ;       ;       ; 4.546 ;
; INPUT[22]  ; Z           ;       ; 4.716 ; 5.229 ;       ;
; INPUT[23]  ; N           ; 4.250 ;       ;       ; 4.950 ;
; INPUT[23]  ; OUTPUT[22]  ; 3.847 ;       ;       ; 4.478 ;
; INPUT[23]  ; OUTPUT[23]  ; 3.842 ;       ;       ; 4.470 ;
; INPUT[23]  ; OUTPUT[31]  ; 4.250 ;       ;       ; 4.950 ;
; INPUT[23]  ; Z           ;       ; 4.421 ; 4.909 ;       ;
; INPUT[24]  ; OUTPUT[23]  ; 4.139 ;       ;       ; 4.800 ;
; INPUT[24]  ; OUTPUT[24]  ; 4.057 ;       ;       ; 4.727 ;
; INPUT[24]  ; Z           ;       ; 4.699 ; 5.217 ;       ;
; INPUT[25]  ; OUTPUT[24]  ; 4.393 ;       ;       ; 5.084 ;
; INPUT[25]  ; OUTPUT[25]  ; 3.701 ;       ;       ; 4.309 ;
; INPUT[25]  ; Z           ;       ; 4.573 ; 5.058 ;       ;
; INPUT[26]  ; OUTPUT[25]  ; 4.231 ;       ;       ; 4.888 ;
; INPUT[26]  ; OUTPUT[26]  ; 3.768 ;       ;       ; 4.384 ;
; INPUT[26]  ; Z           ;       ; 5.010 ; 5.483 ;       ;
; INPUT[27]  ; OUTPUT[26]  ; 4.135 ;       ;       ; 4.788 ;
; INPUT[27]  ; OUTPUT[27]  ; 4.004 ;       ;       ; 4.647 ;
; INPUT[27]  ; Z           ;       ; 5.086 ; 5.580 ;       ;
; INPUT[28]  ; OUTPUT[27]  ; 3.975 ;       ;       ; 4.618 ;
; INPUT[28]  ; OUTPUT[28]  ; 3.799 ;       ;       ; 4.432 ;
; INPUT[28]  ; Z           ;       ; 5.057 ; 5.551 ;       ;
; INPUT[29]  ; OUTPUT[28]  ; 4.158 ;       ;       ; 4.814 ;
; INPUT[29]  ; OUTPUT[29]  ; 4.041 ;       ;       ; 4.684 ;
; INPUT[29]  ; Z           ;       ; 5.066 ; 5.544 ;       ;
; INPUT[30]  ; OUTPUT[29]  ; 4.407 ;       ;       ; 5.127 ;
; INPUT[30]  ; OUTPUT[30]  ; 4.120 ;       ;       ; 4.766 ;
; INPUT[30]  ; Z           ;       ; 5.432 ; 5.987 ;       ;
; INPUT[31]  ; N           ; 4.137 ;       ;       ; 4.825 ;
; INPUT[31]  ; OUTPUT[30]  ; 4.068 ;       ;       ; 4.727 ;
; INPUT[31]  ; OUTPUT[31]  ; 4.137 ;       ;       ; 4.825 ;
; INPUT[31]  ; Z           ;       ; 5.001 ; 5.505 ;       ;
; MIR[22]    ; N           ; 4.190 ; 4.284 ; 4.768 ; 4.881 ;
; MIR[22]    ; OUTPUT[0]   ; 4.242 ; 4.367 ; 4.821 ; 4.965 ;
; MIR[22]    ; OUTPUT[1]   ; 4.084 ; 4.178 ; 4.684 ; 4.760 ;
; MIR[22]    ; OUTPUT[2]   ; 4.365 ; 4.525 ; 5.008 ; 5.072 ;
; MIR[22]    ; OUTPUT[3]   ; 3.613 ; 3.656 ; 4.196 ; 4.258 ;
; MIR[22]    ; OUTPUT[4]   ; 3.610 ; 3.653 ; 4.190 ; 4.252 ;
; MIR[22]    ; OUTPUT[5]   ; 4.012 ; 4.120 ; 4.637 ; 4.687 ;
; MIR[22]    ; OUTPUT[6]   ; 4.920 ; 5.041 ; 5.503 ; 5.643 ;
; MIR[22]    ; OUTPUT[7]   ; 3.612 ; 3.649 ; 4.194 ; 4.250 ;
; MIR[22]    ; OUTPUT[8]   ; 4.280 ; 4.390 ; 4.860 ; 4.989 ;
; MIR[22]    ; OUTPUT[9]   ; 4.034 ; 4.124 ; 4.615 ; 4.724 ;
; MIR[22]    ; OUTPUT[10]  ; 5.201 ; 5.372 ; 5.781 ; 5.971 ;
; MIR[22]    ; OUTPUT[11]  ; 3.936 ; 4.002 ; 4.517 ; 4.602 ;
; MIR[22]    ; OUTPUT[12]  ; 3.960 ; 4.079 ; 4.604 ; 4.639 ;
; MIR[22]    ; OUTPUT[13]  ; 4.018 ; 4.120 ; 4.599 ; 4.720 ;
; MIR[22]    ; OUTPUT[14]  ; 3.792 ; 3.842 ; 4.371 ; 4.440 ;
; MIR[22]    ; OUTPUT[15]  ; 3.955 ; 4.036 ; 4.538 ; 4.638 ;
; MIR[22]    ; OUTPUT[16]  ; 3.867 ; 3.926 ; 4.450 ; 4.528 ;
; MIR[22]    ; OUTPUT[17]  ; 3.744 ; 3.785 ; 4.372 ; 4.414 ;
; MIR[22]    ; OUTPUT[18]  ; 3.787 ; 3.840 ; 4.406 ; 4.452 ;
; MIR[22]    ; OUTPUT[19]  ; 3.893 ; 3.956 ; 4.511 ; 4.567 ;
; MIR[22]    ; OUTPUT[20]  ; 3.928 ; 3.989 ; 4.505 ; 4.585 ;
; MIR[22]    ; OUTPUT[21]  ; 3.717 ; 3.750 ; 4.294 ; 4.346 ;
; MIR[22]    ; OUTPUT[22]  ; 3.637 ; 3.665 ; 4.216 ; 4.263 ;
; MIR[22]    ; OUTPUT[23]  ; 3.931 ; 3.992 ; 4.538 ; 4.595 ;
; MIR[22]    ; OUTPUT[24]  ; 4.073 ; 4.167 ; 4.682 ; 4.772 ;
; MIR[22]    ; OUTPUT[25]  ; 3.654 ; 3.680 ; 4.231 ; 4.276 ;
; MIR[22]    ; OUTPUT[26]  ; 3.913 ; 3.967 ; 4.544 ; 4.594 ;
; MIR[22]    ; OUTPUT[27]  ; 3.933 ; 3.989 ; 4.563 ; 4.615 ;
; MIR[22]    ; OUTPUT[28]  ; 3.787 ; 3.838 ; 4.407 ; 4.451 ;
; MIR[22]    ; OUTPUT[29]  ; 4.053 ; 4.121 ; 4.684 ; 4.748 ;
; MIR[22]    ; OUTPUT[30]  ; 4.160 ; 3.903 ; 4.436 ; 4.827 ;
; MIR[22]    ; OUTPUT[31]  ; 4.190 ; 4.284 ; 4.768 ; 4.881 ;
; MIR[22]    ; Z           ; 4.429 ; 4.510 ; 5.025 ; 5.103 ;
; MIR[23]    ; N           ; 4.581 ; 4.659 ; 5.223 ; 5.355 ;
; MIR[23]    ; OUTPUT[0]   ; 4.542 ; 4.656 ; 5.157 ; 5.309 ;
; MIR[23]    ; OUTPUT[1]   ; 4.263 ; 4.345 ; 4.873 ; 4.975 ;
; MIR[23]    ; OUTPUT[2]   ; 4.527 ; 4.636 ; 5.136 ; 5.265 ;
; MIR[23]    ; OUTPUT[3]   ; 4.053 ; 4.085 ; 4.677 ; 4.747 ;
; MIR[23]    ; OUTPUT[4]   ; 4.038 ; 4.085 ; 4.672 ; 4.708 ;
; MIR[23]    ; OUTPUT[5]   ; 4.265 ; 4.348 ; 4.897 ; 4.973 ;
; MIR[23]    ; OUTPUT[6]   ; 5.226 ; 5.352 ; 5.855 ; 5.974 ;
; MIR[23]    ; OUTPUT[7]   ; 3.918 ; 3.960 ; 4.547 ; 4.582 ;
; MIR[23]    ; OUTPUT[8]   ; 4.570 ; 4.710 ; 5.224 ; 5.322 ;
; MIR[23]    ; OUTPUT[9]   ; 4.303 ; 4.397 ; 4.926 ; 5.009 ;
; MIR[23]    ; OUTPUT[10]  ; 5.475 ; 5.676 ; 6.123 ; 6.282 ;
; MIR[23]    ; OUTPUT[11]  ; 4.234 ; 4.330 ; 4.885 ; 4.939 ;
; MIR[23]    ; OUTPUT[12]  ; 4.213 ; 4.285 ; 4.842 ; 4.907 ;
; MIR[23]    ; OUTPUT[13]  ; 4.459 ; 4.591 ; 5.120 ; 5.210 ;
; MIR[23]    ; OUTPUT[14]  ; 4.222 ; 4.276 ; 4.854 ; 4.897 ;
; MIR[23]    ; OUTPUT[15]  ; 4.395 ; 4.504 ; 5.032 ; 5.125 ;
; MIR[23]    ; OUTPUT[16]  ; 4.173 ; 4.237 ; 4.803 ; 4.860 ;
; MIR[23]    ; OUTPUT[17]  ; 3.770 ; 3.811 ; 4.415 ; 4.452 ;
; MIR[23]    ; OUTPUT[18]  ; 3.940 ; 4.040 ; 4.634 ; 4.650 ;
; MIR[23]    ; OUTPUT[19]  ; 4.049 ; 4.159 ; 4.741 ; 4.767 ;
; MIR[23]    ; OUTPUT[20]  ; 4.308 ; 4.399 ; 4.991 ; 5.040 ;
; MIR[23]    ; OUTPUT[21]  ; 4.086 ; 4.123 ; 4.746 ; 4.772 ;
; MIR[23]    ; OUTPUT[22]  ; 4.008 ; 4.040 ; 4.670 ; 4.691 ;
; MIR[23]    ; OUTPUT[23]  ; 4.029 ; 4.090 ; 4.623 ; 4.685 ;
; MIR[23]    ; OUTPUT[24]  ; 4.162 ; 4.256 ; 4.756 ; 4.851 ;
; MIR[23]    ; OUTPUT[25]  ; 4.023 ; 4.053 ; 4.689 ; 4.708 ;
; MIR[23]    ; OUTPUT[26]  ; 3.956 ; 4.007 ; 4.608 ; 4.657 ;
; MIR[23]    ; OUTPUT[27]  ; 3.979 ; 4.032 ; 4.629 ; 4.680 ;
; MIR[23]    ; OUTPUT[28]  ; 3.931 ; 4.000 ; 4.591 ; 4.609 ;
; MIR[23]    ; OUTPUT[29]  ; 4.085 ; 4.150 ; 4.733 ; 4.796 ;
; MIR[23]    ; OUTPUT[30]  ; 4.227 ; 4.488 ; 5.068 ; 4.928 ;
; MIR[23]    ; OUTPUT[31]  ; 4.581 ; 4.659 ; 5.223 ; 5.355 ;
; MIR[23]    ; Z           ; 4.529 ; 4.608 ; 5.124 ; 5.202 ;
+------------+-------------+-------+-------+-------+-------+


+------------------------------------------------------------------------------------------------------------------------------------------------------------------------------------------------------------------------------------------------------------------------------------------------------------------------------------------------------------------------------------------------------------------+
; Board Trace Model Assignments                                                                                                                                                                                                                                                                                                                                                                                    ;
+---------------+--------------+-------------------+-------------------------+-------------------------+---------------+---------------------+----------------+------------------+--------+------------------+------------------------+------------------------+--------------+---------------+-----------------+-------+---------------------+--------------------+---------------+-----------------+-------------+
; Pin           ; I/O Standard ; Near Tline Length ; Near Tline L per Length ; Near Tline C per Length ; Near Series R ; Near Differential R ; Near Pull-up R ; Near Pull-down R ; Near C ; Far Tline Length ; Far Tline L per Length ; Far Tline C per Length ; Far Series R ; Far Pull-up R ; Far Pull-down R ; Far C ; Termination Voltage ; Far Differential R ; EBD File Name ; EBD Signal Name ; EBD Far-end ;
+---------------+--------------+-------------------+-------------------------+-------------------------+---------------+---------------------+----------------+------------------+--------+------------------+------------------------+------------------------+--------------+---------------+-----------------+-------+---------------------+--------------------+---------------+-----------------+-------------+
; N             ; 2.5 V        ; 0 in              ; 0 H/in                  ; 0 F/in                  ; short         ; -                   ; open           ; open             ; open   ; 0 in             ; 0 H/in                 ; 0 F/in                 ; short        ; open          ; open            ; open  ; 0 V                 ; -                  ; n/a           ; n/a             ; n/a         ;
; OUTPUT[31]    ; 2.5 V        ; 0 in              ; 0 H/in                  ; 0 F/in                  ; short         ; -                   ; open           ; open             ; open   ; 0 in             ; 0 H/in                 ; 0 F/in                 ; short        ; open          ; open            ; open  ; 0 V                 ; -                  ; n/a           ; n/a             ; n/a         ;
; OUTPUT[30]    ; 2.5 V        ; 0 in              ; 0 H/in                  ; 0 F/in                  ; short         ; -                   ; open           ; open             ; open   ; 0 in             ; 0 H/in                 ; 0 F/in                 ; short        ; open          ; open            ; open  ; 0 V                 ; -                  ; n/a           ; n/a             ; n/a         ;
; OUTPUT[29]    ; 2.5 V        ; 0 in              ; 0 H/in                  ; 0 F/in                  ; short         ; -                   ; open           ; open             ; open   ; 0 in             ; 0 H/in                 ; 0 F/in                 ; short        ; open          ; open            ; open  ; 0 V                 ; -                  ; n/a           ; n/a             ; n/a         ;
; OUTPUT[28]    ; 2.5 V        ; 0 in              ; 0 H/in                  ; 0 F/in                  ; short         ; -                   ; open           ; open             ; open   ; 0 in             ; 0 H/in                 ; 0 F/in                 ; short        ; open          ; open            ; open  ; 0 V                 ; -                  ; n/a           ; n/a             ; n/a         ;
; OUTPUT[27]    ; 2.5 V        ; 0 in              ; 0 H/in                  ; 0 F/in                  ; short         ; -                   ; open           ; open             ; open   ; 0 in             ; 0 H/in                 ; 0 F/in                 ; short        ; open          ; open            ; open  ; 0 V                 ; -                  ; n/a           ; n/a             ; n/a         ;
; OUTPUT[26]    ; 2.5 V        ; 0 in              ; 0 H/in                  ; 0 F/in                  ; short         ; -                   ; open           ; open             ; open   ; 0 in             ; 0 H/in                 ; 0 F/in                 ; short        ; open          ; open            ; open  ; 0 V                 ; -                  ; n/a           ; n/a             ; n/a         ;
; OUTPUT[25]    ; 2.5 V        ; 0 in              ; 0 H/in                  ; 0 F/in                  ; short         ; -                   ; open           ; open             ; open   ; 0 in             ; 0 H/in                 ; 0 F/in                 ; short        ; open          ; open            ; open  ; 0 V                 ; -                  ; n/a           ; n/a             ; n/a         ;
; OUTPUT[24]    ; 2.5 V        ; 0 in              ; 0 H/in                  ; 0 F/in                  ; short         ; -                   ; open           ; open             ; open   ; 0 in             ; 0 H/in                 ; 0 F/in                 ; short        ; open          ; open            ; open  ; 0 V                 ; -                  ; n/a           ; n/a             ; n/a         ;
; OUTPUT[23]    ; 2.5 V        ; 0 in              ; 0 H/in                  ; 0 F/in                  ; short         ; -                   ; open           ; open             ; open   ; 0 in             ; 0 H/in                 ; 0 F/in                 ; short        ; open          ; open            ; open  ; 0 V                 ; -                  ; n/a           ; n/a             ; n/a         ;
; OUTPUT[22]    ; 2.5 V        ; 0 in              ; 0 H/in                  ; 0 F/in                  ; short         ; -                   ; open           ; open             ; open   ; 0 in             ; 0 H/in                 ; 0 F/in                 ; short        ; open          ; open            ; open  ; 0 V                 ; -                  ; n/a           ; n/a             ; n/a         ;
; OUTPUT[21]    ; 2.5 V        ; 0 in              ; 0 H/in                  ; 0 F/in                  ; short         ; -                   ; open           ; open             ; open   ; 0 in             ; 0 H/in                 ; 0 F/in                 ; short        ; open          ; open            ; open  ; 0 V                 ; -                  ; n/a           ; n/a             ; n/a         ;
; OUTPUT[20]    ; 2.5 V        ; 0 in              ; 0 H/in                  ; 0 F/in                  ; short         ; -                   ; open           ; open             ; open   ; 0 in             ; 0 H/in                 ; 0 F/in                 ; short        ; open          ; open            ; open  ; 0 V                 ; -                  ; n/a           ; n/a             ; n/a         ;
; OUTPUT[19]    ; 2.5 V        ; 0 in              ; 0 H/in                  ; 0 F/in                  ; short         ; -                   ; open           ; open             ; open   ; 0 in             ; 0 H/in                 ; 0 F/in                 ; short        ; open          ; open            ; open  ; 0 V                 ; -                  ; n/a           ; n/a             ; n/a         ;
; OUTPUT[18]    ; 2.5 V        ; 0 in              ; 0 H/in                  ; 0 F/in                  ; short         ; -                   ; open           ; open             ; open   ; 0 in             ; 0 H/in                 ; 0 F/in                 ; short        ; open          ; open            ; open  ; 0 V                 ; -                  ; n/a           ; n/a             ; n/a         ;
; OUTPUT[17]    ; 2.5 V        ; 0 in              ; 0 H/in                  ; 0 F/in                  ; short         ; -                   ; open           ; open             ; open   ; 0 in             ; 0 H/in                 ; 0 F/in                 ; short        ; open          ; open            ; open  ; 0 V                 ; -                  ; n/a           ; n/a             ; n/a         ;
; OUTPUT[16]    ; 2.5 V        ; 0 in              ; 0 H/in                  ; 0 F/in                  ; short         ; -                   ; open           ; open             ; open   ; 0 in             ; 0 H/in                 ; 0 F/in                 ; short        ; open          ; open            ; open  ; 0 V                 ; -                  ; n/a           ; n/a             ; n/a         ;
; OUTPUT[15]    ; 2.5 V        ; 0 in              ; 0 H/in                  ; 0 F/in                  ; short         ; -                   ; open           ; open             ; open   ; 0 in             ; 0 H/in                 ; 0 F/in                 ; short        ; open          ; open            ; open  ; 0 V                 ; -                  ; n/a           ; n/a             ; n/a         ;
; OUTPUT[14]    ; 2.5 V        ; 0 in              ; 0 H/in                  ; 0 F/in                  ; short         ; -                   ; open           ; open             ; open   ; 0 in             ; 0 H/in                 ; 0 F/in                 ; short        ; open          ; open            ; open  ; 0 V                 ; -                  ; n/a           ; n/a             ; n/a         ;
; OUTPUT[13]    ; 2.5 V        ; 0 in              ; 0 H/in                  ; 0 F/in                  ; short         ; -                   ; open           ; open             ; open   ; 0 in             ; 0 H/in                 ; 0 F/in                 ; short        ; open          ; open            ; open  ; 0 V                 ; -                  ; n/a           ; n/a             ; n/a         ;
; OUTPUT[12]    ; 2.5 V        ; 0 in              ; 0 H/in                  ; 0 F/in                  ; short         ; -                   ; open           ; open             ; open   ; 0 in             ; 0 H/in                 ; 0 F/in                 ; short        ; open          ; open            ; open  ; 0 V                 ; -                  ; n/a           ; n/a             ; n/a         ;
; OUTPUT[11]    ; 2.5 V        ; 0 in              ; 0 H/in                  ; 0 F/in                  ; short         ; -                   ; open           ; open             ; open   ; 0 in             ; 0 H/in                 ; 0 F/in                 ; short        ; open          ; open            ; open  ; 0 V                 ; -                  ; n/a           ; n/a             ; n/a         ;
; OUTPUT[10]    ; 2.5 V        ; 0 in              ; 0 H/in                  ; 0 F/in                  ; short         ; -                   ; open           ; open             ; open   ; 0 in             ; 0 H/in                 ; 0 F/in                 ; short        ; open          ; open            ; open  ; 0 V                 ; -                  ; n/a           ; n/a             ; n/a         ;
; OUTPUT[9]     ; 2.5 V        ; 0 in              ; 0 H/in                  ; 0 F/in                  ; short         ; -                   ; open           ; open             ; open   ; 0 in             ; 0 H/in                 ; 0 F/in                 ; short        ; open          ; open            ; open  ; 0 V                 ; -                  ; n/a           ; n/a             ; n/a         ;
; OUTPUT[8]     ; 2.5 V        ; 0 in              ; 0 H/in                  ; 0 F/in                  ; short         ; -                   ; open           ; open             ; open   ; 0 in             ; 0 H/in                 ; 0 F/in                 ; short        ; open          ; open            ; open  ; 0 V                 ; -                  ; n/a           ; n/a             ; n/a         ;
; OUTPUT[7]     ; 2.5 V        ; 0 in              ; 0 H/in                  ; 0 F/in                  ; short         ; -                   ; open           ; open             ; open   ; 0 in             ; 0 H/in                 ; 0 F/in                 ; short        ; open          ; open            ; open  ; 0 V                 ; -                  ; n/a           ; n/a             ; n/a         ;
; OUTPUT[6]     ; 2.5 V        ; 0 in              ; 0 H/in                  ; 0 F/in                  ; short         ; -                   ; open           ; open             ; open   ; 0 in             ; 0 H/in                 ; 0 F/in                 ; short        ; open          ; open            ; open  ; 0 V                 ; -                  ; n/a           ; n/a             ; n/a         ;
; OUTPUT[5]     ; 2.5 V        ; 0 in              ; 0 H/in                  ; 0 F/in                  ; short         ; -                   ; open           ; open             ; open   ; 0 in             ; 0 H/in                 ; 0 F/in                 ; short        ; open          ; open            ; open  ; 0 V                 ; -                  ; n/a           ; n/a             ; n/a         ;
; OUTPUT[4]     ; 2.5 V        ; 0 in              ; 0 H/in                  ; 0 F/in                  ; short         ; -                   ; open           ; open             ; open   ; 0 in             ; 0 H/in                 ; 0 F/in                 ; short        ; open          ; open            ; open  ; 0 V                 ; -                  ; n/a           ; n/a             ; n/a         ;
; OUTPUT[3]     ; 2.5 V        ; 0 in              ; 0 H/in                  ; 0 F/in                  ; short         ; -                   ; open           ; open             ; open   ; 0 in             ; 0 H/in                 ; 0 F/in                 ; short        ; open          ; open            ; open  ; 0 V                 ; -                  ; n/a           ; n/a             ; n/a         ;
; OUTPUT[2]     ; 2.5 V        ; 0 in              ; 0 H/in                  ; 0 F/in                  ; short         ; -                   ; open           ; open             ; open   ; 0 in             ; 0 H/in                 ; 0 F/in                 ; short        ; open          ; open            ; open  ; 0 V                 ; -                  ; n/a           ; n/a             ; n/a         ;
; OUTPUT[1]     ; 2.5 V        ; 0 in              ; 0 H/in                  ; 0 F/in                  ; short         ; -                   ; open           ; open             ; open   ; 0 in             ; 0 H/in                 ; 0 F/in                 ; short        ; open          ; open            ; open  ; 0 V                 ; -                  ; n/a           ; n/a             ; n/a         ;
; OUTPUT[0]     ; 2.5 V        ; 0 in              ; 0 H/in                  ; 0 F/in                  ; short         ; -                   ; open           ; open             ; open   ; 0 in             ; 0 H/in                 ; 0 F/in                 ; short        ; open          ; open            ; open  ; 0 V                 ; -                  ; n/a           ; n/a             ; n/a         ;
; Z             ; 2.5 V        ; 0 in              ; 0 H/in                  ; 0 F/in                  ; short         ; -                   ; open           ; open             ; open   ; 0 in             ; 0 H/in                 ; 0 F/in                 ; short        ; open          ; open            ; open  ; 0 V                 ; -                  ; n/a           ; n/a             ; n/a         ;
; ~ALTERA_DCLK~ ; 2.5 V        ; 0 in              ; 0 H/in                  ; 0 F/in                  ; short         ; -                   ; open           ; open             ; open   ; 0 in             ; 0 H/in                 ; 0 F/in                 ; short        ; open          ; open            ; open  ; 0 V                 ; -                  ; n/a           ; n/a             ; n/a         ;
; ~ALTERA_nCEO~ ; 2.5 V        ; 0 in              ; 0 H/in                  ; 0 F/in                  ; short         ; -                   ; open           ; open             ; open   ; 0 in             ; 0 H/in                 ; 0 F/in                 ; short        ; open          ; open            ; open  ; 0 V                 ; -                  ; n/a           ; n/a             ; n/a         ;
+---------------+--------------+-------------------+-------------------------+-------------------------+---------------+---------------------+----------------+------------------+--------+------------------+------------------------+------------------------+--------------+---------------+-----------------+-------+---------------------+--------------------+---------------+-----------------+-------------+


+----------------------------------------------------------------------------+
; Input Transition Times                                                     ;
+-------------------------+--------------+-----------------+-----------------+
; Pin                     ; I/O Standard ; 10-90 Rise Time ; 90-10 Fall Time ;
+-------------------------+--------------+-----------------+-----------------+
; INPUT[31]               ; 2.5 V        ; 2000 ps         ; 2000 ps         ;
; INPUT[23]               ; 2.5 V        ; 2000 ps         ; 2000 ps         ;
; MIR[23]                 ; 2.5 V        ; 2000 ps         ; 2000 ps         ;
; MIR[22]                 ; 2.5 V        ; 2000 ps         ; 2000 ps         ;
; INPUT[30]               ; 2.5 V        ; 2000 ps         ; 2000 ps         ;
; INPUT[22]               ; 2.5 V        ; 2000 ps         ; 2000 ps         ;
; INPUT[21]               ; 2.5 V        ; 2000 ps         ; 2000 ps         ;
; INPUT[29]               ; 2.5 V        ; 2000 ps         ; 2000 ps         ;
; INPUT[20]               ; 2.5 V        ; 2000 ps         ; 2000 ps         ;
; INPUT[28]               ; 2.5 V        ; 2000 ps         ; 2000 ps         ;
; INPUT[19]               ; 2.5 V        ; 2000 ps         ; 2000 ps         ;
; INPUT[27]               ; 2.5 V        ; 2000 ps         ; 2000 ps         ;
; INPUT[18]               ; 2.5 V        ; 2000 ps         ; 2000 ps         ;
; INPUT[26]               ; 2.5 V        ; 2000 ps         ; 2000 ps         ;
; INPUT[17]               ; 2.5 V        ; 2000 ps         ; 2000 ps         ;
; INPUT[25]               ; 2.5 V        ; 2000 ps         ; 2000 ps         ;
; INPUT[16]               ; 2.5 V        ; 2000 ps         ; 2000 ps         ;
; INPUT[24]               ; 2.5 V        ; 2000 ps         ; 2000 ps         ;
; INPUT[15]               ; 2.5 V        ; 2000 ps         ; 2000 ps         ;
; INPUT[14]               ; 2.5 V        ; 2000 ps         ; 2000 ps         ;
; INPUT[13]               ; 2.5 V        ; 2000 ps         ; 2000 ps         ;
; INPUT[12]               ; 2.5 V        ; 2000 ps         ; 2000 ps         ;
; INPUT[11]               ; 2.5 V        ; 2000 ps         ; 2000 ps         ;
; INPUT[10]               ; 2.5 V        ; 2000 ps         ; 2000 ps         ;
; INPUT[9]                ; 2.5 V        ; 2000 ps         ; 2000 ps         ;
; INPUT[8]                ; 2.5 V        ; 2000 ps         ; 2000 ps         ;
; INPUT[7]                ; 2.5 V        ; 2000 ps         ; 2000 ps         ;
; INPUT[6]                ; 2.5 V        ; 2000 ps         ; 2000 ps         ;
; INPUT[5]                ; 2.5 V        ; 2000 ps         ; 2000 ps         ;
; INPUT[4]                ; 2.5 V        ; 2000 ps         ; 2000 ps         ;
; INPUT[3]                ; 2.5 V        ; 2000 ps         ; 2000 ps         ;
; INPUT[2]                ; 2.5 V        ; 2000 ps         ; 2000 ps         ;
; INPUT[1]                ; 2.5 V        ; 2000 ps         ; 2000 ps         ;
; INPUT[0]                ; 2.5 V        ; 2000 ps         ; 2000 ps         ;
; ~ALTERA_ASDO_DATA1~     ; 2.5 V        ; 2000 ps         ; 2000 ps         ;
; ~ALTERA_FLASH_nCE_nCSO~ ; 2.5 V        ; 2000 ps         ; 2000 ps         ;
; ~ALTERA_DATA0~          ; 2.5 V        ; 2000 ps         ; 2000 ps         ;
+-------------------------+--------------+-----------------+-----------------+


+--------------------------------------------------------------------------------------------------------------------------------------------------------------------------------------------------------------------------------------------------------------------------------------------------------------------------------------------------------------------------------------------------------------------------------------------------------------------------------------------------------------------------------------------------------------------------------------------------------------------------------------------------------------------------------------------+
; Slow Corner Signal Integrity Metrics                                                                                                                                                                                                                                                                                                                                                                                                                                                                                                                                                                                                                                                       ;
+---------------+--------------+---------------------+---------------------+------------------------------+------------------------------+---------------------+---------------------+--------------------------------------+--------------------------------------+-----------------------------+-----------------------------+----------------------------+----------------------------+-----------------------------+-----------------------------+--------------------+--------------------+-------------------------------------+-------------------------------------+----------------------------+----------------------------+---------------------------+---------------------------+
; Pin           ; I/O Standard ; Board Delay on Rise ; Board Delay on Fall ; Steady State Voh at FPGA Pin ; Steady State Vol at FPGA Pin ; Voh Max at FPGA Pin ; Vol Min at FPGA Pin ; Ringback Voltage on Rise at FPGA Pin ; Ringback Voltage on Fall at FPGA Pin ; 10-90 Rise Time at FPGA Pin ; 90-10 Fall Time at FPGA Pin ; Monotonic Rise at FPGA Pin ; Monotonic Fall at FPGA Pin ; Steady State Voh at Far-end ; Steady State Vol at Far-end ; Voh Max at Far-end ; Vol Min at Far-end ; Ringback Voltage on Rise at Far-end ; Ringback Voltage on Fall at Far-end ; 10-90 Rise Time at Far-end ; 90-10 Fall Time at Far-end ; Monotonic Rise at Far-end ; Monotonic Fall at Far-end ;
+---------------+--------------+---------------------+---------------------+------------------------------+------------------------------+---------------------+---------------------+--------------------------------------+--------------------------------------+-----------------------------+-----------------------------+----------------------------+----------------------------+-----------------------------+-----------------------------+--------------------+--------------------+-------------------------------------+-------------------------------------+----------------------------+----------------------------+---------------------------+---------------------------+
; N             ; 2.5 V        ; 0 s                 ; 0 s                 ; 2.32 V                       ; 7.11e-07 V                   ; 2.35 V              ; -0.00791 V          ; 0.102 V                              ; 0.023 V                              ; 6.39e-10 s                  ; 5.99e-10 s                  ; Yes                        ; Yes                        ; 2.32 V                      ; 7.11e-07 V                  ; 2.35 V             ; -0.00791 V         ; 0.102 V                             ; 0.023 V                             ; 6.39e-10 s                 ; 5.99e-10 s                 ; Yes                       ; Yes                       ;
; OUTPUT[31]    ; 2.5 V        ; 0 s                 ; 0 s                 ; 2.32 V                       ; 7.11e-07 V                   ; 2.35 V              ; -0.00791 V          ; 0.102 V                              ; 0.023 V                              ; 6.39e-10 s                  ; 5.99e-10 s                  ; Yes                        ; Yes                        ; 2.32 V                      ; 7.11e-07 V                  ; 2.35 V             ; -0.00791 V         ; 0.102 V                             ; 0.023 V                             ; 6.39e-10 s                 ; 5.99e-10 s                 ; Yes                       ; Yes                       ;
; OUTPUT[30]    ; 2.5 V        ; 0 s                 ; 0 s                 ; 2.32 V                       ; 1.06e-06 V                   ; 2.36 V              ; -0.00548 V          ; 0.108 V                              ; 0.017 V                              ; 4.48e-10 s                  ; 4.25e-10 s                  ; Yes                        ; Yes                        ; 2.32 V                      ; 1.06e-06 V                  ; 2.36 V             ; -0.00548 V         ; 0.108 V                             ; 0.017 V                             ; 4.48e-10 s                 ; 4.25e-10 s                 ; Yes                       ; Yes                       ;
; OUTPUT[29]    ; 2.5 V        ; 0 s                 ; 0 s                 ; 2.32 V                       ; 1.06e-06 V                   ; 2.36 V              ; -0.00548 V          ; 0.108 V                              ; 0.017 V                              ; 4.48e-10 s                  ; 4.25e-10 s                  ; Yes                        ; Yes                        ; 2.32 V                      ; 1.06e-06 V                  ; 2.36 V             ; -0.00548 V         ; 0.108 V                             ; 0.017 V                             ; 4.48e-10 s                 ; 4.25e-10 s                 ; Yes                       ; Yes                       ;
; OUTPUT[28]    ; 2.5 V        ; 0 s                 ; 0 s                 ; 2.32 V                       ; 1.06e-06 V                   ; 2.36 V              ; -0.00548 V          ; 0.108 V                              ; 0.017 V                              ; 4.48e-10 s                  ; 4.25e-10 s                  ; Yes                        ; Yes                        ; 2.32 V                      ; 1.06e-06 V                  ; 2.36 V             ; -0.00548 V         ; 0.108 V                             ; 0.017 V                             ; 4.48e-10 s                 ; 4.25e-10 s                 ; Yes                       ; Yes                       ;
; OUTPUT[27]    ; 2.5 V        ; 0 s                 ; 0 s                 ; 2.32 V                       ; 1.06e-06 V                   ; 2.36 V              ; -0.00548 V          ; 0.108 V                              ; 0.017 V                              ; 4.48e-10 s                  ; 4.25e-10 s                  ; Yes                        ; Yes                        ; 2.32 V                      ; 1.06e-06 V                  ; 2.36 V             ; -0.00548 V         ; 0.108 V                             ; 0.017 V                             ; 4.48e-10 s                 ; 4.25e-10 s                 ; Yes                       ; Yes                       ;
; OUTPUT[26]    ; 2.5 V        ; 0 s                 ; 0 s                 ; 2.32 V                       ; 1.06e-06 V                   ; 2.36 V              ; -0.00548 V          ; 0.108 V                              ; 0.017 V                              ; 4.48e-10 s                  ; 4.25e-10 s                  ; Yes                        ; Yes                        ; 2.32 V                      ; 1.06e-06 V                  ; 2.36 V             ; -0.00548 V         ; 0.108 V                             ; 0.017 V                             ; 4.48e-10 s                 ; 4.25e-10 s                 ; Yes                       ; Yes                       ;
; OUTPUT[25]    ; 2.5 V        ; 0 s                 ; 0 s                 ; 2.32 V                       ; 1.06e-06 V                   ; 2.36 V              ; -0.00548 V          ; 0.108 V                              ; 0.017 V                              ; 4.48e-10 s                  ; 4.25e-10 s                  ; Yes                        ; Yes                        ; 2.32 V                      ; 1.06e-06 V                  ; 2.36 V             ; -0.00548 V         ; 0.108 V                             ; 0.017 V                             ; 4.48e-10 s                 ; 4.25e-10 s                 ; Yes                       ; Yes                       ;
; OUTPUT[24]    ; 2.5 V        ; 0 s                 ; 0 s                 ; 2.32 V                       ; 7.11e-07 V                   ; 2.35 V              ; -0.00791 V          ; 0.102 V                              ; 0.023 V                              ; 6.39e-10 s                  ; 5.99e-10 s                  ; Yes                        ; Yes                        ; 2.32 V                      ; 7.11e-07 V                  ; 2.35 V             ; -0.00791 V         ; 0.102 V                             ; 0.023 V                             ; 6.39e-10 s                 ; 5.99e-10 s                 ; Yes                       ; Yes                       ;
; OUTPUT[23]    ; 2.5 V        ; 0 s                 ; 0 s                 ; 2.32 V                       ; 1.06e-06 V                   ; 2.36 V              ; -0.00548 V          ; 0.108 V                              ; 0.017 V                              ; 4.48e-10 s                  ; 4.25e-10 s                  ; Yes                        ; Yes                        ; 2.32 V                      ; 1.06e-06 V                  ; 2.36 V             ; -0.00548 V         ; 0.108 V                             ; 0.017 V                             ; 4.48e-10 s                 ; 4.25e-10 s                 ; Yes                       ; Yes                       ;
; OUTPUT[22]    ; 2.5 V        ; 0 s                 ; 0 s                 ; 2.32 V                       ; 1.06e-06 V                   ; 2.36 V              ; -0.00548 V          ; 0.108 V                              ; 0.017 V                              ; 4.48e-10 s                  ; 4.25e-10 s                  ; Yes                        ; Yes                        ; 2.32 V                      ; 1.06e-06 V                  ; 2.36 V             ; -0.00548 V         ; 0.108 V                             ; 0.017 V                             ; 4.48e-10 s                 ; 4.25e-10 s                 ; Yes                       ; Yes                       ;
; OUTPUT[21]    ; 2.5 V        ; 0 s                 ; 0 s                 ; 2.32 V                       ; 1.06e-06 V                   ; 2.36 V              ; -0.00548 V          ; 0.108 V                              ; 0.017 V                              ; 4.48e-10 s                  ; 4.25e-10 s                  ; Yes                        ; Yes                        ; 2.32 V                      ; 1.06e-06 V                  ; 2.36 V             ; -0.00548 V         ; 0.108 V                             ; 0.017 V                             ; 4.48e-10 s                 ; 4.25e-10 s                 ; Yes                       ; Yes                       ;
; OUTPUT[20]    ; 2.5 V        ; 0 s                 ; 0 s                 ; 2.32 V                       ; 7.11e-07 V                   ; 2.36 V              ; -0.00477 V          ; 0.097 V                              ; 0.012 V                              ; 4.4e-10 s                   ; 4.15e-10 s                  ; Yes                        ; Yes                        ; 2.32 V                      ; 7.11e-07 V                  ; 2.36 V             ; -0.00477 V         ; 0.097 V                             ; 0.012 V                             ; 4.4e-10 s                  ; 4.15e-10 s                 ; Yes                       ; Yes                       ;
; OUTPUT[19]    ; 2.5 V        ; 0 s                 ; 0 s                 ; 2.32 V                       ; 1.06e-06 V                   ; 2.36 V              ; -0.00548 V          ; 0.108 V                              ; 0.017 V                              ; 4.48e-10 s                  ; 4.25e-10 s                  ; Yes                        ; Yes                        ; 2.32 V                      ; 1.06e-06 V                  ; 2.36 V             ; -0.00548 V         ; 0.108 V                             ; 0.017 V                             ; 4.48e-10 s                 ; 4.25e-10 s                 ; Yes                       ; Yes                       ;
; OUTPUT[18]    ; 2.5 V        ; 0 s                 ; 0 s                 ; 2.32 V                       ; 1.06e-06 V                   ; 2.36 V              ; -0.00548 V          ; 0.108 V                              ; 0.017 V                              ; 4.48e-10 s                  ; 4.25e-10 s                  ; Yes                        ; Yes                        ; 2.32 V                      ; 1.06e-06 V                  ; 2.36 V             ; -0.00548 V         ; 0.108 V                             ; 0.017 V                             ; 4.48e-10 s                 ; 4.25e-10 s                 ; Yes                       ; Yes                       ;
; OUTPUT[17]    ; 2.5 V        ; 0 s                 ; 0 s                 ; 2.32 V                       ; 1.06e-06 V                   ; 2.36 V              ; -0.00548 V          ; 0.108 V                              ; 0.017 V                              ; 4.48e-10 s                  ; 4.25e-10 s                  ; Yes                        ; Yes                        ; 2.32 V                      ; 1.06e-06 V                  ; 2.36 V             ; -0.00548 V         ; 0.108 V                             ; 0.017 V                             ; 4.48e-10 s                 ; 4.25e-10 s                 ; Yes                       ; Yes                       ;
; OUTPUT[16]    ; 2.5 V        ; 0 s                 ; 0 s                 ; 2.32 V                       ; 1.06e-06 V                   ; 2.36 V              ; -0.00548 V          ; 0.108 V                              ; 0.017 V                              ; 4.48e-10 s                  ; 4.25e-10 s                  ; Yes                        ; Yes                        ; 2.32 V                      ; 1.06e-06 V                  ; 2.36 V             ; -0.00548 V         ; 0.108 V                             ; 0.017 V                             ; 4.48e-10 s                 ; 4.25e-10 s                 ; Yes                       ; Yes                       ;
; OUTPUT[15]    ; 2.5 V        ; 0 s                 ; 0 s                 ; 2.32 V                       ; 7.11e-07 V                   ; 2.35 V              ; -0.00791 V          ; 0.102 V                              ; 0.023 V                              ; 6.39e-10 s                  ; 5.99e-10 s                  ; Yes                        ; Yes                        ; 2.32 V                      ; 7.11e-07 V                  ; 2.35 V             ; -0.00791 V         ; 0.102 V                             ; 0.023 V                             ; 6.39e-10 s                 ; 5.99e-10 s                 ; Yes                       ; Yes                       ;
; OUTPUT[14]    ; 2.5 V        ; 0 s                 ; 0 s                 ; 2.32 V                       ; 7.11e-07 V                   ; 2.36 V              ; -0.00477 V          ; 0.097 V                              ; 0.012 V                              ; 4.4e-10 s                   ; 4.15e-10 s                  ; Yes                        ; Yes                        ; 2.32 V                      ; 7.11e-07 V                  ; 2.36 V             ; -0.00477 V         ; 0.097 V                             ; 0.012 V                             ; 4.4e-10 s                  ; 4.15e-10 s                 ; Yes                       ; Yes                       ;
; OUTPUT[13]    ; 2.5 V        ; 0 s                 ; 0 s                 ; 2.32 V                       ; 7.11e-07 V                   ; 2.36 V              ; -0.00477 V          ; 0.097 V                              ; 0.012 V                              ; 4.4e-10 s                   ; 4.15e-10 s                  ; Yes                        ; Yes                        ; 2.32 V                      ; 7.11e-07 V                  ; 2.36 V             ; -0.00477 V         ; 0.097 V                             ; 0.012 V                             ; 4.4e-10 s                  ; 4.15e-10 s                 ; Yes                       ; Yes                       ;
; OUTPUT[12]    ; 2.5 V        ; 0 s                 ; 0 s                 ; 2.32 V                       ; 7.11e-07 V                   ; 2.36 V              ; -0.00477 V          ; 0.097 V                              ; 0.012 V                              ; 4.4e-10 s                   ; 4.15e-10 s                  ; Yes                        ; Yes                        ; 2.32 V                      ; 7.11e-07 V                  ; 2.36 V             ; -0.00477 V         ; 0.097 V                             ; 0.012 V                             ; 4.4e-10 s                  ; 4.15e-10 s                 ; Yes                       ; Yes                       ;
; OUTPUT[11]    ; 2.5 V        ; 0 s                 ; 0 s                 ; 2.32 V                       ; 7.11e-07 V                   ; 2.36 V              ; -0.00477 V          ; 0.097 V                              ; 0.012 V                              ; 4.4e-10 s                   ; 4.15e-10 s                  ; Yes                        ; Yes                        ; 2.32 V                      ; 7.11e-07 V                  ; 2.36 V             ; -0.00477 V         ; 0.097 V                             ; 0.012 V                             ; 4.4e-10 s                  ; 4.15e-10 s                 ; Yes                       ; Yes                       ;
; OUTPUT[10]    ; 2.5 V        ; 0 s                 ; 0 s                 ; 2.32 V                       ; 1.06e-06 V                   ; 2.33 V              ; -0.00343 V          ; 0.134 V                              ; 0.076 V                              ; 3.33e-09 s                  ; 3.16e-09 s                  ; Yes                        ; Yes                        ; 2.32 V                      ; 1.06e-06 V                  ; 2.33 V             ; -0.00343 V         ; 0.134 V                             ; 0.076 V                             ; 3.33e-09 s                 ; 3.16e-09 s                 ; Yes                       ; Yes                       ;
; OUTPUT[9]     ; 2.5 V        ; 0 s                 ; 0 s                 ; 2.32 V                       ; 7.11e-07 V                   ; 2.35 V              ; -0.00791 V          ; 0.102 V                              ; 0.023 V                              ; 6.39e-10 s                  ; 5.99e-10 s                  ; Yes                        ; Yes                        ; 2.32 V                      ; 7.11e-07 V                  ; 2.35 V             ; -0.00791 V         ; 0.102 V                             ; 0.023 V                             ; 6.39e-10 s                 ; 5.99e-10 s                 ; Yes                       ; Yes                       ;
; OUTPUT[8]     ; 2.5 V        ; 0 s                 ; 0 s                 ; 2.32 V                       ; 1.06e-06 V                   ; 2.36 V              ; -0.00548 V          ; 0.108 V                              ; 0.017 V                              ; 4.48e-10 s                  ; 4.25e-10 s                  ; Yes                        ; Yes                        ; 2.32 V                      ; 1.06e-06 V                  ; 2.36 V             ; -0.00548 V         ; 0.108 V                             ; 0.017 V                             ; 4.48e-10 s                 ; 4.25e-10 s                 ; Yes                       ; Yes                       ;
; OUTPUT[7]     ; 2.5 V        ; 0 s                 ; 0 s                 ; 2.32 V                       ; 1.06e-06 V                   ; 2.36 V              ; -0.00548 V          ; 0.108 V                              ; 0.017 V                              ; 4.48e-10 s                  ; 4.25e-10 s                  ; Yes                        ; Yes                        ; 2.32 V                      ; 1.06e-06 V                  ; 2.36 V             ; -0.00548 V         ; 0.108 V                             ; 0.017 V                             ; 4.48e-10 s                 ; 4.25e-10 s                 ; Yes                       ; Yes                       ;
; OUTPUT[6]     ; 2.5 V        ; 0 s                 ; 0 s                 ; 2.32 V                       ; 7.11e-07 V                   ; 2.33 V              ; -0.00353 V          ; 0.131 V                              ; 0.073 V                              ; 3.33e-09 s                  ; 3.13e-09 s                  ; Yes                        ; Yes                        ; 2.32 V                      ; 7.11e-07 V                  ; 2.33 V             ; -0.00353 V         ; 0.131 V                             ; 0.073 V                             ; 3.33e-09 s                 ; 3.13e-09 s                 ; Yes                       ; Yes                       ;
; OUTPUT[5]     ; 2.5 V        ; 0 s                 ; 0 s                 ; 2.32 V                       ; 7.11e-07 V                   ; 2.35 V              ; -0.00791 V          ; 0.102 V                              ; 0.023 V                              ; 6.39e-10 s                  ; 5.99e-10 s                  ; Yes                        ; Yes                        ; 2.32 V                      ; 7.11e-07 V                  ; 2.35 V             ; -0.00791 V         ; 0.102 V                             ; 0.023 V                             ; 6.39e-10 s                 ; 5.99e-10 s                 ; Yes                       ; Yes                       ;
; OUTPUT[4]     ; 2.5 V        ; 0 s                 ; 0 s                 ; 2.32 V                       ; 1.06e-06 V                   ; 2.36 V              ; -0.00548 V          ; 0.108 V                              ; 0.017 V                              ; 4.48e-10 s                  ; 4.25e-10 s                  ; Yes                        ; Yes                        ; 2.32 V                      ; 1.06e-06 V                  ; 2.36 V             ; -0.00548 V         ; 0.108 V                             ; 0.017 V                             ; 4.48e-10 s                 ; 4.25e-10 s                 ; Yes                       ; Yes                       ;
; OUTPUT[3]     ; 2.5 V        ; 0 s                 ; 0 s                 ; 2.32 V                       ; 1.06e-06 V                   ; 2.36 V              ; -0.00548 V          ; 0.108 V                              ; 0.017 V                              ; 4.48e-10 s                  ; 4.25e-10 s                  ; Yes                        ; Yes                        ; 2.32 V                      ; 1.06e-06 V                  ; 2.36 V             ; -0.00548 V         ; 0.108 V                             ; 0.017 V                             ; 4.48e-10 s                 ; 4.25e-10 s                 ; Yes                       ; Yes                       ;
; OUTPUT[2]     ; 2.5 V        ; 0 s                 ; 0 s                 ; 2.32 V                       ; 1.06e-06 V                   ; 2.36 V              ; -0.00548 V          ; 0.108 V                              ; 0.017 V                              ; 4.48e-10 s                  ; 4.25e-10 s                  ; Yes                        ; Yes                        ; 2.32 V                      ; 1.06e-06 V                  ; 2.36 V             ; -0.00548 V         ; 0.108 V                             ; 0.017 V                             ; 4.48e-10 s                 ; 4.25e-10 s                 ; Yes                       ; Yes                       ;
; OUTPUT[1]     ; 2.5 V        ; 0 s                 ; 0 s                 ; 2.32 V                       ; 7.11e-07 V                   ; 2.35 V              ; -0.00791 V          ; 0.102 V                              ; 0.023 V                              ; 6.39e-10 s                  ; 5.99e-10 s                  ; Yes                        ; Yes                        ; 2.32 V                      ; 7.11e-07 V                  ; 2.35 V             ; -0.00791 V         ; 0.102 V                             ; 0.023 V                             ; 6.39e-10 s                 ; 5.99e-10 s                 ; Yes                       ; Yes                       ;
; OUTPUT[0]     ; 2.5 V        ; 0 s                 ; 0 s                 ; 2.32 V                       ; 1.06e-06 V                   ; 2.36 V              ; -0.00548 V          ; 0.108 V                              ; 0.017 V                              ; 4.48e-10 s                  ; 4.25e-10 s                  ; Yes                        ; Yes                        ; 2.32 V                      ; 1.06e-06 V                  ; 2.36 V             ; -0.00548 V         ; 0.108 V                             ; 0.017 V                             ; 4.48e-10 s                 ; 4.25e-10 s                 ; Yes                       ; Yes                       ;
; Z             ; 2.5 V        ; 0 s                 ; 0 s                 ; 2.32 V                       ; 1.06e-06 V                   ; 2.36 V              ; -0.00548 V          ; 0.108 V                              ; 0.017 V                              ; 4.48e-10 s                  ; 4.25e-10 s                  ; Yes                        ; Yes                        ; 2.32 V                      ; 1.06e-06 V                  ; 2.36 V             ; -0.00548 V         ; 0.108 V                             ; 0.017 V                             ; 4.48e-10 s                 ; 4.25e-10 s                 ; Yes                       ; Yes                       ;
; ~ALTERA_DCLK~ ; 2.5 V        ; 0 s                 ; 0 s                 ; 2.32 V                       ; 5.68e-07 V                   ; 2.36 V              ; -0.0222 V           ; 0.073 V                              ; 0.035 V                              ; 3.97e-10 s                  ; 3.26e-10 s                  ; Yes                        ; Yes                        ; 2.32 V                      ; 5.68e-07 V                  ; 2.36 V             ; -0.0222 V          ; 0.073 V                             ; 0.035 V                             ; 3.97e-10 s                 ; 3.26e-10 s                 ; Yes                       ; Yes                       ;
; ~ALTERA_nCEO~ ; 2.5 V        ; 0 s                 ; 0 s                 ; 2.32 V                       ; 9.36e-07 V                   ; 2.35 V              ; -0.00597 V          ; 0.081 V                              ; 0.031 V                              ; 5.3e-10 s                   ; 7.56e-10 s                  ; Yes                        ; Yes                        ; 2.32 V                      ; 9.36e-07 V                  ; 2.35 V             ; -0.00597 V         ; 0.081 V                             ; 0.031 V                             ; 5.3e-10 s                  ; 7.56e-10 s                 ; Yes                       ; Yes                       ;
+---------------+--------------+---------------------+---------------------+------------------------------+------------------------------+---------------------+---------------------+--------------------------------------+--------------------------------------+-----------------------------+-----------------------------+----------------------------+----------------------------+-----------------------------+-----------------------------+--------------------+--------------------+-------------------------------------+-------------------------------------+----------------------------+----------------------------+---------------------------+---------------------------+


+--------------------------------------------------------------------------------------------------------------------------------------------------------------------------------------------------------------------------------------------------------------------------------------------------------------------------------------------------------------------------------------------------------------------------------------------------------------------------------------------------------------------------------------------------------------------------------------------------------------------------------------------------------------------------------------------+
; Fast Corner Signal Integrity Metrics                                                                                                                                                                                                                                                                                                                                                                                                                                                                                                                                                                                                                                                       ;
+---------------+--------------+---------------------+---------------------+------------------------------+------------------------------+---------------------+---------------------+--------------------------------------+--------------------------------------+-----------------------------+-----------------------------+----------------------------+----------------------------+-----------------------------+-----------------------------+--------------------+--------------------+-------------------------------------+-------------------------------------+----------------------------+----------------------------+---------------------------+---------------------------+
; Pin           ; I/O Standard ; Board Delay on Rise ; Board Delay on Fall ; Steady State Voh at FPGA Pin ; Steady State Vol at FPGA Pin ; Voh Max at FPGA Pin ; Vol Min at FPGA Pin ; Ringback Voltage on Rise at FPGA Pin ; Ringback Voltage on Fall at FPGA Pin ; 10-90 Rise Time at FPGA Pin ; 90-10 Fall Time at FPGA Pin ; Monotonic Rise at FPGA Pin ; Monotonic Fall at FPGA Pin ; Steady State Voh at Far-end ; Steady State Vol at Far-end ; Voh Max at Far-end ; Vol Min at Far-end ; Ringback Voltage on Rise at Far-end ; Ringback Voltage on Fall at Far-end ; 10-90 Rise Time at Far-end ; 90-10 Fall Time at Far-end ; Monotonic Rise at Far-end ; Monotonic Fall at Far-end ;
+---------------+--------------+---------------------+---------------------+------------------------------+------------------------------+---------------------+---------------------+--------------------------------------+--------------------------------------+-----------------------------+-----------------------------+----------------------------+----------------------------+-----------------------------+-----------------------------+--------------------+--------------------+-------------------------------------+-------------------------------------+----------------------------+----------------------------+---------------------------+---------------------------+
; N             ; 2.5 V        ; 0 s                 ; 0 s                 ; 2.62 V                       ; 2.7e-08 V                    ; 2.71 V              ; -0.0354 V           ; 0.148 V                              ; 0.064 V                              ; 4.51e-10 s                  ; 4.14e-10 s                  ; No                         ; Yes                        ; 2.62 V                      ; 2.7e-08 V                   ; 2.71 V             ; -0.0354 V          ; 0.148 V                             ; 0.064 V                             ; 4.51e-10 s                 ; 4.14e-10 s                 ; No                        ; Yes                       ;
; OUTPUT[31]    ; 2.5 V        ; 0 s                 ; 0 s                 ; 2.62 V                       ; 2.7e-08 V                    ; 2.71 V              ; -0.0354 V           ; 0.148 V                              ; 0.064 V                              ; 4.51e-10 s                  ; 4.14e-10 s                  ; No                         ; Yes                        ; 2.62 V                      ; 2.7e-08 V                   ; 2.71 V             ; -0.0354 V          ; 0.148 V                             ; 0.064 V                             ; 4.51e-10 s                 ; 4.14e-10 s                 ; No                        ; Yes                       ;
; OUTPUT[30]    ; 2.5 V        ; 0 s                 ; 0 s                 ; 2.62 V                       ; 4.02e-08 V                   ; 2.71 V              ; -0.0354 V           ; 0.174 V                              ; 0.098 V                              ; 2.73e-10 s                  ; 2.69e-10 s                  ; Yes                        ; Yes                        ; 2.62 V                      ; 4.02e-08 V                  ; 2.71 V             ; -0.0354 V          ; 0.174 V                             ; 0.098 V                             ; 2.73e-10 s                 ; 2.69e-10 s                 ; Yes                       ; Yes                       ;
; OUTPUT[29]    ; 2.5 V        ; 0 s                 ; 0 s                 ; 2.62 V                       ; 4.02e-08 V                   ; 2.71 V              ; -0.0354 V           ; 0.174 V                              ; 0.098 V                              ; 2.73e-10 s                  ; 2.69e-10 s                  ; Yes                        ; Yes                        ; 2.62 V                      ; 4.02e-08 V                  ; 2.71 V             ; -0.0354 V          ; 0.174 V                             ; 0.098 V                             ; 2.73e-10 s                 ; 2.69e-10 s                 ; Yes                       ; Yes                       ;
; OUTPUT[28]    ; 2.5 V        ; 0 s                 ; 0 s                 ; 2.62 V                       ; 4.02e-08 V                   ; 2.71 V              ; -0.0354 V           ; 0.174 V                              ; 0.098 V                              ; 2.73e-10 s                  ; 2.69e-10 s                  ; Yes                        ; Yes                        ; 2.62 V                      ; 4.02e-08 V                  ; 2.71 V             ; -0.0354 V          ; 0.174 V                             ; 0.098 V                             ; 2.73e-10 s                 ; 2.69e-10 s                 ; Yes                       ; Yes                       ;
; OUTPUT[27]    ; 2.5 V        ; 0 s                 ; 0 s                 ; 2.62 V                       ; 4.02e-08 V                   ; 2.71 V              ; -0.0354 V           ; 0.174 V                              ; 0.098 V                              ; 2.73e-10 s                  ; 2.69e-10 s                  ; Yes                        ; Yes                        ; 2.62 V                      ; 4.02e-08 V                  ; 2.71 V             ; -0.0354 V          ; 0.174 V                             ; 0.098 V                             ; 2.73e-10 s                 ; 2.69e-10 s                 ; Yes                       ; Yes                       ;
; OUTPUT[26]    ; 2.5 V        ; 0 s                 ; 0 s                 ; 2.62 V                       ; 4.02e-08 V                   ; 2.71 V              ; -0.0354 V           ; 0.174 V                              ; 0.098 V                              ; 2.73e-10 s                  ; 2.69e-10 s                  ; Yes                        ; Yes                        ; 2.62 V                      ; 4.02e-08 V                  ; 2.71 V             ; -0.0354 V          ; 0.174 V                             ; 0.098 V                             ; 2.73e-10 s                 ; 2.69e-10 s                 ; Yes                       ; Yes                       ;
; OUTPUT[25]    ; 2.5 V        ; 0 s                 ; 0 s                 ; 2.62 V                       ; 4.02e-08 V                   ; 2.71 V              ; -0.0354 V           ; 0.174 V                              ; 0.098 V                              ; 2.73e-10 s                  ; 2.69e-10 s                  ; Yes                        ; Yes                        ; 2.62 V                      ; 4.02e-08 V                  ; 2.71 V             ; -0.0354 V          ; 0.174 V                             ; 0.098 V                             ; 2.73e-10 s                 ; 2.69e-10 s                 ; Yes                       ; Yes                       ;
; OUTPUT[24]    ; 2.5 V        ; 0 s                 ; 0 s                 ; 2.62 V                       ; 2.7e-08 V                    ; 2.71 V              ; -0.0354 V           ; 0.148 V                              ; 0.064 V                              ; 4.51e-10 s                  ; 4.14e-10 s                  ; No                         ; Yes                        ; 2.62 V                      ; 2.7e-08 V                   ; 2.71 V             ; -0.0354 V          ; 0.148 V                             ; 0.064 V                             ; 4.51e-10 s                 ; 4.14e-10 s                 ; No                        ; Yes                       ;
; OUTPUT[23]    ; 2.5 V        ; 0 s                 ; 0 s                 ; 2.62 V                       ; 4.02e-08 V                   ; 2.71 V              ; -0.0354 V           ; 0.174 V                              ; 0.098 V                              ; 2.73e-10 s                  ; 2.69e-10 s                  ; Yes                        ; Yes                        ; 2.62 V                      ; 4.02e-08 V                  ; 2.71 V             ; -0.0354 V          ; 0.174 V                             ; 0.098 V                             ; 2.73e-10 s                 ; 2.69e-10 s                 ; Yes                       ; Yes                       ;
; OUTPUT[22]    ; 2.5 V        ; 0 s                 ; 0 s                 ; 2.62 V                       ; 4.02e-08 V                   ; 2.71 V              ; -0.0354 V           ; 0.174 V                              ; 0.098 V                              ; 2.73e-10 s                  ; 2.69e-10 s                  ; Yes                        ; Yes                        ; 2.62 V                      ; 4.02e-08 V                  ; 2.71 V             ; -0.0354 V          ; 0.174 V                             ; 0.098 V                             ; 2.73e-10 s                 ; 2.69e-10 s                 ; Yes                       ; Yes                       ;
; OUTPUT[21]    ; 2.5 V        ; 0 s                 ; 0 s                 ; 2.62 V                       ; 4.02e-08 V                   ; 2.71 V              ; -0.0354 V           ; 0.174 V                              ; 0.098 V                              ; 2.73e-10 s                  ; 2.69e-10 s                  ; Yes                        ; Yes                        ; 2.62 V                      ; 4.02e-08 V                  ; 2.71 V             ; -0.0354 V          ; 0.174 V                             ; 0.098 V                             ; 2.73e-10 s                 ; 2.69e-10 s                 ; Yes                       ; Yes                       ;
; OUTPUT[20]    ; 2.5 V        ; 0 s                 ; 0 s                 ; 2.62 V                       ; 2.7e-08 V                    ; 2.72 V              ; -0.0401 V           ; 0.163 V                              ; 0.091 V                              ; 2.71e-10 s                  ; 2.61e-10 s                  ; Yes                        ; Yes                        ; 2.62 V                      ; 2.7e-08 V                   ; 2.72 V             ; -0.0401 V          ; 0.163 V                             ; 0.091 V                             ; 2.71e-10 s                 ; 2.61e-10 s                 ; Yes                       ; Yes                       ;
; OUTPUT[19]    ; 2.5 V        ; 0 s                 ; 0 s                 ; 2.62 V                       ; 4.02e-08 V                   ; 2.71 V              ; -0.0354 V           ; 0.174 V                              ; 0.098 V                              ; 2.73e-10 s                  ; 2.69e-10 s                  ; Yes                        ; Yes                        ; 2.62 V                      ; 4.02e-08 V                  ; 2.71 V             ; -0.0354 V          ; 0.174 V                             ; 0.098 V                             ; 2.73e-10 s                 ; 2.69e-10 s                 ; Yes                       ; Yes                       ;
; OUTPUT[18]    ; 2.5 V        ; 0 s                 ; 0 s                 ; 2.62 V                       ; 4.02e-08 V                   ; 2.71 V              ; -0.0354 V           ; 0.174 V                              ; 0.098 V                              ; 2.73e-10 s                  ; 2.69e-10 s                  ; Yes                        ; Yes                        ; 2.62 V                      ; 4.02e-08 V                  ; 2.71 V             ; -0.0354 V          ; 0.174 V                             ; 0.098 V                             ; 2.73e-10 s                 ; 2.69e-10 s                 ; Yes                       ; Yes                       ;
; OUTPUT[17]    ; 2.5 V        ; 0 s                 ; 0 s                 ; 2.62 V                       ; 4.02e-08 V                   ; 2.71 V              ; -0.0354 V           ; 0.174 V                              ; 0.098 V                              ; 2.73e-10 s                  ; 2.69e-10 s                  ; Yes                        ; Yes                        ; 2.62 V                      ; 4.02e-08 V                  ; 2.71 V             ; -0.0354 V          ; 0.174 V                             ; 0.098 V                             ; 2.73e-10 s                 ; 2.69e-10 s                 ; Yes                       ; Yes                       ;
; OUTPUT[16]    ; 2.5 V        ; 0 s                 ; 0 s                 ; 2.62 V                       ; 4.02e-08 V                   ; 2.71 V              ; -0.0354 V           ; 0.174 V                              ; 0.098 V                              ; 2.73e-10 s                  ; 2.69e-10 s                  ; Yes                        ; Yes                        ; 2.62 V                      ; 4.02e-08 V                  ; 2.71 V             ; -0.0354 V          ; 0.174 V                             ; 0.098 V                             ; 2.73e-10 s                 ; 2.69e-10 s                 ; Yes                       ; Yes                       ;
; OUTPUT[15]    ; 2.5 V        ; 0 s                 ; 0 s                 ; 2.62 V                       ; 2.7e-08 V                    ; 2.71 V              ; -0.0354 V           ; 0.148 V                              ; 0.064 V                              ; 4.51e-10 s                  ; 4.14e-10 s                  ; No                         ; Yes                        ; 2.62 V                      ; 2.7e-08 V                   ; 2.71 V             ; -0.0354 V          ; 0.148 V                             ; 0.064 V                             ; 4.51e-10 s                 ; 4.14e-10 s                 ; No                        ; Yes                       ;
; OUTPUT[14]    ; 2.5 V        ; 0 s                 ; 0 s                 ; 2.62 V                       ; 2.7e-08 V                    ; 2.72 V              ; -0.0401 V           ; 0.163 V                              ; 0.091 V                              ; 2.71e-10 s                  ; 2.61e-10 s                  ; Yes                        ; Yes                        ; 2.62 V                      ; 2.7e-08 V                   ; 2.72 V             ; -0.0401 V          ; 0.163 V                             ; 0.091 V                             ; 2.71e-10 s                 ; 2.61e-10 s                 ; Yes                       ; Yes                       ;
; OUTPUT[13]    ; 2.5 V        ; 0 s                 ; 0 s                 ; 2.62 V                       ; 2.7e-08 V                    ; 2.72 V              ; -0.0401 V           ; 0.163 V                              ; 0.091 V                              ; 2.71e-10 s                  ; 2.61e-10 s                  ; Yes                        ; Yes                        ; 2.62 V                      ; 2.7e-08 V                   ; 2.72 V             ; -0.0401 V          ; 0.163 V                             ; 0.091 V                             ; 2.71e-10 s                 ; 2.61e-10 s                 ; Yes                       ; Yes                       ;
; OUTPUT[12]    ; 2.5 V        ; 0 s                 ; 0 s                 ; 2.62 V                       ; 2.7e-08 V                    ; 2.72 V              ; -0.0401 V           ; 0.163 V                              ; 0.091 V                              ; 2.71e-10 s                  ; 2.61e-10 s                  ; Yes                        ; Yes                        ; 2.62 V                      ; 2.7e-08 V                   ; 2.72 V             ; -0.0401 V          ; 0.163 V                             ; 0.091 V                             ; 2.71e-10 s                 ; 2.61e-10 s                 ; Yes                       ; Yes                       ;
; OUTPUT[11]    ; 2.5 V        ; 0 s                 ; 0 s                 ; 2.62 V                       ; 2.7e-08 V                    ; 2.72 V              ; -0.0401 V           ; 0.163 V                              ; 0.091 V                              ; 2.71e-10 s                  ; 2.61e-10 s                  ; Yes                        ; Yes                        ; 2.62 V                      ; 2.7e-08 V                   ; 2.72 V             ; -0.0401 V          ; 0.163 V                             ; 0.091 V                             ; 2.71e-10 s                 ; 2.61e-10 s                 ; Yes                       ; Yes                       ;
; OUTPUT[10]    ; 2.5 V        ; 0 s                 ; 0 s                 ; 2.62 V                       ; 4.02e-08 V                   ; 2.64 V              ; -0.0115 V           ; 0.204 V                              ; 0.12 V                               ; 2.38e-09 s                  ; 2.24e-09 s                  ; No                         ; Yes                        ; 2.62 V                      ; 4.02e-08 V                  ; 2.64 V             ; -0.0115 V          ; 0.204 V                             ; 0.12 V                              ; 2.38e-09 s                 ; 2.24e-09 s                 ; No                        ; Yes                       ;
; OUTPUT[9]     ; 2.5 V        ; 0 s                 ; 0 s                 ; 2.62 V                       ; 2.7e-08 V                    ; 2.71 V              ; -0.0354 V           ; 0.148 V                              ; 0.064 V                              ; 4.51e-10 s                  ; 4.14e-10 s                  ; No                         ; Yes                        ; 2.62 V                      ; 2.7e-08 V                   ; 2.71 V             ; -0.0354 V          ; 0.148 V                             ; 0.064 V                             ; 4.51e-10 s                 ; 4.14e-10 s                 ; No                        ; Yes                       ;
; OUTPUT[8]     ; 2.5 V        ; 0 s                 ; 0 s                 ; 2.62 V                       ; 4.02e-08 V                   ; 2.71 V              ; -0.0354 V           ; 0.174 V                              ; 0.098 V                              ; 2.73e-10 s                  ; 2.69e-10 s                  ; Yes                        ; Yes                        ; 2.62 V                      ; 4.02e-08 V                  ; 2.71 V             ; -0.0354 V          ; 0.174 V                             ; 0.098 V                             ; 2.73e-10 s                 ; 2.69e-10 s                 ; Yes                       ; Yes                       ;
; OUTPUT[7]     ; 2.5 V        ; 0 s                 ; 0 s                 ; 2.62 V                       ; 4.02e-08 V                   ; 2.71 V              ; -0.0354 V           ; 0.174 V                              ; 0.098 V                              ; 2.73e-10 s                  ; 2.69e-10 s                  ; Yes                        ; Yes                        ; 2.62 V                      ; 4.02e-08 V                  ; 2.71 V             ; -0.0354 V          ; 0.174 V                             ; 0.098 V                             ; 2.73e-10 s                 ; 2.69e-10 s                 ; Yes                       ; Yes                       ;
; OUTPUT[6]     ; 2.5 V        ; 0 s                 ; 0 s                 ; 2.62 V                       ; 2.7e-08 V                    ; 2.64 V              ; -0.0118 V           ; 0.201 V                              ; 0.175 V                              ; 2.38e-09 s                  ; 2.21e-09 s                  ; No                         ; Yes                        ; 2.62 V                      ; 2.7e-08 V                   ; 2.64 V             ; -0.0118 V          ; 0.201 V                             ; 0.175 V                             ; 2.38e-09 s                 ; 2.21e-09 s                 ; No                        ; Yes                       ;
; OUTPUT[5]     ; 2.5 V        ; 0 s                 ; 0 s                 ; 2.62 V                       ; 2.7e-08 V                    ; 2.71 V              ; -0.0354 V           ; 0.148 V                              ; 0.064 V                              ; 4.51e-10 s                  ; 4.14e-10 s                  ; No                         ; Yes                        ; 2.62 V                      ; 2.7e-08 V                   ; 2.71 V             ; -0.0354 V          ; 0.148 V                             ; 0.064 V                             ; 4.51e-10 s                 ; 4.14e-10 s                 ; No                        ; Yes                       ;
; OUTPUT[4]     ; 2.5 V        ; 0 s                 ; 0 s                 ; 2.62 V                       ; 4.02e-08 V                   ; 2.71 V              ; -0.0354 V           ; 0.174 V                              ; 0.098 V                              ; 2.73e-10 s                  ; 2.69e-10 s                  ; Yes                        ; Yes                        ; 2.62 V                      ; 4.02e-08 V                  ; 2.71 V             ; -0.0354 V          ; 0.174 V                             ; 0.098 V                             ; 2.73e-10 s                 ; 2.69e-10 s                 ; Yes                       ; Yes                       ;
; OUTPUT[3]     ; 2.5 V        ; 0 s                 ; 0 s                 ; 2.62 V                       ; 4.02e-08 V                   ; 2.71 V              ; -0.0354 V           ; 0.174 V                              ; 0.098 V                              ; 2.73e-10 s                  ; 2.69e-10 s                  ; Yes                        ; Yes                        ; 2.62 V                      ; 4.02e-08 V                  ; 2.71 V             ; -0.0354 V          ; 0.174 V                             ; 0.098 V                             ; 2.73e-10 s                 ; 2.69e-10 s                 ; Yes                       ; Yes                       ;
; OUTPUT[2]     ; 2.5 V        ; 0 s                 ; 0 s                 ; 2.62 V                       ; 4.02e-08 V                   ; 2.71 V              ; -0.0354 V           ; 0.174 V                              ; 0.098 V                              ; 2.73e-10 s                  ; 2.69e-10 s                  ; Yes                        ; Yes                        ; 2.62 V                      ; 4.02e-08 V                  ; 2.71 V             ; -0.0354 V          ; 0.174 V                             ; 0.098 V                             ; 2.73e-10 s                 ; 2.69e-10 s                 ; Yes                       ; Yes                       ;
; OUTPUT[1]     ; 2.5 V        ; 0 s                 ; 0 s                 ; 2.62 V                       ; 2.7e-08 V                    ; 2.71 V              ; -0.0354 V           ; 0.148 V                              ; 0.064 V                              ; 4.51e-10 s                  ; 4.14e-10 s                  ; No                         ; Yes                        ; 2.62 V                      ; 2.7e-08 V                   ; 2.71 V             ; -0.0354 V          ; 0.148 V                             ; 0.064 V                             ; 4.51e-10 s                 ; 4.14e-10 s                 ; No                        ; Yes                       ;
; OUTPUT[0]     ; 2.5 V        ; 0 s                 ; 0 s                 ; 2.62 V                       ; 4.02e-08 V                   ; 2.71 V              ; -0.0354 V           ; 0.174 V                              ; 0.098 V                              ; 2.73e-10 s                  ; 2.69e-10 s                  ; Yes                        ; Yes                        ; 2.62 V                      ; 4.02e-08 V                  ; 2.71 V             ; -0.0354 V          ; 0.174 V                             ; 0.098 V                             ; 2.73e-10 s                 ; 2.69e-10 s                 ; Yes                       ; Yes                       ;
; Z             ; 2.5 V        ; 0 s                 ; 0 s                 ; 2.62 V                       ; 4.02e-08 V                   ; 2.71 V              ; -0.0354 V           ; 0.174 V                              ; 0.098 V                              ; 2.73e-10 s                  ; 2.69e-10 s                  ; Yes                        ; Yes                        ; 2.62 V                      ; 4.02e-08 V                  ; 2.71 V             ; -0.0354 V          ; 0.174 V                             ; 0.098 V                             ; 2.73e-10 s                 ; 2.69e-10 s                 ; Yes                       ; Yes                       ;
; ~ALTERA_DCLK~ ; 2.5 V        ; 0 s                 ; 0 s                 ; 2.62 V                       ; 2.2e-08 V                    ; 2.74 V              ; -0.061 V            ; 0.159 V                              ; 0.078 V                              ; 2.7e-10 s                   ; 2.2e-10 s                   ; No                         ; Yes                        ; 2.62 V                      ; 2.2e-08 V                   ; 2.74 V             ; -0.061 V           ; 0.159 V                             ; 0.078 V                             ; 2.7e-10 s                  ; 2.2e-10 s                  ; No                        ; Yes                       ;
; ~ALTERA_nCEO~ ; 2.5 V        ; 0 s                 ; 0 s                 ; 2.62 V                       ; 3.52e-08 V                   ; 2.7 V               ; -0.0121 V           ; 0.274 V                              ; 0.034 V                              ; 3.18e-10 s                  ; 4.96e-10 s                  ; No                         ; Yes                        ; 2.62 V                      ; 3.52e-08 V                  ; 2.7 V              ; -0.0121 V          ; 0.274 V                             ; 0.034 V                             ; 3.18e-10 s                 ; 4.96e-10 s                 ; No                        ; Yes                       ;
+---------------+--------------+---------------------+---------------------+------------------------------+------------------------------+---------------------+---------------------+--------------------------------------+--------------------------------------+-----------------------------+-----------------------------+----------------------------+----------------------------+-----------------------------+-----------------------------+--------------------+--------------------+-------------------------------------+-------------------------------------+----------------------------+----------------------------+---------------------------+---------------------------+


-------------------
; Clock Transfers ;
-------------------
Nothing to report.


---------------
; Report TCCS ;
---------------
No dedicated SERDES Transmitter circuitry present in device or used in design


---------------
; Report RSKM ;
---------------
No non-DPA dedicated SERDES Receiver circuitry present in device or used in design


+------------------------------------------------+
; Unconstrained Paths                            ;
+---------------------------------+-------+------+
; Property                        ; Setup ; Hold ;
+---------------------------------+-------+------+
; Illegal Clocks                  ; 0     ; 0    ;
; Unconstrained Clocks            ; 0     ; 0    ;
; Unconstrained Input Ports       ; 34    ; 34   ;
; Unconstrained Input Port Paths  ; 189   ; 189  ;
; Unconstrained Output Ports      ; 34    ; 34   ;
; Unconstrained Output Port Paths ; 189   ; 189  ;
+---------------------------------+-------+------+


+------------------------------------+
; TimeQuest Timing Analyzer Messages ;
+------------------------------------+
Info: *******************************************************************
Info: Running Quartus II 64-Bit TimeQuest Timing Analyzer
    Info: Version 13.1.0 Build 162 10/23/2013 SJ Web Edition
    Info: Processing started: Fri Aug 14 08:01:12 2026
Info: Command: quartus_sta MIC1 -c MIC1
Info: qsta_default_script.tcl version: #1
Info (11104): Parallel Compilation has detected 12 hyper-threaded processors. However, the extra hyper-threaded processors will not be used by default. Parallel Compilation will use 10 of the 10 physical processors detected instead.
Info (21076): High junction temperature operating condition is not set. Assuming a default value of '85'.
Info (21076): Low junction temperature operating condition is not set. Assuming a default value of '0'.
Critical Warning (332012): Synopsys Design Constraints File file not found: 'MIC1.sdc'. A Synopsys Design Constraints File is required by the TimeQuest Timing Analyzer to get proper timing constraints. Without it, the Compiler will not properly optimize the design.
Info (332142): No user constrained base clocks found in the design. Calling "derive_clocks -period 1.0"
Info (332096): The command derive_clocks did not find any clocks to derive.  No clocks were created or changed.
Warning (332068): No clocks defined in design.
Info (332143): No user constrained clock uncertainty found in the design. Calling "derive_clock_uncertainty"
Info (332154): The derive_clock_uncertainty command did not apply clock uncertainty to any clock-to-clock transfers.
Info: Found TIMEQUEST_REPORT_SCRIPT_INCLUDE_DEFAULT_ANALYSIS = ON
Info (332159): No clocks to report
Info: Analyzing Slow 1200mV 85C Model
Info (332140): No fmax paths to report
Info (332140): No Setup paths to report
Info (332140): No Hold paths to report
Info (332140): No Recovery paths to report
Info (332140): No Removal paths to report
Info (332140): No Minimum Pulse Width paths to report
Info: Analyzing Slow 1200mV 0C Model
Info (334003): Started post-fitting delay annotation
Info (334004): Delay annotation completed successfully
Info (332142): No user constrained base clocks found in the design. Calling "derive_clocks -period 1.0"
Info (332096): The command derive_clocks did not find any clocks to derive.  No clocks were created or changed.
Warning (332068): No clocks defined in design.
Info (332154): The derive_clock_uncertainty command did not apply clock uncertainty to any clock-to-clock transfers.
Info (332140): No fmax paths to report
Info (332140): No Setup paths to report
Info (332140): No Hold paths to report
Info (332140): No Recovery paths to report
Info (332140): No Removal paths to report
Info (332140): No Minimum Pulse Width paths to report
Info: Analyzing Fast 1200mV 0C Model
Info (332142): No user constrained base clocks found in the design. Calling "derive_clocks -period 1.0"
Info (332096): The command derive_clocks did not find any clocks to derive.  No clocks were created or changed.
Warning (332068): No clocks defined in design.
Info (332154): The derive_clock_uncertainty command did not apply clock uncertainty to any clock-to-clock transfers.
Info (332140): No Setup paths to report
Info (332140): No Hold paths to report
Info (332140): No Recovery paths to report
Info (332140): No Removal paths to report
Info (332140): No Minimum Pulse Width paths to report
Info (332102): Design is not fully constrained for setup requirements
Info (332102): Design is not fully constrained for hold requirements
Info: Quartus II 64-Bit TimeQuest Timing Analyzer was successful. 0 errors, 4 warnings
    Info: Peak virtual memory: 4745 megabytes
    Info: Processing ended: Fri Aug 14 08:01:14 2026
    Info: Elapsed time: 00:00:02
    Info: Total CPU time (on all processors): 00:00:02


