Fitter report for MIC1
Fri Aug 07 13:39:22 2026
Quartus II 64-Bit Version 13.1.0 Build 162 10/23/2013 SJ Web Edition


---------------------
; Table of Contents ;
---------------------
  1. Legal Notice
  2. Fitter Summary
  3. Fitter Settings
  4. Parallel Compilation
  5. I/O Assignment Warnings
  6. Incremental Compilation Preservation Summary
  7. Incremental Compilation Partition Settings
  8. Incremental Compilation Placement Preservation
  9. Pin-Out File
 10. Fitter Resource Usage Summary
 11. Fitter Partition Statistics
 12. Input Pins
 13. Output Pins
 14. Dual Purpose and Dedicated Pins
 15. I/O Bank Usage
 16. All Package Pins
 17. Fitter Resource Utilization by Entity
 18. Delay Chain Summary
 19. Pad To Core Delay Chain Fanout
 20. Non-Global High Fan-Out Signals
 21. Routing Usage Summary
 22. LAB Logic Elements
 23. LAB Signals Sourced
 24. LAB Signals Sourced Out
 25. LAB Distinct Inputs
 26. I/O Rules Summary
 27. I/O Rules Details
 28. I/O Rules Matrix
 29. Fitter Device Options
 30. Operating Settings and Conditions
 31. Fitter Messages
 32. Fitter Suppressed Messages



----------------
; Legal Notice ;
----------------
Copyright (C) 1991-2013 Altera Corporation
Your use of Altera Corporation's design tools, logic functions 
and other software and tools, and its AMPP partner logic 
functions, and any output files from any of the foregoing 
(including device programming or simulation files), and any 
associated documentation or information are expressly subject 
to the terms and conditions of the Altera Program License 
Subscription Agreement, Altera MegaCore Function License 
Agreement, or other applicable license agreement, including, 
without limitation, that your use is for the sole purpose of 
programming logic devices manufactured by Altera and sold by 
Altera or its authorized distributors.  Please refer to the 
applicable agreement for further details.



+---------------------------------------------------------------------------------+
; Fitter Summary                                                                  ;
+------------------------------------+--------------------------------------------+
; Fitter Status                      ; Successful - Fri Aug 07 13:39:22 2026      ;
; Quartus II 64-Bit Version          ; 13.1.0 Build 162 10/23/2013 SJ Web Edition ;
; Revision Name                      ; MIC1                                       ;
; Top-level Entity Name              ; ULA_32bit                                  ;
; Family                             ; Cyclone III                                ;
; Device                             ; EP3C5F256C6                                ;
; Timing Models                      ; Final                                      ;
; Total logic elements               ; 201 / 5,136 ( 4 % )                        ;
;     Total combinational functions  ; 201 / 5,136 ( 4 % )                        ;
;     Dedicated logic registers      ; 0 / 5,136 ( 0 % )                          ;
; Total registers                    ; 0                                          ;
; Total pins                         ; 133 / 183 ( 73 % )                         ;
; Total virtual pins                 ; 0                                          ;
; Total memory bits                  ; 0 / 423,936 ( 0 % )                        ;
; Embedded Multiplier 9-bit elements ; 0 / 46 ( 0 % )                             ;
; Total PLLs                         ; 0 / 2 ( 0 % )                              ;
+------------------------------------+--------------------------------------------+


+------------------------------------------------------------------------------------------------------------------------------------------------------------+
; Fitter Settings                                                                                                                                            ;
+----------------------------------------------------------------------------+---------------------------------------+---------------------------------------+
; Option                                                                     ; Setting                               ; Default Value                         ;
+----------------------------------------------------------------------------+---------------------------------------+---------------------------------------+
; Device                                                                     ; AUTO                                  ;                                       ;
; Fit Attempts to Skip                                                       ; 0                                     ; 0.0                                   ;
; Use smart compilation                                                      ; Off                                   ; Off                                   ;
; Enable parallel Assembler and TimeQuest Timing Analyzer during compilation ; On                                    ; On                                    ;
; Enable compact report table                                                ; Off                                   ; Off                                   ;
; Auto Merge PLLs                                                            ; On                                    ; On                                    ;
; Router Timing Optimization Level                                           ; Normal                                ; Normal                                ;
; Perform Clocking Topology Analysis During Routing                          ; Off                                   ; Off                                   ;
; Placement Effort Multiplier                                                ; 1.0                                   ; 1.0                                   ;
; Router Effort Multiplier                                                   ; 1.0                                   ; 1.0                                   ;
; Optimize Hold Timing                                                       ; All Paths                             ; All Paths                             ;
; Optimize Multi-Corner Timing                                               ; On                                    ; On                                    ;
; PowerPlay Power Optimization                                               ; Normal compilation                    ; Normal compilation                    ;
; SSN Optimization                                                           ; Off                                   ; Off                                   ;
; Optimize Timing                                                            ; Normal compilation                    ; Normal compilation                    ;
; Optimize Timing for ECOs                                                   ; Off                                   ; Off                                   ;
; Regenerate full fit report during ECO compiles                             ; Off                                   ; Off                                   ;
; Optimize IOC Register Placement for Timing                                 ; Normal                                ; Normal                                ;
; Limit to One Fitting Attempt                                               ; Off                                   ; Off                                   ;
; Final Placement Optimizations                                              ; Automatically                         ; Automatically                         ;
; Fitter Aggressive Routability Optimizations                                ; Automatically                         ; Automatically                         ;
; Fitter Initial Placement Seed                                              ; 1                                     ; 1                                     ;
; PCI I/O                                                                    ; Off                                   ; Off                                   ;
; Weak Pull-Up Resistor                                                      ; Off                                   ; Off                                   ;
; Enable Bus-Hold Circuitry                                                  ; Off                                   ; Off                                   ;
; Auto Packed Registers                                                      ; Auto                                  ; Auto                                  ;
; Auto Delay Chains                                                          ; On                                    ; On                                    ;
; Auto Delay Chains for High Fanout Input Pins                               ; Off                                   ; Off                                   ;
; Allow Single-ended Buffer for Differential-XSTL Input                      ; Off                                   ; Off                                   ;
; Treat Bidirectional Pin as Output Pin                                      ; Off                                   ; Off                                   ;
; Perform Physical Synthesis for Combinational Logic for Fitting             ; Off                                   ; Off                                   ;
; Perform Physical Synthesis for Combinational Logic for Performance         ; Off                                   ; Off                                   ;
; Perform Register Duplication for Performance                               ; Off                                   ; Off                                   ;
; Perform Logic to Memory Mapping for Fitting                                ; Off                                   ; Off                                   ;
; Perform Register Retiming for Performance                                  ; Off                                   ; Off                                   ;
; Perform Asynchronous Signal Pipelining                                     ; Off                                   ; Off                                   ;
; Fitter Effort                                                              ; Auto Fit                              ; Auto Fit                              ;
; Physical Synthesis Effort Level                                            ; Normal                                ; Normal                                ;
; Logic Cell Insertion - Logic Duplication                                   ; Auto                                  ; Auto                                  ;
; Auto Register Duplication                                                  ; Auto                                  ; Auto                                  ;
; Auto Global Clock                                                          ; On                                    ; On                                    ;
; Auto Global Register Control Signals                                       ; On                                    ; On                                    ;
; Reserve all unused pins                                                    ; As input tri-stated with weak pull-up ; As input tri-stated with weak pull-up ;
; Synchronizer Identification                                                ; Off                                   ; Off                                   ;
; Enable Beneficial Skew Optimization                                        ; On                                    ; On                                    ;
; Optimize Design for Metastability                                          ; On                                    ; On                                    ;
; Force Fitter to Avoid Periphery Placement Warnings                         ; Off                                   ; Off                                   ;
; RAM Bit Reservation (Cyclone III)                                          ; Off                                   ; Off                                   ;
; Enable input tri-state on active configuration pins in user mode           ; Off                                   ; Off                                   ;
+----------------------------------------------------------------------------+---------------------------------------+---------------------------------------+


+------------------------------------------+
; Parallel Compilation                     ;
+----------------------------+-------------+
; Processors                 ; Number      ;
+----------------------------+-------------+
; Number detected on machine ; 12          ;
; Maximum allowed            ; 10          ;
;                            ;             ;
; Average used               ; 1.00        ;
; Maximum used               ; 10          ;
;                            ;             ;
; Usage by Processor         ; % Time Used ;
;     Processor 1            ; 100.0%      ;
;     Processors 2-10        ; < 0.1%      ;
;     Processors 11-12       ;   0.0%      ;
+----------------------------+-------------+


+--------------------------------------------+
; I/O Assignment Warnings                    ;
+------------+-------------------------------+
; Pin Name   ; Reason                        ;
+------------+-------------------------------+
; COUT       ; Incomplete set of assignments ;
; MIR[35]    ; Incomplete set of assignments ;
; MIR[34]    ; Incomplete set of assignments ;
; MIR[33]    ; Incomplete set of assignments ;
; MIR[32]    ; Incomplete set of assignments ;
; MIR[31]    ; Incomplete set of assignments ;
; MIR[30]    ; Incomplete set of assignments ;
; MIR[29]    ; Incomplete set of assignments ;
; MIR[28]    ; Incomplete set of assignments ;
; MIR[27]    ; Incomplete set of assignments ;
; MIR[26]    ; Incomplete set of assignments ;
; MIR[25]    ; Incomplete set of assignments ;
; MIR[24]    ; Incomplete set of assignments ;
; MIR[23]    ; Incomplete set of assignments ;
; MIR[22]    ; Incomplete set of assignments ;
; MIR[15]    ; Incomplete set of assignments ;
; MIR[14]    ; Incomplete set of assignments ;
; MIR[13]    ; Incomplete set of assignments ;
; MIR[12]    ; Incomplete set of assignments ;
; MIR[11]    ; Incomplete set of assignments ;
; MIR[10]    ; Incomplete set of assignments ;
; MIR[9]     ; Incomplete set of assignments ;
; MIR[8]     ; Incomplete set of assignments ;
; MIR[7]     ; Incomplete set of assignments ;
; MIR[6]     ; Incomplete set of assignments ;
; MIR[5]     ; Incomplete set of assignments ;
; MIR[4]     ; Incomplete set of assignments ;
; MIR[3]     ; Incomplete set of assignments ;
; MIR[2]     ; Incomplete set of assignments ;
; MIR[1]     ; Incomplete set of assignments ;
; MIR[0]     ; Incomplete set of assignments ;
; OUTPUT[31] ; Incomplete set of assignments ;
; OUTPUT[30] ; Incomplete set of assignments ;
; OUTPUT[29] ; Incomplete set of assignments ;
; OUTPUT[28] ; Incomplete set of assignments ;
; OUTPUT[27] ; Incomplete set of assignments ;
; OUTPUT[26] ; Incomplete set of assignments ;
; OUTPUT[25] ; Incomplete set of assignments ;
; OUTPUT[24] ; Incomplete set of assignments ;
; OUTPUT[23] ; Incomplete set of assignments ;
; OUTPUT[22] ; Incomplete set of assignments ;
; OUTPUT[21] ; Incomplete set of assignments ;
; OUTPUT[20] ; Incomplete set of assignments ;
; OUTPUT[19] ; Incomplete set of assignments ;
; OUTPUT[18] ; Incomplete set of assignments ;
; OUTPUT[17] ; Incomplete set of assignments ;
; OUTPUT[16] ; Incomplete set of assignments ;
; OUTPUT[15] ; Incomplete set of assignments ;
; OUTPUT[14] ; Incomplete set of assignments ;
; OUTPUT[13] ; Incomplete set of assignments ;
; OUTPUT[12] ; Incomplete set of assignments ;
; OUTPUT[11] ; Incomplete set of assignments ;
; OUTPUT[10] ; Incomplete set of assignments ;
; OUTPUT[9]  ; Incomplete set of assignments ;
; OUTPUT[8]  ; Incomplete set of assignments ;
; OUTPUT[7]  ; Incomplete set of assignments ;
; OUTPUT[6]  ; Incomplete set of assignments ;
; OUTPUT[5]  ; Incomplete set of assignments ;
; OUTPUT[4]  ; Incomplete set of assignments ;
; OUTPUT[3]  ; Incomplete set of assignments ;
; OUTPUT[2]  ; Incomplete set of assignments ;
; OUTPUT[1]  ; Incomplete set of assignments ;
; OUTPUT[0]  ; Incomplete set of assignments ;
; MIR[21]    ; Incomplete set of assignments ;
; MIR[20]    ; Incomplete set of assignments ;
; MIR[17]    ; Incomplete set of assignments ;
; MIR[19]    ; Incomplete set of assignments ;
; A[31]      ; Incomplete set of assignments ;
; MIR[18]    ; Incomplete set of assignments ;
; B[31]      ; Incomplete set of assignments ;
; A[30]      ; Incomplete set of assignments ;
; B[30]      ; Incomplete set of assignments ;
; A[29]      ; Incomplete set of assignments ;
; B[29]      ; Incomplete set of assignments ;
; A[28]      ; Incomplete set of assignments ;
; B[28]      ; Incomplete set of assignments ;
; A[27]      ; Incomplete set of assignments ;
; B[27]      ; Incomplete set of assignments ;
; A[26]      ; Incomplete set of assignments ;
; B[26]      ; Incomplete set of assignments ;
; A[25]      ; Incomplete set of assignments ;
; B[25]      ; Incomplete set of assignments ;
; A[24]      ; Incomplete set of assignments ;
; B[24]      ; Incomplete set of assignments ;
; A[23]      ; Incomplete set of assignments ;
; B[23]      ; Incomplete set of assignments ;
; A[22]      ; Incomplete set of assignments ;
; B[22]      ; Incomplete set of assignments ;
; B[21]      ; Incomplete set of assignments ;
; A[21]      ; Incomplete set of assignments ;
; A[20]      ; Incomplete set of assignments ;
; B[20]      ; Incomplete set of assignments ;
; A[19]      ; Incomplete set of assignments ;
; B[19]      ; Incomplete set of assignments ;
; A[18]      ; Incomplete set of assignments ;
; B[18]      ; Incomplete set of assignments ;
; A[17]      ; Incomplete set of assignments ;
; B[17]      ; Incomplete set of assignments ;
; A[16]      ; Incomplete set of assignments ;
; B[16]      ; Incomplete set of assignments ;
; A[15]      ; Incomplete set of assignments ;
; B[15]      ; Incomplete set of assignments ;
; A[14]      ; Incomplete set of assignments ;
; B[14]      ; Incomplete set of assignments ;
; A[13]      ; Incomplete set of assignments ;
; B[13]      ; Incomplete set of assignments ;
; A[12]      ; Incomplete set of assignments ;
; B[12]      ; Incomplete set of assignments ;
; A[11]      ; Incomplete set of assignments ;
; B[11]      ; Incomplete set of assignments ;
; A[10]      ; Incomplete set of assignments ;
; B[10]      ; Incomplete set of assignments ;
; A[9]       ; Incomplete set of assignments ;
; B[9]       ; Incomplete set of assignments ;
; A[8]       ; Incomplete set of assignments ;
; B[8]       ; Incomplete set of assignments ;
; A[7]       ; Incomplete set of assignments ;
; B[7]       ; Incomplete set of assignments ;
; A[6]       ; Incomplete set of assignments ;
; B[6]       ; Incomplete set of assignments ;
; A[5]       ; Incomplete set of assignments ;
; B[5]       ; Incomplete set of assignments ;
; A[4]       ; Incomplete set of assignments ;
; B[4]       ; Incomplete set of assignments ;
; A[3]       ; Incomplete set of assignments ;
; B[3]       ; Incomplete set of assignments ;
; A[2]       ; Incomplete set of assignments ;
; B[2]       ; Incomplete set of assignments ;
; A[1]       ; Incomplete set of assignments ;
; B[1]       ; Incomplete set of assignments ;
; A[0]       ; Incomplete set of assignments ;
; B[0]       ; Incomplete set of assignments ;
; MIR[16]    ; Incomplete set of assignments ;
+------------+-------------------------------+


+--------------------------------------------------------------------------------------------------+
; Incremental Compilation Preservation Summary                                                     ;
+---------------------+--------------------+----------------------------+--------------------------+
; Type                ; Total [A + B]      ; From Design Partitions [A] ; From Rapid Recompile [B] ;
+---------------------+--------------------+----------------------------+--------------------------+
; Placement (by node) ;                    ;                            ;                          ;
;     -- Requested    ; 0.00 % ( 0 / 478 ) ; 0.00 % ( 0 / 478 )         ; 0.00 % ( 0 / 478 )       ;
;     -- Achieved     ; 0.00 % ( 0 / 478 ) ; 0.00 % ( 0 / 478 )         ; 0.00 % ( 0 / 478 )       ;
;                     ;                    ;                            ;                          ;
; Routing (by net)    ;                    ;                            ;                          ;
;     -- Requested    ; 0.00 % ( 0 / 0 )   ; 0.00 % ( 0 / 0 )           ; 0.00 % ( 0 / 0 )         ;
;     -- Achieved     ; 0.00 % ( 0 / 0 )   ; 0.00 % ( 0 / 0 )           ; 0.00 % ( 0 / 0 )         ;
+---------------------+--------------------+----------------------------+--------------------------+


+----------------------------------------------------------------------------------------------------------------------------------------------------------------------------------------+
; Incremental Compilation Partition Settings                                                                                                                                             ;
+--------------------------------+----------------+-------------------+-------------------------+------------------------+------------------------------+--------------------------------+
; Partition Name                 ; Partition Type ; Netlist Type Used ; Preservation Level Used ; Netlist Type Requested ; Preservation Level Requested ; Contents                       ;
+--------------------------------+----------------+-------------------+-------------------------+------------------------+------------------------------+--------------------------------+
; Top                            ; User-created   ; Source File       ; N/A                     ; Source File            ; N/A                          ;                                ;
; hard_block:auto_generated_inst ; Auto-generated ; Source File       ; N/A                     ; Source File            ; N/A                          ; hard_block:auto_generated_inst ;
+--------------------------------+----------------+-------------------+-------------------------+------------------------+------------------------------+--------------------------------+


+------------------------------------------------------------------------------------------------------------------------------------+
; Incremental Compilation Placement Preservation                                                                                     ;
+--------------------------------+-----------------------+-------------------------+-------------------+---------------------+-------+
; Partition Name                 ; Preservation Achieved ; Preservation Level Used ; Netlist Type Used ; Preservation Method ; Notes ;
+--------------------------------+-----------------------+-------------------------+-------------------+---------------------+-------+
; Top                            ; 0.00 % ( 0 / 468 )    ; N/A                     ; Source File       ; N/A                 ;       ;
; hard_block:auto_generated_inst ; 0.00 % ( 0 / 10 )     ; N/A                     ; Source File       ; N/A                 ;       ;
+--------------------------------+-----------------------+-------------------------+-------------------+---------------------+-------+


+--------------+
; Pin-Out File ;
+--------------+
The pin-out file can be found in C:/Users/Felipe/Documents/GitHub/MIC1-AOC2/output_files/MIC1.pin.


+-------------------------------------------------------------------+
; Fitter Resource Usage Summary                                     ;
+---------------------------------------------+---------------------+
; Resource                                    ; Usage               ;
+---------------------------------------------+---------------------+
; Total logic elements                        ; 201 / 5,136 ( 4 % ) ;
;     -- Combinational with no register       ; 201                 ;
;     -- Register only                        ; 0                   ;
;     -- Combinational with a register        ; 0                   ;
;                                             ;                     ;
; Logic element usage by number of LUT inputs ;                     ;
;     -- 4 input functions                    ; 113                 ;
;     -- 3 input functions                    ; 41                  ;
;     -- <=2 input functions                  ; 47                  ;
;     -- Register only                        ; 0                   ;
;                                             ;                     ;
; Logic elements by mode                      ;                     ;
;     -- normal mode                          ; 201                 ;
;     -- arithmetic mode                      ; 0                   ;
;                                             ;                     ;
; Total registers*                            ; 0 / 6,000 ( 0 % )   ;
;     -- Dedicated logic registers            ; 0 / 5,136 ( 0 % )   ;
;     -- I/O registers                        ; 0 / 864 ( 0 % )     ;
;                                             ;                     ;
; Total LABs:  partially or completely used   ; 22 / 321 ( 7 % )    ;
; Virtual pins                                ; 0                   ;
; I/O pins                                    ; 133 / 183 ( 73 % )  ;
;     -- Clock pins                           ; 2 / 4 ( 50 % )      ;
;     -- Dedicated input pins                 ; 0 / 9 ( 0 % )       ;
;                                             ;                     ;
; Global signals                              ; 0                   ;
; M9Ks                                        ; 0 / 46 ( 0 % )      ;
; Total block memory bits                     ; 0 / 423,936 ( 0 % ) ;
; Total block memory implementation bits      ; 0 / 423,936 ( 0 % ) ;
; Embedded Multiplier 9-bit elements          ; 0 / 46 ( 0 % )      ;
; PLLs                                        ; 0 / 2 ( 0 % )       ;
; Global clocks                               ; 0 / 10 ( 0 % )      ;
; JTAGs                                       ; 0 / 1 ( 0 % )       ;
; CRC blocks                                  ; 0 / 1 ( 0 % )       ;
; ASMI blocks                                 ; 0 / 1 ( 0 % )       ;
; Impedance control blocks                    ; 0 / 4 ( 0 % )       ;
; Average interconnect usage (total/H/V)      ; 0% / 0% / 0%        ;
; Peak interconnect usage (total/H/V)         ; 1% / 1% / 1%        ;
; Maximum fan-out                             ; 67                  ;
; Highest non-global fan-out                  ; 67                  ;
; Total fan-out                               ; 840                 ;
; Average fan-out                             ; 1.76                ;
+---------------------------------------------+---------------------+
*  Register count does not include registers inside RAM blocks or DSP blocks.



+---------------------------------------------------------------------------------------------------+
; Fitter Partition Statistics                                                                       ;
+---------------------------------------------+--------------------+--------------------------------+
; Statistic                                   ; Top                ; hard_block:auto_generated_inst ;
+---------------------------------------------+--------------------+--------------------------------+
; Difficulty Clustering Region                ; Low                ; Low                            ;
;                                             ;                    ;                                ;
; Total logic elements                        ; 201 / 5136 ( 4 % ) ; 0 / 5136 ( 0 % )               ;
;     -- Combinational with no register       ; 201                ; 0                              ;
;     -- Register only                        ; 0                  ; 0                              ;
;     -- Combinational with a register        ; 0                  ; 0                              ;
;                                             ;                    ;                                ;
; Logic element usage by number of LUT inputs ;                    ;                                ;
;     -- 4 input functions                    ; 113                ; 0                              ;
;     -- 3 input functions                    ; 41                 ; 0                              ;
;     -- <=2 input functions                  ; 47                 ; 0                              ;
;     -- Register only                        ; 0                  ; 0                              ;
;                                             ;                    ;                                ;
; Logic elements by mode                      ;                    ;                                ;
;     -- normal mode                          ; 201                ; 0                              ;
;     -- arithmetic mode                      ; 0                  ; 0                              ;
;                                             ;                    ;                                ;
; Total registers                             ; 0                  ; 0                              ;
;     -- Dedicated logic registers            ; 0 / 5136 ( 0 % )   ; 0 / 5136 ( 0 % )               ;
;     -- I/O registers                        ; 0                  ; 0                              ;
;                                             ;                    ;                                ;
; Total LABs:  partially or completely used   ; 22 / 321 ( 7 % )   ; 0 / 321 ( 0 % )                ;
;                                             ;                    ;                                ;
; Virtual pins                                ; 0                  ; 0                              ;
; I/O pins                                    ; 133                ; 0                              ;
; Embedded Multiplier 9-bit elements          ; 0 / 46 ( 0 % )     ; 0 / 46 ( 0 % )                 ;
; Total memory bits                           ; 0                  ; 0                              ;
; Total RAM block bits                        ; 0                  ; 0                              ;
;                                             ;                    ;                                ;
; Connections                                 ;                    ;                                ;
;     -- Input Connections                    ; 0                  ; 0                              ;
;     -- Registered Input Connections         ; 0                  ; 0                              ;
;     -- Output Connections                   ; 0                  ; 0                              ;
;     -- Registered Output Connections        ; 0                  ; 0                              ;
;                                             ;                    ;                                ;
; Internal Connections                        ;                    ;                                ;
;     -- Total Connections                    ; 835                ; 5                              ;
;     -- Registered Connections               ; 0                  ; 0                              ;
;                                             ;                    ;                                ;
; External Connections                        ;                    ;                                ;
;     -- Top                                  ; 0                  ; 0                              ;
;     -- hard_block:auto_generated_inst       ; 0                  ; 0                              ;
;                                             ;                    ;                                ;
; Partition Interface                         ;                    ;                                ;
;     -- Input Ports                          ; 100                ; 0                              ;
;     -- Output Ports                         ; 33                 ; 0                              ;
;     -- Bidir Ports                          ; 0                  ; 0                              ;
;                                             ;                    ;                                ;
; Registered Ports                            ;                    ;                                ;
;     -- Registered Input Ports               ; 0                  ; 0                              ;
;     -- Registered Output Ports              ; 0                  ; 0                              ;
;                                             ;                    ;                                ;
; Port Connectivity                           ;                    ;                                ;
;     -- Input Ports driven by GND            ; 0                  ; 0                              ;
;     -- Output Ports driven by GND           ; 0                  ; 0                              ;
;     -- Input Ports driven by VCC            ; 0                  ; 0                              ;
;     -- Output Ports driven by VCC           ; 0                  ; 0                              ;
;     -- Input Ports with no Source           ; 0                  ; 0                              ;
;     -- Output Ports with no Source          ; 0                  ; 0                              ;
;     -- Input Ports with no Fanout           ; 0                  ; 0                              ;
;     -- Output Ports with no Fanout          ; 0                  ; 0                              ;
+---------------------------------------------+--------------------+--------------------------------+


+------------------------------------------------------------------------------------------------------------------------------------------------------------------------------------------------------------------------------------------------------------------------------+
; Input Pins                                                                                                                                                                                                                                                                   ;
+---------+-------+----------+--------------+--------------+--------------+-----------------------+--------------------+--------+----------------+---------------+-----------------+----------+--------------+--------------+---------------------------+----------------------+
; Name    ; Pin # ; I/O Bank ; X coordinate ; Y coordinate ; Z coordinate ; Combinational Fan-Out ; Registered Fan-Out ; Global ; Input Register ; Power Up High ; PCI I/O Enabled ; Bus Hold ; Weak Pull Up ; I/O Standard ; Termination Control Block ; Location assigned by ;
+---------+-------+----------+--------------+--------------+--------------+-----------------------+--------------------+--------+----------------+---------------+-----------------+----------+--------------+--------------+---------------------------+----------------------+
; A[0]    ; L9    ; 4        ; 18           ; 0            ; 0            ; 1                     ; 0                  ; no     ; no             ; no            ; yes             ; no       ; Off          ; 2.5 V        ; --                        ; Fitter               ;
; A[10]   ; E10   ; 7        ; 28           ; 24           ; 21           ; 1                     ; 0                  ; no     ; no             ; no            ; yes             ; no       ; Off          ; 2.5 V        ; --                        ; Fitter               ;
; A[11]   ; M16   ; 5        ; 34           ; 12           ; 21           ; 2                     ; 0                  ; no     ; no             ; no            ; yes             ; no       ; Off          ; 2.5 V        ; --                        ; Fitter               ;
; A[12]   ; C16   ; 6        ; 34           ; 20           ; 7            ; 1                     ; 0                  ; no     ; no             ; no            ; yes             ; no       ; Off          ; 2.5 V        ; --                        ; Fitter               ;
; A[13]   ; G11   ; 6        ; 34           ; 20           ; 14           ; 1                     ; 0                  ; no     ; no             ; no            ; yes             ; no       ; Off          ; 2.5 V        ; --                        ; Fitter               ;
; A[14]   ; A13   ; 7        ; 30           ; 24           ; 7            ; 2                     ; 0                  ; no     ; no             ; no            ; yes             ; no       ; Off          ; 2.5 V        ; --                        ; Fitter               ;
; A[15]   ; H15   ; 6        ; 34           ; 16           ; 0            ; 2                     ; 0                  ; no     ; no             ; no            ; yes             ; no       ; Off          ; 2.5 V        ; --                        ; Fitter               ;
; A[16]   ; P8    ; 3        ; 16           ; 0            ; 14           ; 2                     ; 0                  ; no     ; no             ; no            ; yes             ; no       ; Off          ; 2.5 V        ; --                        ; Fitter               ;
; A[17]   ; R6    ; 3        ; 11           ; 0            ; 21           ; 2                     ; 0                  ; no     ; no             ; no            ; yes             ; no       ; Off          ; 2.5 V        ; --                        ; Fitter               ;
; A[18]   ; T7    ; 3        ; 13           ; 0            ; 21           ; 1                     ; 0                  ; no     ; no             ; no            ; yes             ; no       ; Off          ; 2.5 V        ; --                        ; Fitter               ;
; A[19]   ; F8    ; 8        ; 13           ; 24           ; 21           ; 1                     ; 0                  ; no     ; no             ; no            ; yes             ; no       ; Off          ; 2.5 V        ; --                        ; Fitter               ;
; A[1]    ; R10   ; 4        ; 21           ; 0            ; 7            ; 2                     ; 0                  ; no     ; no             ; no            ; yes             ; no       ; Off          ; 2.5 V        ; --                        ; Fitter               ;
; A[20]   ; A8    ; 8        ; 16           ; 24           ; 14           ; 1                     ; 0                  ; no     ; no             ; no            ; yes             ; no       ; Off          ; 2.5 V        ; --                        ; Fitter               ;
; A[21]   ; F10   ; 7        ; 23           ; 24           ; 7            ; 2                     ; 0                  ; no     ; no             ; no            ; yes             ; no       ; Off          ; 2.5 V        ; --                        ; Fitter               ;
; A[22]   ; A12   ; 7        ; 25           ; 24           ; 0            ; 2                     ; 0                  ; no     ; no             ; no            ; yes             ; no       ; Off          ; 2.5 V        ; --                        ; Fitter               ;
; A[23]   ; A11   ; 7        ; 25           ; 24           ; 14           ; 1                     ; 0                  ; no     ; no             ; no            ; yes             ; no       ; Off          ; 2.5 V        ; --                        ; Fitter               ;
; A[24]   ; L15   ; 5        ; 34           ; 8            ; 7            ; 1                     ; 0                  ; no     ; no             ; no            ; yes             ; no       ; Off          ; 2.5 V        ; --                        ; Fitter               ;
; A[25]   ; L16   ; 5        ; 34           ; 8            ; 14           ; 1                     ; 0                  ; no     ; no             ; no            ; yes             ; no       ; Off          ; 2.5 V        ; --                        ; Fitter               ;
; A[26]   ; K10   ; 4        ; 25           ; 0            ; 14           ; 1                     ; 0                  ; no     ; no             ; no            ; yes             ; no       ; Off          ; 2.5 V        ; --                        ; Fitter               ;
; A[27]   ; P11   ; 4        ; 28           ; 0            ; 21           ; 2                     ; 0                  ; no     ; no             ; no            ; yes             ; no       ; Off          ; 2.5 V        ; --                        ; Fitter               ;
; A[28]   ; T13   ; 4        ; 28           ; 0            ; 7            ; 1                     ; 0                  ; no     ; no             ; no            ; yes             ; no       ; Off          ; 2.5 V        ; --                        ; Fitter               ;
; A[29]   ; M10   ; 4        ; 28           ; 0            ; 0            ; 1                     ; 0                  ; no     ; no             ; no            ; yes             ; no       ; Off          ; 2.5 V        ; --                        ; Fitter               ;
; A[2]    ; T6    ; 3        ; 11           ; 0            ; 14           ; 1                     ; 0                  ; no     ; no             ; no            ; yes             ; no       ; Off          ; 2.5 V        ; --                        ; Fitter               ;
; A[30]   ; N12   ; 4        ; 32           ; 0            ; 0            ; 1                     ; 0                  ; no     ; no             ; no            ; yes             ; no       ; Off          ; 2.5 V        ; --                        ; Fitter               ;
; A[31]   ; T14   ; 4        ; 30           ; 0            ; 14           ; 2                     ; 0                  ; no     ; no             ; no            ; yes             ; no       ; Off          ; 2.5 V        ; --                        ; Fitter               ;
; A[3]    ; F6    ; 8        ; 11           ; 24           ; 14           ; 1                     ; 0                  ; no     ; no             ; no            ; yes             ; no       ; Off          ; 2.5 V        ; --                        ; Fitter               ;
; A[4]    ; E9    ; 7        ; 18           ; 24           ; 21           ; 1                     ; 0                  ; no     ; no             ; no            ; yes             ; no       ; Off          ; 2.5 V        ; --                        ; Fitter               ;
; A[5]    ; A7    ; 8        ; 11           ; 24           ; 0            ; 2                     ; 0                  ; no     ; no             ; no            ; yes             ; no       ; Off          ; 2.5 V        ; --                        ; Fitter               ;
; A[6]    ; B7    ; 8        ; 11           ; 24           ; 7            ; 2                     ; 0                  ; no     ; no             ; no            ; yes             ; no       ; Off          ; 2.5 V        ; --                        ; Fitter               ;
; A[7]    ; J13   ; 5        ; 34           ; 11           ; 0            ; 1                     ; 0                  ; no     ; no             ; no            ; yes             ; no       ; Off          ; 2.5 V        ; --                        ; Fitter               ;
; A[8]    ; J12   ; 5        ; 34           ; 11           ; 7            ; 1                     ; 0                  ; no     ; no             ; no            ; yes             ; no       ; Off          ; 2.5 V        ; --                        ; Fitter               ;
; A[9]    ; M1    ; 2        ; 0            ; 11           ; 21           ; 2                     ; 0                  ; no     ; no             ; no            ; yes             ; no       ; Off          ; 2.5 V        ; --                        ; Fitter               ;
; B[0]    ; K9    ; 4        ; 18           ; 0            ; 7            ; 1                     ; 0                  ; no     ; no             ; no            ; yes             ; no       ; Off          ; 2.5 V        ; --                        ; Fitter               ;
; B[10]   ; M2    ; 2        ; 0            ; 11           ; 14           ; 2                     ; 0                  ; no     ; no             ; no            ; yes             ; no       ; Off          ; 2.5 V        ; --                        ; Fitter               ;
; B[11]   ; M15   ; 5        ; 34           ; 12           ; 14           ; 1                     ; 0                  ; no     ; no             ; no            ; yes             ; no       ; Off          ; 2.5 V        ; --                        ; Fitter               ;
; B[12]   ; B14   ; 7        ; 28           ; 24           ; 7            ; 1                     ; 0                  ; no     ; no             ; no            ; yes             ; no       ; Off          ; 2.5 V        ; --                        ; Fitter               ;
; B[13]   ; D14   ; 7        ; 32           ; 24           ; 14           ; 1                     ; 0                  ; no     ; no             ; no            ; yes             ; no       ; Off          ; 2.5 V        ; --                        ; Fitter               ;
; B[14]   ; C14   ; 7        ; 32           ; 24           ; 7            ; 1                     ; 0                  ; no     ; no             ; no            ; yes             ; no       ; Off          ; 2.5 V        ; --                        ; Fitter               ;
; B[15]   ; F15   ; 6        ; 34           ; 18           ; 14           ; 1                     ; 0                  ; no     ; no             ; no            ; yes             ; no       ; Off          ; 2.5 V        ; --                        ; Fitter               ;
; B[16]   ; N8    ; 3        ; 16           ; 0            ; 21           ; 1                     ; 0                  ; no     ; no             ; no            ; yes             ; no       ; Off          ; 2.5 V        ; --                        ; Fitter               ;
; B[17]   ; L8    ; 3        ; 13           ; 0            ; 14           ; 1                     ; 0                  ; no     ; no             ; no            ; yes             ; no       ; Off          ; 2.5 V        ; --                        ; Fitter               ;
; B[18]   ; R7    ; 3        ; 11           ; 0            ; 0            ; 1                     ; 0                  ; no     ; no             ; no            ; yes             ; no       ; Off          ; 2.5 V        ; --                        ; Fitter               ;
; B[19]   ; C6    ; 8        ; 9            ; 24           ; 7            ; 1                     ; 0                  ; no     ; no             ; no            ; yes             ; no       ; Off          ; 2.5 V        ; --                        ; Fitter               ;
; B[1]    ; M7    ; 3        ; 9            ; 0            ; 21           ; 1                     ; 0                  ; no     ; no             ; no            ; yes             ; no       ; Off          ; 2.5 V        ; --                        ; Fitter               ;
; B[20]   ; A9    ; 7        ; 16           ; 24           ; 0            ; 2                     ; 0                  ; no     ; no             ; no            ; yes             ; no       ; Off          ; 2.5 V        ; --                        ; Fitter               ;
; B[21]   ; F11   ; 7        ; 23           ; 24           ; 21           ; 2                     ; 0                  ; no     ; no             ; no            ; yes             ; no       ; Off          ; 2.5 V        ; --                        ; Fitter               ;
; B[22]   ; B10   ; 7        ; 21           ; 24           ; 14           ; 3                     ; 0                  ; no     ; no             ; no            ; yes             ; no       ; Off          ; 2.5 V        ; --                        ; Fitter               ;
; B[23]   ; F9    ; 7        ; 23           ; 24           ; 14           ; 3                     ; 0                  ; no     ; no             ; no            ; yes             ; no       ; Off          ; 2.5 V        ; --                        ; Fitter               ;
; B[24]   ; R14   ; 4        ; 30           ; 0            ; 0            ; 1                     ; 0                  ; no     ; no             ; no            ; yes             ; no       ; Off          ; 2.5 V        ; --                        ; Fitter               ;
; B[25]   ; P15   ; 5        ; 34           ; 4            ; 14           ; 2                     ; 0                  ; no     ; no             ; no            ; yes             ; no       ; Off          ; 2.5 V        ; --                        ; Fitter               ;
; B[26]   ; R16   ; 5        ; 34           ; 5            ; 14           ; 1                     ; 0                  ; no     ; no             ; no            ; yes             ; no       ; Off          ; 2.5 V        ; --                        ; Fitter               ;
; B[27]   ; T12   ; 4        ; 25           ; 0            ; 21           ; 1                     ; 0                  ; no     ; no             ; no            ; yes             ; no       ; Off          ; 2.5 V        ; --                        ; Fitter               ;
; B[28]   ; L10   ; 4        ; 25           ; 0            ; 7            ; 1                     ; 0                  ; no     ; no             ; no            ; yes             ; no       ; Off          ; 2.5 V        ; --                        ; Fitter               ;
; B[29]   ; N13   ; 5        ; 34           ; 2            ; 21           ; 2                     ; 0                  ; no     ; no             ; no            ; yes             ; no       ; Off          ; 2.5 V        ; --                        ; Fitter               ;
; B[2]    ; T10   ; 4        ; 21           ; 0            ; 0            ; 2                     ; 0                  ; no     ; no             ; no            ; yes             ; no       ; Off          ; 2.5 V        ; --                        ; Fitter               ;
; B[30]   ; L12   ; 5        ; 34           ; 3            ; 21           ; 1                     ; 0                  ; no     ; no             ; no            ; yes             ; no       ; Off          ; 2.5 V        ; --                        ; Fitter               ;
; B[31]   ; T15   ; 4        ; 30           ; 0            ; 7            ; 1                     ; 0                  ; no     ; no             ; no            ; yes             ; no       ; Off          ; 2.5 V        ; --                        ; Fitter               ;
; B[3]    ; F7    ; 8        ; 11           ; 24           ; 21           ; 1                     ; 0                  ; no     ; no             ; no            ; yes             ; no       ; Off          ; 2.5 V        ; --                        ; Fitter               ;
; B[4]    ; B8    ; 8        ; 16           ; 24           ; 21           ; 1                     ; 0                  ; no     ; no             ; no            ; yes             ; no       ; Off          ; 2.5 V        ; --                        ; Fitter               ;
; B[5]    ; C9    ; 7        ; 18           ; 24           ; 7            ; 1                     ; 0                  ; no     ; no             ; no            ; yes             ; no       ; Off          ; 2.5 V        ; --                        ; Fitter               ;
; B[6]    ; N9    ; 4        ; 21           ; 0            ; 14           ; 1                     ; 0                  ; no     ; no             ; no            ; yes             ; no       ; Off          ; 2.5 V        ; --                        ; Fitter               ;
; B[7]    ; J1    ; 2        ; 0            ; 10           ; 14           ; 2                     ; 0                  ; no     ; no             ; no            ; yes             ; no       ; Off          ; 2.5 V        ; --                        ; Fitter               ;
; B[8]    ; J2    ; 2        ; 0            ; 10           ; 0            ; 1                     ; 0                  ; no     ; no             ; no            ; yes             ; no       ; Off          ; 2.5 V        ; --                        ; Fitter               ;
; B[9]    ; D15   ; 6        ; 34           ; 19           ; 0            ; 1                     ; 0                  ; no     ; no             ; no            ; yes             ; no       ; Off          ; 2.5 V        ; --                        ; Fitter               ;
; MIR[0]  ; B16   ; 6        ; 34           ; 18           ; 0            ; 0                     ; 0                  ; no     ; no             ; no            ; yes             ; no       ; Off          ; 2.5 V        ; --                        ; Fitter               ;
; MIR[10] ; D1    ; 1        ; 0            ; 21           ; 21           ; 0                     ; 0                  ; no     ; no             ; no            ; yes             ; no       ; Off          ; 2.5 V        ; --                        ; Fitter               ;
; MIR[11] ; N3    ; 3        ; 1            ; 0            ; 21           ; 0                     ; 0                  ; no     ; no             ; no            ; yes             ; no       ; Off          ; 2.5 V        ; --                        ; Fitter               ;
; MIR[12] ; P1    ; 2        ; 0            ; 4            ; 21           ; 0                     ; 0                  ; no     ; no             ; no            ; yes             ; no       ; Off          ; 2.5 V        ; --                        ; Fitter               ;
; MIR[13] ; J11   ; 5        ; 34           ; 9            ; 21           ; 0                     ; 0                  ; no     ; no             ; no            ; yes             ; no       ; Off          ; 2.5 V        ; --                        ; Fitter               ;
; MIR[14] ; B6    ; 8        ; 9            ; 24           ; 21           ; 0                     ; 0                  ; no     ; no             ; no            ; yes             ; no       ; Off          ; 2.5 V        ; --                        ; Fitter               ;
; MIR[15] ; D6    ; 8        ; 3            ; 24           ; 7            ; 0                     ; 0                  ; no     ; no             ; no            ; yes             ; no       ; Off          ; 2.5 V        ; --                        ; Fitter               ;
; MIR[16] ; R9    ; 4        ; 18           ; 0            ; 21           ; 2                     ; 0                  ; no     ; no             ; no            ; yes             ; no       ; Off          ; 2.5 V        ; --                        ; Fitter               ;
; MIR[17] ; D12   ; 7        ; 30           ; 24           ; 0            ; 46                    ; 0                  ; no     ; no             ; no            ; yes             ; no       ; Off          ; 2.5 V        ; --                        ; Fitter               ;
; MIR[18] ; A15   ; 7        ; 21           ; 24           ; 0            ; 43                    ; 0                  ; no     ; no             ; no            ; yes             ; no       ; Off          ; 2.5 V        ; --                        ; Fitter               ;
; MIR[19] ; B13   ; 7        ; 30           ; 24           ; 21           ; 45                    ; 0                  ; no     ; no             ; no            ; yes             ; no       ; Off          ; 2.5 V        ; --                        ; Fitter               ;
; MIR[1]  ; B5    ; 8        ; 5            ; 24           ; 7            ; 0                     ; 0                  ; no     ; no             ; no            ; yes             ; no       ; Off          ; 2.5 V        ; --                        ; Fitter               ;
; MIR[20] ; R11   ; 4        ; 23           ; 0            ; 14           ; 33                    ; 0                  ; no     ; no             ; no            ; yes             ; no       ; Off          ; 2.5 V        ; --                        ; Fitter               ;
; MIR[21] ; T11   ; 4        ; 23           ; 0            ; 7            ; 33                    ; 0                  ; no     ; no             ; no            ; yes             ; no       ; Off          ; 2.5 V        ; --                        ; Fitter               ;
; MIR[22] ; M6    ; 3        ; 7            ; 0            ; 7            ; 0                     ; 0                  ; no     ; no             ; no            ; yes             ; no       ; Off          ; 2.5 V        ; --                        ; Fitter               ;
; MIR[23] ; A3    ; 8        ; 3            ; 24           ; 14           ; 0                     ; 0                  ; no     ; no             ; no            ; yes             ; no       ; Off          ; 2.5 V        ; --                        ; Fitter               ;
; MIR[24] ; D4    ; 1        ; 0            ; 23           ; 0            ; 0                     ; 0                  ; no     ; no             ; no            ; yes             ; no       ; Off          ; 2.5 V        ; --                        ; Fitter               ;
; MIR[25] ; L6    ; 2        ; 0            ; 9            ; 7            ; 0                     ; 0                  ; no     ; no             ; no            ; yes             ; no       ; Off          ; 2.5 V        ; --                        ; Fitter               ;
; MIR[26] ; B4    ; 8        ; 5            ; 24           ; 21           ; 0                     ; 0                  ; no     ; no             ; no            ; yes             ; no       ; Off          ; 2.5 V        ; --                        ; Fitter               ;
; MIR[27] ; A4    ; 8        ; 5            ; 24           ; 14           ; 0                     ; 0                  ; no     ; no             ; no            ; yes             ; no       ; Off          ; 2.5 V        ; --                        ; Fitter               ;
; MIR[28] ; T3    ; 3        ; 1            ; 0            ; 0            ; 0                     ; 0                  ; no     ; no             ; no            ; yes             ; no       ; Off          ; 2.5 V        ; --                        ; Fitter               ;
; MIR[29] ; N6    ; 3        ; 7            ; 0            ; 14           ; 0                     ; 0                  ; no     ; no             ; no            ; yes             ; no       ; Off          ; 2.5 V        ; --                        ; Fitter               ;
; MIR[2]  ; K1    ; 2        ; 0            ; 8            ; 7            ; 0                     ; 0                  ; no     ; no             ; no            ; yes             ; no       ; Off          ; 2.5 V        ; --                        ; Fitter               ;
; MIR[30] ; G1    ; 1        ; 0            ; 18           ; 21           ; 0                     ; 0                  ; no     ; no             ; no            ; yes             ; no       ; Off          ; 2.5 V        ; --                        ; Fitter               ;
; MIR[31] ; C3    ; 8        ; 1            ; 24           ; 0            ; 0                     ; 0                  ; no     ; no             ; no            ; yes             ; no       ; Off          ; 2.5 V        ; --                        ; Fitter               ;
; MIR[32] ; N16   ; 5        ; 34           ; 7            ; 21           ; 0                     ; 0                  ; no     ; no             ; no            ; yes             ; no       ; Off          ; 2.5 V        ; --                        ; Fitter               ;
; MIR[33] ; R12   ; 4        ; 23           ; 0            ; 0            ; 0                     ; 0                  ; no     ; no             ; no            ; yes             ; no       ; Off          ; 2.5 V        ; --                        ; Fitter               ;
; MIR[34] ; J14   ; 5        ; 34           ; 10           ; 0            ; 0                     ; 0                  ; no     ; no             ; no            ; yes             ; no       ; Off          ; 2.5 V        ; --                        ; Fitter               ;
; MIR[35] ; P3    ; 3        ; 1            ; 0            ; 14           ; 0                     ; 0                  ; no     ; no             ; no            ; yes             ; no       ; Off          ; 2.5 V        ; --                        ; Fitter               ;
; MIR[3]  ; B1    ; 1        ; 0            ; 22           ; 0            ; 0                     ; 0                  ; no     ; no             ; no            ; yes             ; no       ; Off          ; 2.5 V        ; --                        ; Fitter               ;
; MIR[4]  ; L11   ; 4        ; 32           ; 0            ; 14           ; 0                     ; 0                  ; no     ; no             ; no            ; yes             ; no       ; Off          ; 2.5 V        ; --                        ; Fitter               ;
; MIR[5]  ; A2    ; 8        ; 5            ; 24           ; 0            ; 0                     ; 0                  ; no     ; no             ; no            ; yes             ; no       ; Off          ; 2.5 V        ; --                        ; Fitter               ;
; MIR[6]  ; L14   ; 5        ; 34           ; 7            ; 7            ; 0                     ; 0                  ; no     ; no             ; no            ; yes             ; no       ; Off          ; 2.5 V        ; --                        ; Fitter               ;
; MIR[7]  ; R1    ; 2        ; 0            ; 5            ; 21           ; 0                     ; 0                  ; no     ; no             ; no            ; yes             ; no       ; Off          ; 2.5 V        ; --                        ; Fitter               ;
; MIR[8]  ; A6    ; 8        ; 9            ; 24           ; 14           ; 0                     ; 0                  ; no     ; no             ; no            ; yes             ; no       ; Off          ; 2.5 V        ; --                        ; Fitter               ;
; MIR[9]  ; K16   ; 5        ; 34           ; 9            ; 14           ; 0                     ; 0                  ; no     ; no             ; no            ; yes             ; no       ; Off          ; 2.5 V        ; --                        ; Fitter               ;
+---------+-------+----------+--------------+--------------+--------------+-----------------------+--------------------+--------+----------------+---------------+-----------------+----------+--------------+--------------+---------------------------+----------------------+


+-------------------------------------------------------------------------------------------------------------------------------------------------------------------------------------------------------------------------------------------------------------------------------------------------------------------------------------------------------------------------------------------------------------------------------------------------------------+
; Output Pins                                                                                                                                                                                                                                                                                                                                                                                                                                                 ;
+------------+-------+----------+--------------+--------------+--------------+-----------------+------------------------+---------------+-----------+-----------------+------------+---------------+----------+--------------+--------------+------------------+-----------------------------------+---------------------------+----------------------------+-----------------------------+----------------------+----------------------+---------------------+
; Name       ; Pin # ; I/O Bank ; X coordinate ; Y coordinate ; Z coordinate ; Output Register ; Output Enable Register ; Power Up High ; Slew Rate ; PCI I/O Enabled ; Open Drain ; TRI Primitive ; Bus Hold ; Weak Pull Up ; I/O Standard ; Current Strength ; Termination                       ; Termination Control Block ; Output Buffer Pre-emphasis ; Voltage Output Differential ; Location assigned by ; Output Enable Source ; Output Enable Group ;
+------------+-------+----------+--------------+--------------+--------------+-----------------+------------------------+---------------+-----------+-----------------+------------+---------------+----------+--------------+--------------+------------------+-----------------------------------+---------------------------+----------------------------+-----------------------------+----------------------+----------------------+---------------------+
; COUT       ; N11   ; 4        ; 30           ; 0            ; 21           ; no              ; no                     ; no            ; 2         ; no              ; no         ; no            ; no       ; Off          ; 2.5 V        ; Default          ; Series 50 Ohm without Calibration ; --                        ; no                         ; no                          ; Fitter               ; -                    ; -                   ;
; OUTPUT[0]  ; T9    ; 4        ; 18           ; 0            ; 14           ; no              ; no                     ; no            ; 2         ; no              ; no         ; no            ; no       ; Off          ; 2.5 V        ; Default          ; Series 50 Ohm without Calibration ; --                        ; no                         ; no                          ; Fitter               ; -                    ; -                   ;
; OUTPUT[10] ; A14   ; 7        ; 28           ; 24           ; 0            ; no              ; no                     ; no            ; 2         ; no              ; no         ; no            ; no       ; Off          ; 2.5 V        ; Default          ; Series 50 Ohm without Calibration ; --                        ; no                         ; no                          ; Fitter               ; -                    ; -                   ;
; OUTPUT[11] ; C15   ; 6        ; 34           ; 20           ; 0            ; no              ; no                     ; no            ; 2         ; no              ; no         ; no            ; no       ; Off          ; 2.5 V        ; Default          ; Series 50 Ohm without Calibration ; --                        ; no                         ; no                          ; Fitter               ; -                    ; -                   ;
; OUTPUT[12] ; E11   ; 7        ; 28           ; 24           ; 14           ; no              ; no                     ; no            ; 2         ; no              ; no         ; no            ; no       ; Off          ; 2.5 V        ; Default          ; Series 50 Ohm without Calibration ; --                        ; no                         ; no                          ; Fitter               ; -                    ; -                   ;
; OUTPUT[13] ; D11   ; 7        ; 32           ; 24           ; 21           ; no              ; no                     ; no            ; 2         ; no              ; no         ; no            ; no       ; Off          ; 2.5 V        ; Default          ; Series 50 Ohm without Calibration ; --                        ; no                         ; no                          ; Fitter               ; -                    ; -                   ;
; OUTPUT[14] ; D16   ; 6        ; 34           ; 19           ; 7            ; no              ; no                     ; no            ; 2         ; no              ; no         ; no            ; no       ; Off          ; 2.5 V        ; Default          ; Series 50 Ohm without Calibration ; --                        ; no                         ; no                          ; Fitter               ; -                    ; -                   ;
; OUTPUT[15] ; F14   ; 6        ; 34           ; 19           ; 14           ; no              ; no                     ; no            ; 2         ; no              ; no         ; no            ; no       ; Off          ; 2.5 V        ; Default          ; Series 50 Ohm without Calibration ; --                        ; no                         ; no                          ; Fitter               ; -                    ; -                   ;
; OUTPUT[16] ; T5    ; 3        ; 9            ; 0            ; 0            ; no              ; no                     ; no            ; 2         ; no              ; no         ; no            ; no       ; Off          ; 2.5 V        ; Default          ; Series 50 Ohm without Calibration ; --                        ; no                         ; no                          ; Fitter               ; -                    ; -                   ;
; OUTPUT[17] ; R5    ; 3        ; 9            ; 0            ; 7            ; no              ; no                     ; no            ; 2         ; no              ; no         ; no            ; no       ; Off          ; 2.5 V        ; Default          ; Series 50 Ohm without Calibration ; --                        ; no                         ; no                          ; Fitter               ; -                    ; -                   ;
; OUTPUT[18] ; L7    ; 3        ; 11           ; 0            ; 7            ; no              ; no                     ; no            ; 2         ; no              ; no         ; no            ; no       ; Off          ; 2.5 V        ; Default          ; Series 50 Ohm without Calibration ; --                        ; no                         ; no                          ; Fitter               ; -                    ; -                   ;
; OUTPUT[19] ; E8    ; 8        ; 13           ; 24           ; 14           ; no              ; no                     ; no            ; 2         ; no              ; no         ; no            ; no       ; Off          ; 2.5 V        ; Default          ; Series 50 Ohm without Calibration ; --                        ; no                         ; no                          ; Fitter               ; -                    ; -                   ;
; OUTPUT[1]  ; T8    ; 3        ; 16           ; 0            ; 0            ; no              ; no                     ; no            ; 2         ; no              ; no         ; no            ; no       ; Off          ; 2.5 V        ; Default          ; Series 50 Ohm without Calibration ; --                        ; no                         ; no                          ; Fitter               ; -                    ; -                   ;
; OUTPUT[20] ; C8    ; 8        ; 13           ; 24           ; 0            ; no              ; no                     ; no            ; 2         ; no              ; no         ; no            ; no       ; Off          ; 2.5 V        ; Default          ; Series 50 Ohm without Calibration ; --                        ; no                         ; no                          ; Fitter               ; -                    ; -                   ;
; OUTPUT[21] ; A10   ; 7        ; 21           ; 24           ; 7            ; no              ; no                     ; no            ; 2         ; no              ; no         ; no            ; no       ; Off          ; 2.5 V        ; Default          ; Series 50 Ohm without Calibration ; --                        ; no                         ; no                          ; Fitter               ; -                    ; -                   ;
; OUTPUT[22] ; C11   ; 7        ; 23           ; 24           ; 0            ; no              ; no                     ; no            ; 2         ; no              ; no         ; no            ; no       ; Off          ; 2.5 V        ; Default          ; Series 50 Ohm without Calibration ; --                        ; no                         ; no                          ; Fitter               ; -                    ; -                   ;
; OUTPUT[23] ; B11   ; 7        ; 25           ; 24           ; 21           ; no              ; no                     ; no            ; 2         ; no              ; no         ; no            ; no       ; Off          ; 2.5 V        ; Default          ; Series 50 Ohm without Calibration ; --                        ; no                         ; no                          ; Fitter               ; -                    ; -                   ;
; OUTPUT[24] ; N14   ; 5        ; 34           ; 4            ; 21           ; no              ; no                     ; no            ; 2         ; no              ; no         ; no            ; no       ; Off          ; 2.5 V        ; Default          ; Series 50 Ohm without Calibration ; --                        ; no                         ; no                          ; Fitter               ; -                    ; -                   ;
; OUTPUT[25] ; P16   ; 5        ; 34           ; 5            ; 21           ; no              ; no                     ; no            ; 2         ; no              ; no         ; no            ; no       ; Off          ; 2.5 V        ; Default          ; Series 50 Ohm without Calibration ; --                        ; no                         ; no                          ; Fitter               ; -                    ; -                   ;
; OUTPUT[26] ; K12   ; 5        ; 34           ; 3            ; 14           ; no              ; no                     ; no            ; 2         ; no              ; no         ; no            ; no       ; Off          ; 2.5 V        ; Default          ; Series 50 Ohm without Calibration ; --                        ; no                         ; no                          ; Fitter               ; -                    ; -                   ;
; OUTPUT[27] ; P9    ; 4        ; 25           ; 0            ; 0            ; no              ; no                     ; no            ; 2         ; no              ; no         ; no            ; no       ; Off          ; 2.5 V        ; Default          ; Series 50 Ohm without Calibration ; --                        ; no                         ; no                          ; Fitter               ; -                    ; -                   ;
; OUTPUT[28] ; R13   ; 4        ; 28           ; 0            ; 14           ; no              ; no                     ; no            ; 2         ; no              ; no         ; no            ; no       ; Off          ; 2.5 V        ; Default          ; Series 50 Ohm without Calibration ; --                        ; no                         ; no                          ; Fitter               ; -                    ; -                   ;
; OUTPUT[29] ; P14   ; 4        ; 32           ; 0            ; 21           ; no              ; no                     ; no            ; 2         ; no              ; no         ; no            ; no       ; Off          ; 2.5 V        ; Default          ; Series 50 Ohm without Calibration ; --                        ; no                         ; no                          ; Fitter               ; -                    ; -                   ;
; OUTPUT[2]  ; R8    ; 3        ; 16           ; 0            ; 7            ; no              ; no                     ; no            ; 2         ; no              ; no         ; no            ; no       ; Off          ; 2.5 V        ; Default          ; Series 50 Ohm without Calibration ; --                        ; no                         ; no                          ; Fitter               ; -                    ; -                   ;
; OUTPUT[30] ; M12   ; 5        ; 34           ; 2            ; 14           ; no              ; no                     ; no            ; 2         ; no              ; no         ; no            ; no       ; Off          ; 2.5 V        ; Default          ; Series 50 Ohm without Calibration ; --                        ; no                         ; no                          ; Fitter               ; -                    ; -                   ;
; OUTPUT[31] ; M11   ; 4        ; 32           ; 0            ; 7            ; no              ; no                     ; no            ; 2         ; no              ; no         ; no            ; no       ; Off          ; 2.5 V        ; Default          ; Series 50 Ohm without Calibration ; --                        ; no                         ; no                          ; Fitter               ; -                    ; -                   ;
; OUTPUT[3]  ; B9    ; 7        ; 16           ; 24           ; 7            ; no              ; no                     ; no            ; 2         ; no              ; no         ; no            ; no       ; Off          ; 2.5 V        ; Default          ; Series 50 Ohm without Calibration ; --                        ; no                         ; no                          ; Fitter               ; -                    ; -                   ;
; OUTPUT[4]  ; D8    ; 8        ; 13           ; 24           ; 7            ; no              ; no                     ; no            ; 2         ; no              ; no         ; no            ; no       ; Off          ; 2.5 V        ; Default          ; Series 50 Ohm without Calibration ; --                        ; no                         ; no                          ; Fitter               ; -                    ; -                   ;
; OUTPUT[5]  ; D9    ; 7        ; 18           ; 24           ; 14           ; no              ; no                     ; no            ; 2         ; no              ; no         ; no            ; no       ; Off          ; 2.5 V        ; Default          ; Series 50 Ohm without Calibration ; --                        ; no                         ; no                          ; Fitter               ; -                    ; -                   ;
; OUTPUT[6]  ; M8    ; 3        ; 13           ; 0            ; 0            ; no              ; no                     ; no            ; 2         ; no              ; no         ; no            ; no       ; Off          ; 2.5 V        ; Default          ; Series 50 Ohm without Calibration ; --                        ; no                         ; no                          ; Fitter               ; -                    ; -                   ;
; OUTPUT[7]  ; M9    ; 4        ; 21           ; 0            ; 21           ; no              ; no                     ; no            ; 2         ; no              ; no         ; no            ; no       ; Off          ; 2.5 V        ; Default          ; Series 50 Ohm without Calibration ; --                        ; no                         ; no                          ; Fitter               ; -                    ; -                   ;
; OUTPUT[8]  ; J15   ; 5        ; 34           ; 10           ; 7            ; no              ; no                     ; no            ; 2         ; no              ; no         ; no            ; no       ; Off          ; 2.5 V        ; Default          ; Series 50 Ohm without Calibration ; --                        ; no                         ; no                          ; Fitter               ; -                    ; -                   ;
; OUTPUT[9]  ; B12   ; 7        ; 25           ; 24           ; 7            ; no              ; no                     ; no            ; 2         ; no              ; no         ; no            ; no       ; Off          ; 2.5 V        ; Default          ; Series 50 Ohm without Calibration ; --                        ; no                         ; no                          ; Fitter               ; -                    ; -                   ;
+------------+-------+----------+--------------+--------------+--------------+-----------------+------------------------+---------------+-----------+-----------------+------------+---------------+----------+--------------+--------------+------------------+-----------------------------------+---------------------------+----------------------------+-----------------------------+----------------------+----------------------+---------------------+


+-------------------------------------------------------------------------------------------------------------------------+
; Dual Purpose and Dedicated Pins                                                                                         ;
+----------+-----------------------------+--------------------------+-------------------------+---------------------------+
; Location ; Pin Name                    ; Reserved As              ; User Signal Name        ; Pin Type                  ;
+----------+-----------------------------+--------------------------+-------------------------+---------------------------+
; C1       ; DIFFIO_L1n, DATA1, ASDO     ; As input tri-stated      ; ~ALTERA_ASDO_DATA1~     ; Dual Purpose Pin          ;
; D2       ; DIFFIO_L2p, FLASH_nCE, nCSO ; As input tri-stated      ; ~ALTERA_FLASH_nCE_nCSO~ ; Dual Purpose Pin          ;
; F4       ; nSTATUS                     ; -                        ; -                       ; Dedicated Programming Pin ;
; H1       ; DCLK                        ; As output driving ground ; ~ALTERA_DCLK~           ; Dual Purpose Pin          ;
; H2       ; DATA0                       ; As input tri-stated      ; ~ALTERA_DATA0~          ; Dual Purpose Pin          ;
; H5       ; nCONFIG                     ; -                        ; -                       ; Dedicated Programming Pin ;
; J3       ; nCE                         ; -                        ; -                       ; Dedicated Programming Pin ;
; J15      ; DIFFIO_R7p, DEV_CLRn        ; Use as regular IO        ; OUTPUT[8]               ; Dual Purpose Pin          ;
; H14      ; CONF_DONE                   ; -                        ; -                       ; Dedicated Programming Pin ;
; H13      ; MSEL0                       ; -                        ; -                       ; Dedicated Programming Pin ;
; H12      ; MSEL1                       ; -                        ; -                       ; Dedicated Programming Pin ;
; G12      ; MSEL2                       ; -                        ; -                       ; Dedicated Programming Pin ;
; G12      ; MSEL3                       ; -                        ; -                       ; Dedicated Programming Pin ;
; F16      ; DIFFIO_R3n, nCEO            ; Use as programming pin   ; ~ALTERA_nCEO~           ; Dual Purpose Pin          ;
; F15      ; DIFFIO_R3p, CLKUSR          ; Use as regular IO        ; B[15]                   ; Dual Purpose Pin          ;
; E8       ; DIFFIO_T10n, DATA2          ; Use as regular IO        ; OUTPUT[19]              ; Dual Purpose Pin          ;
; F8       ; DIFFIO_T10p, DATA3          ; Use as regular IO        ; A[19]                   ; Dual Purpose Pin          ;
; B7       ; DIFFIO_T9p, DATA4           ; Use as regular IO        ; A[6]                    ; Dual Purpose Pin          ;
+----------+-----------------------------+--------------------------+-------------------------+---------------------------+


+-------------------------------------------------------------+
; I/O Bank Usage                                              ;
+----------+-------------------+---------------+--------------+
; I/O Bank ; Usage             ; VCCIO Voltage ; VREF Voltage ;
+----------+-------------------+---------------+--------------+
; 1        ; 8 / 18 ( 44 % )   ; 2.5V          ; --           ;
; 2        ; 8 / 19 ( 42 % )   ; 2.5V          ; --           ;
; 3        ; 19 / 26 ( 73 % )  ; 2.5V          ; --           ;
; 4        ; 27 / 27 ( 100 % ) ; 2.5V          ; --           ;
; 5        ; 20 / 25 ( 80 % )  ; 2.5V          ; --           ;
; 6        ; 10 / 16 ( 63 % )  ; 2.5V          ; --           ;
; 7        ; 26 / 26 ( 100 % ) ; 2.5V          ; --           ;
; 8        ; 20 / 26 ( 77 % )  ; 2.5V          ; --           ;
+----------+-------------------+---------------+--------------+


+-----------------------------------------------------------------------------------------------------------------------------------------------------------------------------------------+
; All Package Pins                                                                                                                                                                        ;
+----------+------------+----------+-----------------------------------------------------------+--------+--------------+---------+------------+-----------------+----------+--------------+
; Location ; Pad Number ; I/O Bank ; Pin Name/Usage                                            ; Dir.   ; I/O Standard ; Voltage ; I/O Type   ; User Assignment ; Bus Hold ; Weak Pull Up ;
+----------+------------+----------+-----------------------------------------------------------+--------+--------------+---------+------------+-----------------+----------+--------------+
; A1       ;            ; 8        ; VCCIO8                                                    ; power  ;              ; 2.5V    ; --         ;                 ; --       ; --           ;
; A2       ; 194        ; 8        ; MIR[5]                                                    ; input  ; 2.5 V        ;         ; Column I/O ; N               ; no       ; Off          ;
; A3       ; 200        ; 8        ; MIR[23]                                                   ; input  ; 2.5 V        ;         ; Column I/O ; N               ; no       ; Off          ;
; A4       ; 196        ; 8        ; MIR[27]                                                   ; input  ; 2.5 V        ;         ; Column I/O ; N               ; no       ; Off          ;
; A5       ; 192        ; 8        ; RESERVED_INPUT_WITH_WEAK_PULLUP                           ;        ;              ;         ; Column I/O ;                 ; no       ; On           ;
; A6       ; 188        ; 8        ; MIR[8]                                                    ; input  ; 2.5 V        ;         ; Column I/O ; N               ; no       ; Off          ;
; A7       ; 183        ; 8        ; A[5]                                                      ; input  ; 2.5 V        ;         ; Column I/O ; N               ; no       ; Off          ;
; A8       ; 177        ; 8        ; A[20]                                                     ; input  ; 2.5 V        ;         ; Column I/O ; N               ; no       ; Off          ;
; A9       ; 175        ; 7        ; B[20]                                                     ; input  ; 2.5 V        ;         ; Column I/O ; N               ; no       ; Off          ;
; A10      ; 168        ; 7        ; OUTPUT[21]                                                ; output ; 2.5 V        ;         ; Column I/O ; N               ; no       ; Off          ;
; A11      ; 161        ; 7        ; A[23]                                                     ; input  ; 2.5 V        ;         ; Column I/O ; N               ; no       ; Off          ;
; A12      ; 159        ; 7        ; A[22]                                                     ; input  ; 2.5 V        ;         ; Column I/O ; N               ; no       ; Off          ;
; A13      ; 153        ; 7        ; A[14]                                                     ; input  ; 2.5 V        ;         ; Column I/O ; N               ; no       ; Off          ;
; A14      ; 155        ; 7        ; OUTPUT[10]                                                ; output ; 2.5 V        ;         ; Column I/O ; N               ; no       ; Off          ;
; A15      ; 167        ; 7        ; MIR[18]                                                   ; input  ; 2.5 V        ;         ; Column I/O ; N               ; no       ; Off          ;
; A16      ;            ; 7        ; VCCIO7                                                    ; power  ;              ; 2.5V    ; --         ;                 ; --       ; --           ;
; B1       ; 3          ; 1        ; MIR[3]                                                    ; input  ; 2.5 V        ;         ; Row I/O    ; N               ; no       ; Off          ;
; B2       ;            ;          ; GND                                                       ; gnd    ;              ;         ; --         ;                 ; --       ; --           ;
; B3       ; 201        ; 8        ; RESERVED_INPUT_WITH_WEAK_PULLUP                           ;        ;              ;         ; Column I/O ;                 ; no       ; On           ;
; B4       ; 197        ; 8        ; MIR[26]                                                   ; input  ; 2.5 V        ;         ; Column I/O ; N               ; no       ; Off          ;
; B5       ; 195        ; 8        ; MIR[1]                                                    ; input  ; 2.5 V        ;         ; Column I/O ; N               ; no       ; Off          ;
; B6       ; 189        ; 8        ; MIR[14]                                                   ; input  ; 2.5 V        ;         ; Column I/O ; N               ; no       ; Off          ;
; B7       ; 184        ; 8        ; A[6]                                                      ; input  ; 2.5 V        ;         ; Column I/O ; N               ; no       ; Off          ;
; B8       ; 178        ; 8        ; B[4]                                                      ; input  ; 2.5 V        ;         ; Column I/O ; N               ; no       ; Off          ;
; B9       ; 176        ; 7        ; OUTPUT[3]                                                 ; output ; 2.5 V        ;         ; Column I/O ; N               ; no       ; Off          ;
; B10      ; 169        ; 7        ; B[22]                                                     ; input  ; 2.5 V        ;         ; Column I/O ; N               ; no       ; Off          ;
; B11      ; 162        ; 7        ; OUTPUT[23]                                                ; output ; 2.5 V        ;         ; Column I/O ; N               ; no       ; Off          ;
; B12      ; 160        ; 7        ; OUTPUT[9]                                                 ; output ; 2.5 V        ;         ; Column I/O ; N               ; no       ; Off          ;
; B13      ; 154        ; 7        ; MIR[19]                                                   ; input  ; 2.5 V        ;         ; Column I/O ; N               ; no       ; Off          ;
; B14      ; 156        ; 7        ; B[12]                                                     ; input  ; 2.5 V        ;         ; Column I/O ; N               ; no       ; Off          ;
; B15      ;            ;          ; GND                                                       ; gnd    ;              ;         ; --         ;                 ; --       ; --           ;
; B16      ; 141        ; 6        ; MIR[0]                                                    ; input  ; 2.5 V        ;         ; Row I/O    ; N               ; no       ; Off          ;
; C1       ; 5          ; 1        ; ~ALTERA_ASDO_DATA1~ / RESERVED_INPUT_WITH_WEAK_PULLUP     ; input  ; 2.5 V        ;         ; Row I/O    ; N               ; no       ; On           ;
; C2       ; 4          ; 1        ; RESERVED_INPUT_WITH_WEAK_PULLUP                           ;        ;              ;         ; Row I/O    ;                 ; no       ; On           ;
; C3       ; 202        ; 8        ; MIR[31]                                                   ; input  ; 2.5 V        ;         ; Column I/O ; N               ; no       ; Off          ;
; C4       ;            ; 8        ; VCCIO8                                                    ; power  ;              ; 2.5V    ; --         ;                 ; --       ; --           ;
; C5       ;            ;          ; GND                                                       ; gnd    ;              ;         ; --         ;                 ; --       ; --           ;
; C6       ; 187        ; 8        ; B[19]                                                     ; input  ; 2.5 V        ;         ; Column I/O ; N               ; no       ; Off          ;
; C7       ;            ; 8        ; VCCIO8                                                    ; power  ;              ; 2.5V    ; --         ;                 ; --       ; --           ;
; C8       ; 179        ; 8        ; OUTPUT[20]                                                ; output ; 2.5 V        ;         ; Column I/O ; N               ; no       ; Off          ;
; C9       ; 172        ; 7        ; B[5]                                                      ; input  ; 2.5 V        ;         ; Column I/O ; N               ; no       ; Off          ;
; C10      ;            ; 7        ; VCCIO7                                                    ; power  ;              ; 2.5V    ; --         ;                 ; --       ; --           ;
; C11      ; 163        ; 7        ; OUTPUT[22]                                                ; output ; 2.5 V        ;         ; Column I/O ; N               ; no       ; Off          ;
; C12      ;            ;          ; GND                                                       ; gnd    ;              ;         ; --         ;                 ; --       ; --           ;
; C13      ;            ; 7        ; VCCIO7                                                    ; power  ;              ; 2.5V    ; --         ;                 ; --       ; --           ;
; C14      ; 149        ; 7        ; B[14]                                                     ; input  ; 2.5 V        ;         ; Column I/O ; N               ; no       ; Off          ;
; C15      ; 147        ; 6        ; OUTPUT[11]                                                ; output ; 2.5 V        ;         ; Row I/O    ; N               ; no       ; Off          ;
; C16      ; 146        ; 6        ; A[12]                                                     ; input  ; 2.5 V        ;         ; Row I/O    ; N               ; no       ; Off          ;
; D1       ; 8          ; 1        ; MIR[10]                                                   ; input  ; 2.5 V        ;         ; Row I/O    ; N               ; no       ; Off          ;
; D2       ; 7          ; 1        ; ~ALTERA_FLASH_nCE_nCSO~ / RESERVED_INPUT_WITH_WEAK_PULLUP ; input  ; 2.5 V        ;         ; Row I/O    ; N               ; no       ; On           ;
; D3       ; 203        ; 8        ; RESERVED_INPUT_WITH_WEAK_PULLUP                           ;        ;              ;         ; Column I/O ;                 ; no       ; On           ;
; D4       ; 0          ; 1        ; MIR[24]                                                   ; input  ; 2.5 V        ;         ; Row I/O    ; N               ; no       ; Off          ;
; D5       ; 198        ; 8        ; RESERVED_INPUT_WITH_WEAK_PULLUP                           ;        ;              ;         ; Column I/O ;                 ; no       ; On           ;
; D6       ; 199        ; 8        ; MIR[15]                                                   ; input  ; 2.5 V        ;         ; Column I/O ; N               ; no       ; Off          ;
; D7       ;            ;          ; GND                                                       ; gnd    ;              ;         ; --         ;                 ; --       ; --           ;
; D8       ; 180        ; 8        ; OUTPUT[4]                                                 ; output ; 2.5 V        ;         ; Column I/O ; N               ; no       ; Off          ;
; D9       ; 173        ; 7        ; OUTPUT[5]                                                 ; output ; 2.5 V        ;         ; Column I/O ; N               ; no       ; Off          ;
; D10      ;            ;          ; GND                                                       ; gnd    ;              ;         ; --         ;                 ; --       ; --           ;
; D11      ; 151        ; 7        ; OUTPUT[13]                                                ; output ; 2.5 V        ;         ; Column I/O ; N               ; no       ; Off          ;
; D12      ; 152        ; 7        ; MIR[17]                                                   ; input  ; 2.5 V        ;         ; Column I/O ; N               ; no       ; Off          ;
; D13      ;            ;          ; VCCD_PLL2                                                 ; power  ;              ; 1.2V    ; --         ;                 ; --       ; --           ;
; D14      ; 150        ; 7        ; B[13]                                                     ; input  ; 2.5 V        ;         ; Column I/O ; N               ; no       ; Off          ;
; D15      ; 144        ; 6        ; B[9]                                                      ; input  ; 2.5 V        ;         ; Row I/O    ; N               ; no       ; Off          ;
; D16      ; 143        ; 6        ; OUTPUT[14]                                                ; output ; 2.5 V        ;         ; Row I/O    ; N               ; no       ; Off          ;
; E1       ; 24         ; 1        ; GND+                                                      ;        ;              ;         ; Row I/O    ;                 ; --       ; --           ;
; E2       ; 23         ; 1        ; GND+                                                      ;        ;              ;         ; Row I/O    ;                 ; --       ; --           ;
; E3       ;            ; 1        ; VCCIO1                                                    ; power  ;              ; 2.5V    ; --         ;                 ; --       ; --           ;
; E4       ;            ;          ; GND                                                       ; gnd    ;              ;         ; --         ;                 ; --       ; --           ;
; E5       ; 1          ; 1        ; RESERVED_INPUT_WITH_WEAK_PULLUP                           ;        ;              ;         ; Row I/O    ;                 ; no       ; On           ;
; E6       ; 191        ; 8        ; RESERVED_INPUT_WITH_WEAK_PULLUP                           ;        ;              ;         ; Column I/O ;                 ; no       ; On           ;
; E7       ; 190        ; 8        ; RESERVED_INPUT_WITH_WEAK_PULLUP                           ;        ;              ;         ; Column I/O ;                 ; no       ; On           ;
; E8       ; 181        ; 8        ; OUTPUT[19]                                                ; output ; 2.5 V        ;         ; Column I/O ; N               ; no       ; Off          ;
; E9       ; 174        ; 7        ; A[4]                                                      ; input  ; 2.5 V        ;         ; Column I/O ; N               ; no       ; Off          ;
; E10      ; 158        ; 7        ; A[10]                                                     ; input  ; 2.5 V        ;         ; Column I/O ; N               ; no       ; Off          ;
; E11      ; 157        ; 7        ; OUTPUT[12]                                                ; output ; 2.5 V        ;         ; Column I/O ; N               ; no       ; Off          ;
; E12      ;            ;          ; GNDA2                                                     ; gnd    ;              ;         ; --         ;                 ; --       ; --           ;
; E13      ;            ;          ; GND                                                       ; gnd    ;              ;         ; --         ;                 ; --       ; --           ;
; E14      ;            ; 6        ; VCCIO6                                                    ; power  ;              ; 2.5V    ; --         ;                 ; --       ; --           ;
; E15      ; 128        ; 6        ; GND+                                                      ;        ;              ;         ; Row I/O    ;                 ; --       ; --           ;
; E16      ; 127        ; 6        ; GND+                                                      ;        ;              ;         ; Row I/O    ;                 ; --       ; --           ;
; F1       ; 12         ; 1        ; RESERVED_INPUT_WITH_WEAK_PULLUP                           ;        ;              ;         ; Row I/O    ;                 ; no       ; On           ;
; F2       ; 11         ; 1        ; RESERVED_INPUT_WITH_WEAK_PULLUP                           ;        ;              ;         ; Row I/O    ;                 ; no       ; On           ;
; F3       ; 6          ; 1        ; RESERVED_INPUT_WITH_WEAK_PULLUP                           ;        ;              ;         ; Row I/O    ;                 ; --       ; --           ;
; F4       ; 9          ; 1        ; ^nSTATUS                                                  ;        ;              ;         ; --         ;                 ; --       ; --           ;
; F5       ; 2          ; 1        ; RESERVED_INPUT_WITH_WEAK_PULLUP                           ;        ;              ;         ; Row I/O    ;                 ; no       ; On           ;
; F6       ; 185        ; 8        ; A[3]                                                      ; input  ; 2.5 V        ;         ; Column I/O ; N               ; no       ; Off          ;
; F7       ; 186        ; 8        ; B[3]                                                      ; input  ; 2.5 V        ;         ; Column I/O ; N               ; no       ; Off          ;
; F8       ; 182        ; 8        ; A[19]                                                     ; input  ; 2.5 V        ;         ; Column I/O ; N               ; no       ; Off          ;
; F9       ; 165        ; 7        ; B[23]                                                     ; input  ; 2.5 V        ;         ; Column I/O ; N               ; no       ; Off          ;
; F10      ; 164        ; 7        ; A[21]                                                     ; input  ; 2.5 V        ;         ; Column I/O ; N               ; no       ; Off          ;
; F11      ; 166        ; 7        ; B[21]                                                     ; input  ; 2.5 V        ;         ; Column I/O ; N               ; no       ; Off          ;
; F12      ;            ; --       ; VCCA2                                                     ; power  ;              ; 2.5V    ; --         ;                 ; --       ; --           ;
; F13      ; 138        ; 6        ; RESERVED_INPUT_WITH_WEAK_PULLUP                           ;        ;              ;         ; Row I/O    ;                 ; no       ; On           ;
; F14      ; 142        ; 6        ; OUTPUT[15]                                                ; output ; 2.5 V        ;         ; Row I/O    ; N               ; no       ; Off          ;
; F15      ; 140        ; 6        ; B[15]                                                     ; input  ; 2.5 V        ;         ; Row I/O    ; N               ; no       ; Off          ;
; F16      ; 139        ; 6        ; ~ALTERA_nCEO~ / RESERVED_OUTPUT_OPEN_DRAIN                ; output ; 2.5 V        ;         ; Row I/O    ; N               ; no       ; Off          ;
; G1       ; 14         ; 1        ; MIR[30]                                                   ; input  ; 2.5 V        ;         ; Row I/O    ; N               ; no       ; Off          ;
; G2       ; 13         ; 1        ; RESERVED_INPUT_WITH_WEAK_PULLUP                           ;        ;              ;         ; Row I/O    ;                 ; no       ; On           ;
; G3       ;            ; 1        ; VCCIO1                                                    ; power  ;              ; 2.5V    ; --         ;                 ; --       ; --           ;
; G4       ;            ;          ; GND                                                       ; gnd    ;              ;         ; --         ;                 ; --       ; --           ;
; G5       ; 10         ; 1        ; RESERVED_INPUT_WITH_WEAK_PULLUP                           ;        ;              ;         ; Row I/O    ;                 ; no       ; On           ;
; G6       ;            ;          ; VCCINT                                                    ; power  ;              ; 1.2V    ; --         ;                 ; --       ; --           ;
; G7       ;            ;          ; VCCINT                                                    ; power  ;              ; 1.2V    ; --         ;                 ; --       ; --           ;
; G8       ;            ;          ; VCCINT                                                    ; power  ;              ; 1.2V    ; --         ;                 ; --       ; --           ;
; G9       ;            ;          ; VCCINT                                                    ; power  ;              ; 1.2V    ; --         ;                 ; --       ; --           ;
; G10      ;            ;          ; VCCINT                                                    ; power  ;              ; 1.2V    ; --         ;                 ; --       ; --           ;
; G11      ; 145        ; 6        ; A[13]                                                     ; input  ; 2.5 V        ;         ; Row I/O    ; N               ; no       ; Off          ;
; G12      ; 132        ; 6        ; ^MSEL2                                                    ;        ;              ;         ; --         ;                 ; --       ; --           ;
; G12      ; 133        ; 6        ; ^MSEL3                                                    ;        ;              ;         ; --         ;                 ; --       ; --           ;
; G13      ;            ;          ; GND                                                       ; gnd    ;              ;         ; --         ;                 ; --       ; --           ;
; G14      ;            ; 6        ; VCCIO6                                                    ; power  ;              ; 2.5V    ; --         ;                 ; --       ; --           ;
; G15      ; 137        ; 6        ; RESERVED_INPUT_WITH_WEAK_PULLUP                           ;        ;              ;         ; Row I/O    ;                 ; no       ; On           ;
; G16      ; 136        ; 6        ; RESERVED_INPUT_WITH_WEAK_PULLUP                           ;        ;              ;         ; Row I/O    ;                 ; no       ; On           ;
; H1       ; 15         ; 1        ; ~ALTERA_DCLK~                                             ; output ; 2.5 V        ;         ; Row I/O    ; N               ; no       ; On           ;
; H2       ; 16         ; 1        ; ~ALTERA_DATA0~ / RESERVED_INPUT_WITH_WEAK_PULLUP          ; input  ; 2.5 V        ;         ; Row I/O    ; N               ; no       ; On           ;
; H3       ; 19         ; 1        ; #TCK                                                      ; input  ;              ;         ; --         ;                 ; --       ; --           ;
; H4       ; 18         ; 1        ; #TDI                                                      ; input  ;              ;         ; --         ;                 ; --       ; --           ;
; H5       ; 17         ; 1        ; ^nCONFIG                                                  ;        ;              ;         ; --         ;                 ; --       ; --           ;
; H6       ;            ;          ; VCCINT                                                    ; power  ;              ; 1.2V    ; --         ;                 ; --       ; --           ;
; H7       ;            ;          ; GND                                                       ; gnd    ;              ;         ; --         ;                 ; --       ; --           ;
; H8       ;            ;          ; GND                                                       ; gnd    ;              ;         ; --         ;                 ; --       ; --           ;
; H9       ;            ;          ; GND                                                       ; gnd    ;              ;         ; --         ;                 ; --       ; --           ;
; H10      ;            ;          ; GND                                                       ; gnd    ;              ;         ; --         ;                 ; --       ; --           ;
; H11      ;            ;          ; VCCINT                                                    ; power  ;              ; 1.2V    ; --         ;                 ; --       ; --           ;
; H12      ; 131        ; 6        ; ^MSEL1                                                    ;        ;              ;         ; --         ;                 ; --       ; --           ;
; H13      ; 130        ; 6        ; ^MSEL0                                                    ;        ;              ;         ; --         ;                 ; --       ; --           ;
; H14      ; 129        ; 6        ; ^CONF_DONE                                                ;        ;              ;         ; --         ;                 ; --       ; --           ;
; H15      ; 135        ; 6        ; A[15]                                                     ; input  ; 2.5 V        ;         ; Row I/O    ; N               ; no       ; Off          ;
; H16      ; 134        ; 6        ; RESERVED_INPUT_WITH_WEAK_PULLUP                           ;        ;              ;         ; Row I/O    ;                 ; no       ; On           ;
; J1       ; 28         ; 2        ; B[7]                                                      ; input  ; 2.5 V        ;         ; Row I/O    ; N               ; no       ; Off          ;
; J2       ; 27         ; 2        ; B[8]                                                      ; input  ; 2.5 V        ;         ; Row I/O    ; N               ; no       ; Off          ;
; J3       ; 22         ; 1        ; ^nCE                                                      ;        ;              ;         ; --         ;                 ; --       ; --           ;
; J4       ; 21         ; 1        ; #TDO                                                      ; output ;              ;         ; --         ;                 ; --       ; --           ;
; J5       ; 20         ; 1        ; #TMS                                                      ; input  ;              ;         ; --         ;                 ; --       ; --           ;
; J6       ; 29         ; 2        ; RESERVED_INPUT_WITH_WEAK_PULLUP                           ;        ;              ;         ; Row I/O    ;                 ; no       ; On           ;
; J7       ;            ;          ; GND                                                       ; gnd    ;              ;         ; --         ;                 ; --       ; --           ;
; J8       ;            ;          ; GND                                                       ; gnd    ;              ;         ; --         ;                 ; --       ; --           ;
; J9       ;            ;          ; GND                                                       ; gnd    ;              ;         ; --         ;                 ; --       ; --           ;
; J10      ;            ;          ; GND                                                       ; gnd    ;              ;         ; --         ;                 ; --       ; --           ;
; J11      ; 117        ; 5        ; MIR[13]                                                   ; input  ; 2.5 V        ;         ; Row I/O    ; N               ; no       ; Off          ;
; J12      ; 123        ; 5        ; A[8]                                                      ; input  ; 2.5 V        ;         ; Row I/O    ; N               ; no       ; Off          ;
; J13      ; 124        ; 5        ; A[7]                                                      ; input  ; 2.5 V        ;         ; Row I/O    ; N               ; no       ; Off          ;
; J14      ; 122        ; 5        ; MIR[34]                                                   ; input  ; 2.5 V        ;         ; Row I/O    ; N               ; no       ; Off          ;
; J15      ; 121        ; 5        ; OUTPUT[8]                                                 ; output ; 2.5 V        ;         ; Row I/O    ; N               ; no       ; Off          ;
; J16      ; 120        ; 5        ; RESERVED_INPUT_WITH_WEAK_PULLUP                           ;        ;              ;         ; Row I/O    ;                 ; no       ; On           ;
; K1       ; 33         ; 2        ; MIR[2]                                                    ; input  ; 2.5 V        ;         ; Row I/O    ; N               ; no       ; Off          ;
; K2       ; 32         ; 2        ; RESERVED_INPUT_WITH_WEAK_PULLUP                           ;        ;              ;         ; Row I/O    ;                 ; no       ; On           ;
; K3       ;            ; 2        ; VCCIO2                                                    ; power  ;              ; 2.5V    ; --         ;                 ; --       ; --           ;
; K4       ;            ;          ; GND                                                       ; gnd    ;              ;         ; --         ;                 ; --       ; --           ;
; K5       ; 39         ; 2        ; RESERVED_INPUT_WITH_WEAK_PULLUP                           ;        ;              ;         ; Row I/O    ;                 ; no       ; On           ;
; K6       ; 30         ; 2        ; RESERVED_INPUT_WITH_WEAK_PULLUP                           ;        ;              ;         ; Row I/O    ;                 ; no       ; On           ;
; K7       ;            ;          ; VCCINT                                                    ; power  ;              ; 1.2V    ; --         ;                 ; --       ; --           ;
; K8       ; 60         ; 3        ; RESERVED_INPUT_WITH_WEAK_PULLUP                           ;        ;              ;         ; Column I/O ;                 ; no       ; On           ;
; K9       ; 76         ; 4        ; B[0]                                                      ; input  ; 2.5 V        ;         ; Column I/O ; N               ; no       ; Off          ;
; K10      ; 87         ; 4        ; A[26]                                                     ; input  ; 2.5 V        ;         ; Column I/O ; N               ; no       ; Off          ;
; K11      ; 110        ; 5        ; RESERVED_INPUT_WITH_WEAK_PULLUP                           ;        ;              ;         ; Row I/O    ;                 ; no       ; On           ;
; K12      ; 105        ; 5        ; OUTPUT[26]                                                ; output ; 2.5 V        ;         ; Row I/O    ; N               ; no       ; Off          ;
; K13      ;            ;          ; GND                                                       ; gnd    ;              ;         ; --         ;                 ; --       ; --           ;
; K14      ;            ; 5        ; VCCIO5                                                    ; power  ;              ; 2.5V    ; --         ;                 ; --       ; --           ;
; K15      ; 119        ; 5        ; RESERVED_INPUT_WITH_WEAK_PULLUP                           ;        ;              ;         ; Row I/O    ;                 ; no       ; On           ;
; K16      ; 118        ; 5        ; MIR[9]                                                    ; input  ; 2.5 V        ;         ; Row I/O    ; N               ; no       ; Off          ;
; L1       ; 35         ; 2        ; RESERVED_INPUT_WITH_WEAK_PULLUP                           ;        ;              ;         ; Row I/O    ;                 ; no       ; On           ;
; L2       ; 34         ; 2        ; RESERVED_INPUT_WITH_WEAK_PULLUP                           ;        ;              ;         ; Row I/O    ;                 ; no       ; On           ;
; L3       ; 36         ; 2        ; RESERVED_INPUT_WITH_WEAK_PULLUP                           ;        ;              ;         ; Row I/O    ;                 ; --       ; --           ;
; L4       ; 40         ; 2        ; RESERVED_INPUT_WITH_WEAK_PULLUP                           ;        ;              ;         ; Row I/O    ;                 ; no       ; On           ;
; L5       ;            ; --       ; VCCA1                                                     ; power  ;              ; 2.5V    ; --         ;                 ; --       ; --           ;
; L6       ; 31         ; 2        ; MIR[25]                                                   ; input  ; 2.5 V        ;         ; Row I/O    ; N               ; no       ; Off          ;
; L7       ; 65         ; 3        ; OUTPUT[18]                                                ; output ; 2.5 V        ;         ; Column I/O ; N               ; no       ; Off          ;
; L8       ; 68         ; 3        ; B[17]                                                     ; input  ; 2.5 V        ;         ; Column I/O ; N               ; no       ; Off          ;
; L9       ; 77         ; 4        ; A[0]                                                      ; input  ; 2.5 V        ;         ; Column I/O ; N               ; no       ; Off          ;
; L10      ; 88         ; 4        ; B[28]                                                     ; input  ; 2.5 V        ;         ; Column I/O ; N               ; no       ; Off          ;
; L11      ; 99         ; 4        ; MIR[4]                                                    ; input  ; 2.5 V        ;         ; Column I/O ; N               ; no       ; Off          ;
; L12      ; 104        ; 5        ; B[30]                                                     ; input  ; 2.5 V        ;         ; Row I/O    ; N               ; no       ; Off          ;
; L13      ; 114        ; 5        ; RESERVED_INPUT_WITH_WEAK_PULLUP                           ;        ;              ;         ; Row I/O    ;                 ; no       ; On           ;
; L14      ; 113        ; 5        ; MIR[6]                                                    ; input  ; 2.5 V        ;         ; Row I/O    ; N               ; no       ; Off          ;
; L15      ; 116        ; 5        ; A[24]                                                     ; input  ; 2.5 V        ;         ; Row I/O    ; N               ; no       ; Off          ;
; L16      ; 115        ; 5        ; A[25]                                                     ; input  ; 2.5 V        ;         ; Row I/O    ; N               ; no       ; Off          ;
; M1       ; 26         ; 2        ; A[9]                                                      ; input  ; 2.5 V        ;         ; Row I/O    ; N               ; no       ; Off          ;
; M2       ; 25         ; 2        ; B[10]                                                     ; input  ; 2.5 V        ;         ; Row I/O    ; N               ; no       ; Off          ;
; M3       ;            ; 2        ; VCCIO2                                                    ; power  ;              ; 2.5V    ; --         ;                 ; --       ; --           ;
; M4       ;            ;          ; GND                                                       ; gnd    ;              ;         ; --         ;                 ; --       ; --           ;
; M5       ;            ;          ; GNDA1                                                     ; gnd    ;              ;         ; --         ;                 ; --       ; --           ;
; M6       ; 57         ; 3        ; MIR[22]                                                   ; input  ; 2.5 V        ;         ; Column I/O ; N               ; no       ; Off          ;
; M7       ; 59         ; 3        ; B[1]                                                      ; input  ; 2.5 V        ;         ; Column I/O ; N               ; no       ; Off          ;
; M8       ; 69         ; 3        ; OUTPUT[6]                                                 ; output ; 2.5 V        ;         ; Column I/O ; N               ; no       ; Off          ;
; M9       ; 78         ; 4        ; OUTPUT[7]                                                 ; output ; 2.5 V        ;         ; Column I/O ; N               ; no       ; Off          ;
; M10      ; 93         ; 4        ; A[29]                                                     ; input  ; 2.5 V        ;         ; Column I/O ; N               ; no       ; Off          ;
; M11      ; 100        ; 4        ; OUTPUT[31]                                                ; output ; 2.5 V        ;         ; Column I/O ; N               ; no       ; Off          ;
; M12      ; 103        ; 5        ; OUTPUT[30]                                                ; output ; 2.5 V        ;         ; Row I/O    ; N               ; no       ; Off          ;
; M13      ;            ;          ; GND                                                       ; gnd    ;              ;         ; --         ;                 ; --       ; --           ;
; M14      ;            ; 5        ; VCCIO5                                                    ; power  ;              ; 2.5V    ; --         ;                 ; --       ; --           ;
; M15      ; 126        ; 5        ; B[11]                                                     ; input  ; 2.5 V        ;         ; Row I/O    ; N               ; no       ; Off          ;
; M16      ; 125        ; 5        ; A[11]                                                     ; input  ; 2.5 V        ;         ; Row I/O    ; N               ; no       ; Off          ;
; N1       ; 38         ; 2        ; RESERVED_INPUT_WITH_WEAK_PULLUP                           ;        ;              ;         ; Row I/O    ;                 ; no       ; On           ;
; N2       ; 37         ; 2        ; RESERVED_INPUT_WITH_WEAK_PULLUP                           ;        ;              ;         ; Row I/O    ;                 ; no       ; On           ;
; N3       ; 45         ; 3        ; MIR[11]                                                   ; input  ; 2.5 V        ;         ; Column I/O ; N               ; no       ; Off          ;
; N4       ;            ;          ; VCCD_PLL1                                                 ; power  ;              ; 1.2V    ; --         ;                 ; --       ; --           ;
; N5       ; 55         ; 3        ; RESERVED_INPUT_WITH_WEAK_PULLUP                           ;        ;              ;         ; Column I/O ;                 ; no       ; On           ;
; N6       ; 56         ; 3        ; MIR[29]                                                   ; input  ; 2.5 V        ;         ; Column I/O ; N               ; no       ; Off          ;
; N7       ;            ;          ; GND                                                       ; gnd    ;              ;         ; --         ;                 ; --       ; --           ;
; N8       ; 70         ; 3        ; B[16]                                                     ; input  ; 2.5 V        ;         ; Column I/O ; N               ; no       ; Off          ;
; N9       ; 79         ; 4        ; B[6]                                                      ; input  ; 2.5 V        ;         ; Column I/O ; N               ; no       ; Off          ;
; N10      ;            ;          ; GND                                                       ; gnd    ;              ;         ; --         ;                 ; --       ; --           ;
; N11      ; 94         ; 4        ; COUT                                                      ; output ; 2.5 V        ;         ; Column I/O ; N               ; no       ; Off          ;
; N12      ; 101        ; 4        ; A[30]                                                     ; input  ; 2.5 V        ;         ; Column I/O ; N               ; no       ; Off          ;
; N13      ; 102        ; 5        ; B[29]                                                     ; input  ; 2.5 V        ;         ; Row I/O    ; N               ; no       ; Off          ;
; N14      ; 106        ; 5        ; OUTPUT[24]                                                ; output ; 2.5 V        ;         ; Row I/O    ; N               ; no       ; Off          ;
; N15      ; 112        ; 5        ; RESERVED_INPUT_WITH_WEAK_PULLUP                           ;        ;              ;         ; Row I/O    ;                 ; no       ; On           ;
; N16      ; 111        ; 5        ; MIR[32]                                                   ; input  ; 2.5 V        ;         ; Row I/O    ; N               ; no       ; Off          ;
; P1       ; 44         ; 2        ; MIR[12]                                                   ; input  ; 2.5 V        ;         ; Row I/O    ; N               ; no       ; Off          ;
; P2       ; 43         ; 2        ; RESERVED_INPUT_WITH_WEAK_PULLUP                           ;        ;              ;         ; Row I/O    ;                 ; no       ; On           ;
; P3       ; 46         ; 3        ; MIR[35]                                                   ; input  ; 2.5 V        ;         ; Column I/O ; N               ; no       ; Off          ;
; P4       ;            ; 3        ; VCCIO3                                                    ; power  ;              ; 2.5V    ; --         ;                 ; --       ; --           ;
; P5       ;            ;          ; GND                                                       ; gnd    ;              ;         ; --         ;                 ; --       ; --           ;
; P6       ; 58         ; 3        ; RESERVED_INPUT_WITH_WEAK_PULLUP                           ;        ;              ;         ; Column I/O ;                 ; --       ; --           ;
; P7       ;            ; 3        ; VCCIO3                                                    ; power  ;              ; 2.5V    ; --         ;                 ; --       ; --           ;
; P8       ; 71         ; 3        ; A[16]                                                     ; input  ; 2.5 V        ;         ; Column I/O ; N               ; no       ; Off          ;
; P9       ; 89         ; 4        ; OUTPUT[27]                                                ; output ; 2.5 V        ;         ; Column I/O ; N               ; no       ; Off          ;
; P10      ;            ; 4        ; VCCIO4                                                    ; power  ;              ; 2.5V    ; --         ;                 ; --       ; --           ;
; P11      ; 90         ; 4        ; A[27]                                                     ; input  ; 2.5 V        ;         ; Column I/O ; N               ; no       ; Off          ;
; P12      ;            ;          ; GND                                                       ; gnd    ;              ;         ; --         ;                 ; --       ; --           ;
; P13      ;            ; 4        ; VCCIO4                                                    ; power  ;              ; 2.5V    ; --         ;                 ; --       ; --           ;
; P14      ; 98         ; 4        ; OUTPUT[29]                                                ; output ; 2.5 V        ;         ; Column I/O ; N               ; no       ; Off          ;
; P15      ; 107        ; 5        ; B[25]                                                     ; input  ; 2.5 V        ;         ; Row I/O    ; N               ; no       ; Off          ;
; P16      ; 108        ; 5        ; OUTPUT[25]                                                ; output ; 2.5 V        ;         ; Row I/O    ; N               ; no       ; Off          ;
; R1       ; 42         ; 2        ; MIR[7]                                                    ; input  ; 2.5 V        ;         ; Row I/O    ; N               ; no       ; Off          ;
; R2       ;            ;          ; GND                                                       ; gnd    ;              ;         ; --         ;                 ; --       ; --           ;
; R3       ; 47         ; 3        ; RESERVED_INPUT_WITH_WEAK_PULLUP                           ;        ;              ;         ; Column I/O ;                 ; no       ; On           ;
; R4       ; 53         ; 3        ; RESERVED_INPUT_WITH_WEAK_PULLUP                           ;        ;              ;         ; Column I/O ;                 ; no       ; On           ;
; R5       ; 61         ; 3        ; OUTPUT[17]                                                ; output ; 2.5 V        ;         ; Column I/O ; N               ; no       ; Off          ;
; R6       ; 63         ; 3        ; A[17]                                                     ; input  ; 2.5 V        ;         ; Column I/O ; N               ; no       ; Off          ;
; R7       ; 66         ; 3        ; B[18]                                                     ; input  ; 2.5 V        ;         ; Column I/O ; N               ; no       ; Off          ;
; R8       ; 72         ; 3        ; OUTPUT[2]                                                 ; output ; 2.5 V        ;         ; Column I/O ; N               ; no       ; Off          ;
; R9       ; 74         ; 4        ; MIR[16]                                                   ; input  ; 2.5 V        ;         ; Column I/O ; N               ; no       ; Off          ;
; R10      ; 80         ; 4        ; A[1]                                                      ; input  ; 2.5 V        ;         ; Column I/O ; N               ; no       ; Off          ;
; R11      ; 83         ; 4        ; MIR[20]                                                   ; input  ; 2.5 V        ;         ; Column I/O ; N               ; no       ; Off          ;
; R12      ; 85         ; 4        ; MIR[33]                                                   ; input  ; 2.5 V        ;         ; Column I/O ; N               ; no       ; Off          ;
; R13      ; 91         ; 4        ; OUTPUT[28]                                                ; output ; 2.5 V        ;         ; Column I/O ; N               ; no       ; Off          ;
; R14      ; 97         ; 4        ; B[24]                                                     ; input  ; 2.5 V        ;         ; Column I/O ; N               ; no       ; Off          ;
; R15      ;            ;          ; GND                                                       ; gnd    ;              ;         ; --         ;                 ; --       ; --           ;
; R16      ; 109        ; 5        ; B[26]                                                     ; input  ; 2.5 V        ;         ; Row I/O    ; N               ; no       ; Off          ;
; T1       ;            ; 3        ; VCCIO3                                                    ; power  ;              ; 2.5V    ; --         ;                 ; --       ; --           ;
; T2       ; 52         ; 3        ; RESERVED_INPUT_WITH_WEAK_PULLUP                           ;        ;              ;         ; Column I/O ;                 ; no       ; On           ;
; T3       ; 48         ; 3        ; MIR[28]                                                   ; input  ; 2.5 V        ;         ; Column I/O ; N               ; no       ; Off          ;
; T4       ; 54         ; 3        ; RESERVED_INPUT_WITH_WEAK_PULLUP                           ;        ;              ;         ; Column I/O ;                 ; no       ; On           ;
; T5       ; 62         ; 3        ; OUTPUT[16]                                                ; output ; 2.5 V        ;         ; Column I/O ; N               ; no       ; Off          ;
; T6       ; 64         ; 3        ; A[2]                                                      ; input  ; 2.5 V        ;         ; Column I/O ; N               ; no       ; Off          ;
; T7       ; 67         ; 3        ; A[18]                                                     ; input  ; 2.5 V        ;         ; Column I/O ; N               ; no       ; Off          ;
; T8       ; 73         ; 3        ; OUTPUT[1]                                                 ; output ; 2.5 V        ;         ; Column I/O ; N               ; no       ; Off          ;
; T9       ; 75         ; 4        ; OUTPUT[0]                                                 ; output ; 2.5 V        ;         ; Column I/O ; N               ; no       ; Off          ;
; T10      ; 81         ; 4        ; B[2]                                                      ; input  ; 2.5 V        ;         ; Column I/O ; N               ; no       ; Off          ;
; T11      ; 84         ; 4        ; MIR[21]                                                   ; input  ; 2.5 V        ;         ; Column I/O ; N               ; no       ; Off          ;
; T12      ; 86         ; 4        ; B[27]                                                     ; input  ; 2.5 V        ;         ; Column I/O ; N               ; no       ; Off          ;
; T13      ; 92         ; 4        ; A[28]                                                     ; input  ; 2.5 V        ;         ; Column I/O ; N               ; no       ; Off          ;
; T14      ; 95         ; 4        ; A[31]                                                     ; input  ; 2.5 V        ;         ; Column I/O ; N               ; no       ; Off          ;
; T15      ; 96         ; 4        ; B[31]                                                     ; input  ; 2.5 V        ;         ; Column I/O ; N               ; no       ; Off          ;
; T16      ;            ; 4        ; VCCIO4                                                    ; power  ;              ; 2.5V    ; --         ;                 ; --       ; --           ;
+----------+------------+----------+-----------------------------------------------------------+--------+--------------+---------+------------+-----------------+----------+--------------+
Note: Pin directions (input, output or bidir) are based on device operating in user mode.


+---------------------------------------------------------------------------------------------------------------------------------------------------------------------------------------------------------------------------------------------------------------------------------------------------------+
; Fitter Resource Utilization by Entity                                                                                                                                                                                                                                                                   ;
+------------------------------+-------------+---------------------------+---------------+-------------+------+--------------+---------+-----------+------+--------------+--------------+-------------------+------------------+-----------------------------------------------------------+--------------+
; Compilation Hierarchy Node   ; Logic Cells ; Dedicated Logic Registers ; I/O Registers ; Memory Bits ; M9Ks ; DSP Elements ; DSP 9x9 ; DSP 18x18 ; Pins ; Virtual Pins ; LUT-Only LCs ; Register-Only LCs ; LUT/Register LCs ; Full Hierarchy Name                                       ; Library Name ;
+------------------------------+-------------+---------------------------+---------------+-------------+------+--------------+---------+-----------+------+--------------+--------------+-------------------+------------------+-----------------------------------------------------------+--------------+
; |ULA_32bit                   ; 201 (0)     ; 0 (0)                     ; 0 (0)         ; 0           ; 0    ; 0            ; 0       ; 0         ; 133  ; 0            ; 201 (0)      ; 0 (0)             ; 0 (0)            ; |ULA_32bit                                                ; work         ;
;    |ULA_8bit:inst13|         ; 56 (0)      ; 0 (0)                     ; 0 (0)         ; 0           ; 0    ; 0            ; 0       ; 0         ; 0    ; 0            ; 56 (0)       ; 0 (0)             ; 0 (0)            ; |ULA_32bit|ULA_8bit:inst13                                ; work         ;
;       |ULA_1bit:inst1|       ; 6 (6)       ; 0 (0)                     ; 0 (0)         ; 0           ; 0    ; 0            ; 0       ; 0         ; 0    ; 0            ; 6 (6)        ; 0 (0)             ; 0 (0)            ; |ULA_32bit|ULA_8bit:inst13|ULA_1bit:inst1                 ; work         ;
;       |ULA_1bit:inst2|       ; 6 (6)       ; 0 (0)                     ; 0 (0)         ; 0           ; 0    ; 0            ; 0       ; 0         ; 0    ; 0            ; 6 (6)        ; 0 (0)             ; 0 (0)            ; |ULA_32bit|ULA_8bit:inst13|ULA_1bit:inst2                 ; work         ;
;       |ULA_1bit:inst3|       ; 6 (6)       ; 0 (0)                     ; 0 (0)         ; 0           ; 0    ; 0            ; 0       ; 0         ; 0    ; 0            ; 6 (6)        ; 0 (0)             ; 0 (0)            ; |ULA_32bit|ULA_8bit:inst13|ULA_1bit:inst3                 ; work         ;
;       |ULA_1bit:inst5|       ; 6 (6)       ; 0 (0)                     ; 0 (0)         ; 0           ; 0    ; 0            ; 0       ; 0         ; 0    ; 0            ; 6 (6)        ; 0 (0)             ; 0 (0)            ; |ULA_32bit|ULA_8bit:inst13|ULA_1bit:inst5                 ; work         ;
;       |ULA_1bit:inst6|       ; 9 (9)       ; 0 (0)                     ; 0 (0)         ; 0           ; 0    ; 0            ; 0       ; 0         ; 0    ; 0            ; 9 (9)        ; 0 (0)             ; 0 (0)            ; |ULA_32bit|ULA_8bit:inst13|ULA_1bit:inst6                 ; work         ;
;       |ULA_1bit:inst7|       ; 9 (9)       ; 0 (0)                     ; 0 (0)         ; 0           ; 0    ; 0            ; 0       ; 0         ; 0    ; 0            ; 9 (9)        ; 0 (0)             ; 0 (0)            ; |ULA_32bit|ULA_8bit:inst13|ULA_1bit:inst7                 ; work         ;
;       |ULA_1bit:inst8|       ; 8 (8)       ; 0 (0)                     ; 0 (0)         ; 0           ; 0    ; 0            ; 0       ; 0         ; 0    ; 0            ; 8 (8)        ; 0 (0)             ; 0 (0)            ; |ULA_32bit|ULA_8bit:inst13|ULA_1bit:inst8                 ; work         ;
;       |ULA_1bit:inst|        ; 6 (6)       ; 0 (0)                     ; 0 (0)         ; 0           ; 0    ; 0            ; 0       ; 0         ; 0    ; 0            ; 6 (6)        ; 0 (0)             ; 0 (0)            ; |ULA_32bit|ULA_8bit:inst13|ULA_1bit:inst                  ; work         ;
;    |ULA_8bit:inst1|          ; 48 (0)      ; 0 (0)                     ; 0 (0)         ; 0           ; 0    ; 0            ; 0       ; 0         ; 0    ; 0            ; 48 (0)       ; 0 (0)             ; 0 (0)            ; |ULA_32bit|ULA_8bit:inst1                                 ; work         ;
;       |ULA_1bit:inst1|       ; 6 (6)       ; 0 (0)                     ; 0 (0)         ; 0           ; 0    ; 0            ; 0       ; 0         ; 0    ; 0            ; 6 (6)        ; 0 (0)             ; 0 (0)            ; |ULA_32bit|ULA_8bit:inst1|ULA_1bit:inst1                  ; work         ;
;       |ULA_1bit:inst2|       ; 6 (6)       ; 0 (0)                     ; 0 (0)         ; 0           ; 0    ; 0            ; 0       ; 0         ; 0    ; 0            ; 6 (6)        ; 0 (0)             ; 0 (0)            ; |ULA_32bit|ULA_8bit:inst1|ULA_1bit:inst2                  ; work         ;
;       |ULA_1bit:inst3|       ; 6 (6)       ; 0 (0)                     ; 0 (0)         ; 0           ; 0    ; 0            ; 0       ; 0         ; 0    ; 0            ; 6 (6)        ; 0 (0)             ; 0 (0)            ; |ULA_32bit|ULA_8bit:inst1|ULA_1bit:inst3                  ; work         ;
;       |ULA_1bit:inst5|       ; 6 (6)       ; 0 (0)                     ; 0 (0)         ; 0           ; 0    ; 0            ; 0       ; 0         ; 0    ; 0            ; 6 (6)        ; 0 (0)             ; 0 (0)            ; |ULA_32bit|ULA_8bit:inst1|ULA_1bit:inst5                  ; work         ;
;       |ULA_1bit:inst6|       ; 6 (6)       ; 0 (0)                     ; 0 (0)         ; 0           ; 0    ; 0            ; 0       ; 0         ; 0    ; 0            ; 6 (6)        ; 0 (0)             ; 0 (0)            ; |ULA_32bit|ULA_8bit:inst1|ULA_1bit:inst6                  ; work         ;
;       |ULA_1bit:inst7|       ; 6 (6)       ; 0 (0)                     ; 0 (0)         ; 0           ; 0    ; 0            ; 0       ; 0         ; 0    ; 0            ; 6 (6)        ; 0 (0)             ; 0 (0)            ; |ULA_32bit|ULA_8bit:inst1|ULA_1bit:inst7                  ; work         ;
;       |ULA_1bit:inst8|       ; 6 (6)       ; 0 (0)                     ; 0 (0)         ; 0           ; 0    ; 0            ; 0       ; 0         ; 0    ; 0            ; 6 (6)        ; 0 (0)             ; 0 (0)            ; |ULA_32bit|ULA_8bit:inst1|ULA_1bit:inst8                  ; work         ;
;       |ULA_1bit:inst|        ; 6 (6)       ; 0 (0)                     ; 0 (0)         ; 0           ; 0    ; 0            ; 0       ; 0         ; 0    ; 0            ; 6 (6)        ; 0 (0)             ; 0 (0)            ; |ULA_32bit|ULA_8bit:inst1|ULA_1bit:inst                   ; work         ;
;    |ULA_8bit:inst3|          ; 49 (0)      ; 0 (0)                     ; 0 (0)         ; 0           ; 0    ; 0            ; 0       ; 0         ; 0    ; 0            ; 49 (0)       ; 0 (0)             ; 0 (0)            ; |ULA_32bit|ULA_8bit:inst3                                 ; work         ;
;       |ULA_1bit:inst1|       ; 6 (6)       ; 0 (0)                     ; 0 (0)         ; 0           ; 0    ; 0            ; 0       ; 0         ; 0    ; 0            ; 6 (6)        ; 0 (0)             ; 0 (0)            ; |ULA_32bit|ULA_8bit:inst3|ULA_1bit:inst1                  ; work         ;
;       |ULA_1bit:inst2|       ; 6 (6)       ; 0 (0)                     ; 0 (0)         ; 0           ; 0    ; 0            ; 0       ; 0         ; 0    ; 0            ; 6 (6)        ; 0 (0)             ; 0 (0)            ; |ULA_32bit|ULA_8bit:inst3|ULA_1bit:inst2                  ; work         ;
;       |ULA_1bit:inst3|       ; 6 (6)       ; 0 (0)                     ; 0 (0)         ; 0           ; 0    ; 0            ; 0       ; 0         ; 0    ; 0            ; 6 (6)        ; 0 (0)             ; 0 (0)            ; |ULA_32bit|ULA_8bit:inst3|ULA_1bit:inst3                  ; work         ;
;       |ULA_1bit:inst5|       ; 6 (6)       ; 0 (0)                     ; 0 (0)         ; 0           ; 0    ; 0            ; 0       ; 0         ; 0    ; 0            ; 6 (6)        ; 0 (0)             ; 0 (0)            ; |ULA_32bit|ULA_8bit:inst3|ULA_1bit:inst5                  ; work         ;
;       |ULA_1bit:inst6|       ; 6 (6)       ; 0 (0)                     ; 0 (0)         ; 0           ; 0    ; 0            ; 0       ; 0         ; 0    ; 0            ; 6 (6)        ; 0 (0)             ; 0 (0)            ; |ULA_32bit|ULA_8bit:inst3|ULA_1bit:inst6                  ; work         ;
;       |ULA_1bit:inst7|       ; 6 (6)       ; 0 (0)                     ; 0 (0)         ; 0           ; 0    ; 0            ; 0       ; 0         ; 0    ; 0            ; 6 (6)        ; 0 (0)             ; 0 (0)            ; |ULA_32bit|ULA_8bit:inst3|ULA_1bit:inst7                  ; work         ;
;       |ULA_1bit:inst8|       ; 6 (6)       ; 0 (0)                     ; 0 (0)         ; 0           ; 0    ; 0            ; 0       ; 0         ; 0    ; 0            ; 6 (6)        ; 0 (0)             ; 0 (0)            ; |ULA_32bit|ULA_8bit:inst3|ULA_1bit:inst8                  ; work         ;
;       |ULA_1bit:inst|        ; 7 (6)       ; 0 (0)                     ; 0 (0)         ; 0           ; 0    ; 0            ; 0       ; 0         ; 0    ; 0            ; 7 (6)        ; 0 (0)             ; 0 (0)            ; |ULA_32bit|ULA_8bit:inst3|ULA_1bit:inst                   ; work         ;
;          |DECODER_2T04:inst| ; 1 (1)       ; 0 (0)                     ; 0 (0)         ; 0           ; 0    ; 0            ; 0       ; 0         ; 0    ; 0            ; 1 (1)        ; 0 (0)             ; 0 (0)            ; |ULA_32bit|ULA_8bit:inst3|ULA_1bit:inst|DECODER_2T04:inst ; work         ;
;    |ULA_8bit:inst|           ; 48 (0)      ; 0 (0)                     ; 0 (0)         ; 0           ; 0    ; 0            ; 0       ; 0         ; 0    ; 0            ; 48 (0)       ; 0 (0)             ; 0 (0)            ; |ULA_32bit|ULA_8bit:inst                                  ; work         ;
;       |ULA_1bit:inst1|       ; 6 (6)       ; 0 (0)                     ; 0 (0)         ; 0           ; 0    ; 0            ; 0       ; 0         ; 0    ; 0            ; 6 (6)        ; 0 (0)             ; 0 (0)            ; |ULA_32bit|ULA_8bit:inst|ULA_1bit:inst1                   ; work         ;
;       |ULA_1bit:inst2|       ; 6 (6)       ; 0 (0)                     ; 0 (0)         ; 0           ; 0    ; 0            ; 0       ; 0         ; 0    ; 0            ; 6 (6)        ; 0 (0)             ; 0 (0)            ; |ULA_32bit|ULA_8bit:inst|ULA_1bit:inst2                   ; work         ;
;       |ULA_1bit:inst3|       ; 6 (6)       ; 0 (0)                     ; 0 (0)         ; 0           ; 0    ; 0            ; 0       ; 0         ; 0    ; 0            ; 6 (6)        ; 0 (0)             ; 0 (0)            ; |ULA_32bit|ULA_8bit:inst|ULA_1bit:inst3                   ; work         ;
;       |ULA_1bit:inst5|       ; 6 (6)       ; 0 (0)                     ; 0 (0)         ; 0           ; 0    ; 0            ; 0       ; 0         ; 0    ; 0            ; 6 (6)        ; 0 (0)             ; 0 (0)            ; |ULA_32bit|ULA_8bit:inst|ULA_1bit:inst5                   ; work         ;
;       |ULA_1bit:inst6|       ; 6 (6)       ; 0 (0)                     ; 0 (0)         ; 0           ; 0    ; 0            ; 0       ; 0         ; 0    ; 0            ; 6 (6)        ; 0 (0)             ; 0 (0)            ; |ULA_32bit|ULA_8bit:inst|ULA_1bit:inst6                   ; work         ;
;       |ULA_1bit:inst7|       ; 6 (6)       ; 0 (0)                     ; 0 (0)         ; 0           ; 0    ; 0            ; 0       ; 0         ; 0    ; 0            ; 6 (6)        ; 0 (0)             ; 0 (0)            ; |ULA_32bit|ULA_8bit:inst|ULA_1bit:inst7                   ; work         ;
;       |ULA_1bit:inst8|       ; 6 (6)       ; 0 (0)                     ; 0 (0)         ; 0           ; 0    ; 0            ; 0       ; 0         ; 0    ; 0            ; 6 (6)        ; 0 (0)             ; 0 (0)            ; |ULA_32bit|ULA_8bit:inst|ULA_1bit:inst8                   ; work         ;
;       |ULA_1bit:inst|        ; 6 (6)       ; 0 (0)                     ; 0 (0)         ; 0           ; 0    ; 0            ; 0       ; 0         ; 0    ; 0            ; 6 (6)        ; 0 (0)             ; 0 (0)            ; |ULA_32bit|ULA_8bit:inst|ULA_1bit:inst                    ; work         ;
+------------------------------+-------------+---------------------------+---------------+-------------+------+--------------+---------+-----------+------+--------------+--------------+-------------------+------------------+-----------------------------------------------------------+--------------+
Note: For table entries with two numbers listed, the numbers in parentheses indicate the number of resources of the given type used by the specific entity alone. The numbers listed outside of parentheses indicate the total resources of the given type used by the specific entity and all of its sub-entities in the hierarchy.


+--------------------------------------------------------------------------------------------+
; Delay Chain Summary                                                                        ;
+------------+----------+---------------+---------------+-----------------------+-----+------+
; Name       ; Pin Type ; Pad to Core 0 ; Pad to Core 1 ; Pad to Input Register ; TCO ; TCOE ;
+------------+----------+---------------+---------------+-----------------------+-----+------+
; COUT       ; Output   ; --            ; --            ; --                    ; --  ; --   ;
; MIR[35]    ; Input    ; --            ; --            ; --                    ; --  ; --   ;
; MIR[34]    ; Input    ; --            ; --            ; --                    ; --  ; --   ;
; MIR[33]    ; Input    ; --            ; --            ; --                    ; --  ; --   ;
; MIR[32]    ; Input    ; --            ; --            ; --                    ; --  ; --   ;
; MIR[31]    ; Input    ; --            ; --            ; --                    ; --  ; --   ;
; MIR[30]    ; Input    ; --            ; --            ; --                    ; --  ; --   ;
; MIR[29]    ; Input    ; --            ; --            ; --                    ; --  ; --   ;
; MIR[28]    ; Input    ; --            ; --            ; --                    ; --  ; --   ;
; MIR[27]    ; Input    ; --            ; --            ; --                    ; --  ; --   ;
; MIR[26]    ; Input    ; --            ; --            ; --                    ; --  ; --   ;
; MIR[25]    ; Input    ; --            ; --            ; --                    ; --  ; --   ;
; MIR[24]    ; Input    ; --            ; --            ; --                    ; --  ; --   ;
; MIR[23]    ; Input    ; --            ; --            ; --                    ; --  ; --   ;
; MIR[22]    ; Input    ; --            ; --            ; --                    ; --  ; --   ;
; MIR[15]    ; Input    ; --            ; --            ; --                    ; --  ; --   ;
; MIR[14]    ; Input    ; --            ; --            ; --                    ; --  ; --   ;
; MIR[13]    ; Input    ; --            ; --            ; --                    ; --  ; --   ;
; MIR[12]    ; Input    ; --            ; --            ; --                    ; --  ; --   ;
; MIR[11]    ; Input    ; --            ; --            ; --                    ; --  ; --   ;
; MIR[10]    ; Input    ; --            ; --            ; --                    ; --  ; --   ;
; MIR[9]     ; Input    ; --            ; --            ; --                    ; --  ; --   ;
; MIR[8]     ; Input    ; --            ; --            ; --                    ; --  ; --   ;
; MIR[7]     ; Input    ; --            ; --            ; --                    ; --  ; --   ;
; MIR[6]     ; Input    ; --            ; --            ; --                    ; --  ; --   ;
; MIR[5]     ; Input    ; --            ; --            ; --                    ; --  ; --   ;
; MIR[4]     ; Input    ; --            ; --            ; --                    ; --  ; --   ;
; MIR[3]     ; Input    ; --            ; --            ; --                    ; --  ; --   ;
; MIR[2]     ; Input    ; --            ; --            ; --                    ; --  ; --   ;
; MIR[1]     ; Input    ; --            ; --            ; --                    ; --  ; --   ;
; MIR[0]     ; Input    ; --            ; --            ; --                    ; --  ; --   ;
; OUTPUT[31] ; Output   ; --            ; --            ; --                    ; --  ; --   ;
; OUTPUT[30] ; Output   ; --            ; --            ; --                    ; --  ; --   ;
; OUTPUT[29] ; Output   ; --            ; --            ; --                    ; --  ; --   ;
; OUTPUT[28] ; Output   ; --            ; --            ; --                    ; --  ; --   ;
; OUTPUT[27] ; Output   ; --            ; --            ; --                    ; --  ; --   ;
; OUTPUT[26] ; Output   ; --            ; --            ; --                    ; --  ; --   ;
; OUTPUT[25] ; Output   ; --            ; --            ; --                    ; --  ; --   ;
; OUTPUT[24] ; Output   ; --            ; --            ; --                    ; --  ; --   ;
; OUTPUT[23] ; Output   ; --            ; --            ; --                    ; --  ; --   ;
; OUTPUT[22] ; Output   ; --            ; --            ; --                    ; --  ; --   ;
; OUTPUT[21] ; Output   ; --            ; --            ; --                    ; --  ; --   ;
; OUTPUT[20] ; Output   ; --            ; --            ; --                    ; --  ; --   ;
; OUTPUT[19] ; Output   ; --            ; --            ; --                    ; --  ; --   ;
; OUTPUT[18] ; Output   ; --            ; --            ; --                    ; --  ; --   ;
; OUTPUT[17] ; Output   ; --            ; --            ; --                    ; --  ; --   ;
; OUTPUT[16] ; Output   ; --            ; --            ; --                    ; --  ; --   ;
; OUTPUT[15] ; Output   ; --            ; --            ; --                    ; --  ; --   ;
; OUTPUT[14] ; Output   ; --            ; --            ; --                    ; --  ; --   ;
; OUTPUT[13] ; Output   ; --            ; --            ; --                    ; --  ; --   ;
; OUTPUT[12] ; Output   ; --            ; --            ; --                    ; --  ; --   ;
; OUTPUT[11] ; Output   ; --            ; --            ; --                    ; --  ; --   ;
; OUTPUT[10] ; Output   ; --            ; --            ; --                    ; --  ; --   ;
; OUTPUT[9]  ; Output   ; --            ; --            ; --                    ; --  ; --   ;
; OUTPUT[8]  ; Output   ; --            ; --            ; --                    ; --  ; --   ;
; OUTPUT[7]  ; Output   ; --            ; --            ; --                    ; --  ; --   ;
; OUTPUT[6]  ; Output   ; --            ; --            ; --                    ; --  ; --   ;
; OUTPUT[5]  ; Output   ; --            ; --            ; --                    ; --  ; --   ;
; OUTPUT[4]  ; Output   ; --            ; --            ; --                    ; --  ; --   ;
; OUTPUT[3]  ; Output   ; --            ; --            ; --                    ; --  ; --   ;
; OUTPUT[2]  ; Output   ; --            ; --            ; --                    ; --  ; --   ;
; OUTPUT[1]  ; Output   ; --            ; --            ; --                    ; --  ; --   ;
; OUTPUT[0]  ; Output   ; --            ; --            ; --                    ; --  ; --   ;
; MIR[21]    ; Input    ; (6) 1314 ps   ; --            ; --                    ; --  ; --   ;
; MIR[20]    ; Input    ; (6) 1314 ps   ; --            ; --                    ; --  ; --   ;
; MIR[17]    ; Input    ; (6) 1314 ps   ; --            ; --                    ; --  ; --   ;
; MIR[19]    ; Input    ; (6) 1314 ps   ; --            ; --                    ; --  ; --   ;
; A[31]      ; Input    ; (6) 1314 ps   ; --            ; --                    ; --  ; --   ;
; MIR[18]    ; Input    ; (6) 1314 ps   ; --            ; --                    ; --  ; --   ;
; B[31]      ; Input    ; (6) 1314 ps   ; --            ; --                    ; --  ; --   ;
; A[30]      ; Input    ; (6) 1314 ps   ; --            ; --                    ; --  ; --   ;
; B[30]      ; Input    ; (6) 1314 ps   ; --            ; --                    ; --  ; --   ;
; A[29]      ; Input    ; (6) 1314 ps   ; --            ; --                    ; --  ; --   ;
; B[29]      ; Input    ; --            ; (6) 1314 ps   ; --                    ; --  ; --   ;
; A[28]      ; Input    ; --            ; (6) 1314 ps   ; --                    ; --  ; --   ;
; B[28]      ; Input    ; (6) 1314 ps   ; --            ; --                    ; --  ; --   ;
; A[27]      ; Input    ; (6) 1314 ps   ; --            ; --                    ; --  ; --   ;
; B[27]      ; Input    ; --            ; (6) 1314 ps   ; --                    ; --  ; --   ;
; A[26]      ; Input    ; (6) 1314 ps   ; --            ; --                    ; --  ; --   ;
; B[26]      ; Input    ; (6) 1314 ps   ; --            ; --                    ; --  ; --   ;
; A[25]      ; Input    ; (6) 1314 ps   ; --            ; --                    ; --  ; --   ;
; B[25]      ; Input    ; --            ; (6) 1314 ps   ; --                    ; --  ; --   ;
; A[24]      ; Input    ; (6) 1314 ps   ; --            ; --                    ; --  ; --   ;
; B[24]      ; Input    ; (6) 1314 ps   ; --            ; --                    ; --  ; --   ;
; A[23]      ; Input    ; (6) 1314 ps   ; --            ; --                    ; --  ; --   ;
; B[23]      ; Input    ; (6) 1314 ps   ; --            ; --                    ; --  ; --   ;
; A[22]      ; Input    ; (6) 1314 ps   ; --            ; --                    ; --  ; --   ;
; B[22]      ; Input    ; --            ; (6) 1314 ps   ; --                    ; --  ; --   ;
; B[21]      ; Input    ; (6) 1314 ps   ; --            ; --                    ; --  ; --   ;
; A[21]      ; Input    ; (6) 1314 ps   ; --            ; --                    ; --  ; --   ;
; A[20]      ; Input    ; (6) 1314 ps   ; --            ; --                    ; --  ; --   ;
; B[20]      ; Input    ; --            ; (6) 1314 ps   ; --                    ; --  ; --   ;
; A[19]      ; Input    ; --            ; (6) 1314 ps   ; --                    ; --  ; --   ;
; B[19]      ; Input    ; (6) 1314 ps   ; --            ; --                    ; --  ; --   ;
; A[18]      ; Input    ; --            ; (6) 1314 ps   ; --                    ; --  ; --   ;
; B[18]      ; Input    ; --            ; (6) 1314 ps   ; --                    ; --  ; --   ;
; A[17]      ; Input    ; (6) 1314 ps   ; --            ; --                    ; --  ; --   ;
; B[17]      ; Input    ; --            ; (6) 1314 ps   ; --                    ; --  ; --   ;
; A[16]      ; Input    ; (6) 1314 ps   ; --            ; --                    ; --  ; --   ;
; B[16]      ; Input    ; (6) 1314 ps   ; --            ; --                    ; --  ; --   ;
; A[15]      ; Input    ; --            ; (6) 1314 ps   ; --                    ; --  ; --   ;
; B[15]      ; Input    ; (6) 1314 ps   ; --            ; --                    ; --  ; --   ;
; A[14]      ; Input    ; --            ; (6) 1314 ps   ; --                    ; --  ; --   ;
; B[14]      ; Input    ; (6) 1314 ps   ; --            ; --                    ; --  ; --   ;
; A[13]      ; Input    ; (6) 1314 ps   ; --            ; --                    ; --  ; --   ;
; B[13]      ; Input    ; (6) 1314 ps   ; --            ; --                    ; --  ; --   ;
; A[12]      ; Input    ; (6) 1314 ps   ; --            ; --                    ; --  ; --   ;
; B[12]      ; Input    ; (6) 1314 ps   ; --            ; --                    ; --  ; --   ;
; A[11]      ; Input    ; (0) 0 ps      ; --            ; --                    ; --  ; --   ;
; B[11]      ; Input    ; (0) 0 ps      ; --            ; --                    ; --  ; --   ;
; A[10]      ; Input    ; --            ; (6) 1314 ps   ; --                    ; --  ; --   ;
; B[10]      ; Input    ; (0) 0 ps      ; --            ; --                    ; --  ; --   ;
; A[9]       ; Input    ; (0) 0 ps      ; --            ; --                    ; --  ; --   ;
; B[9]       ; Input    ; (6) 1314 ps   ; --            ; --                    ; --  ; --   ;
; A[8]       ; Input    ; --            ; (6) 1314 ps   ; --                    ; --  ; --   ;
; B[8]       ; Input    ; (6) 1314 ps   ; --            ; --                    ; --  ; --   ;
; A[7]       ; Input    ; (6) 1314 ps   ; --            ; --                    ; --  ; --   ;
; B[7]       ; Input    ; --            ; (6) 1314 ps   ; --                    ; --  ; --   ;
; A[6]       ; Input    ; (6) 1314 ps   ; --            ; --                    ; --  ; --   ;
; B[6]       ; Input    ; (6) 1314 ps   ; --            ; --                    ; --  ; --   ;
; A[5]       ; Input    ; --            ; (6) 1314 ps   ; --                    ; --  ; --   ;
; B[5]       ; Input    ; (6) 1314 ps   ; --            ; --                    ; --  ; --   ;
; A[4]       ; Input    ; (6) 1314 ps   ; --            ; --                    ; --  ; --   ;
; B[4]       ; Input    ; --            ; (6) 1314 ps   ; --                    ; --  ; --   ;
; A[3]       ; Input    ; (6) 1314 ps   ; --            ; --                    ; --  ; --   ;
; B[3]       ; Input    ; --            ; (6) 1314 ps   ; --                    ; --  ; --   ;
; A[2]       ; Input    ; (6) 1314 ps   ; --            ; --                    ; --  ; --   ;
; B[2]       ; Input    ; (6) 1314 ps   ; --            ; --                    ; --  ; --   ;
; A[1]       ; Input    ; --            ; (6) 1314 ps   ; --                    ; --  ; --   ;
; B[1]       ; Input    ; --            ; (6) 1314 ps   ; --                    ; --  ; --   ;
; A[0]       ; Input    ; (6) 1314 ps   ; --            ; --                    ; --  ; --   ;
; B[0]       ; Input    ; (6) 1314 ps   ; --            ; --                    ; --  ; --   ;
; MIR[16]    ; Input    ; --            ; (6) 1314 ps   ; --                    ; --  ; --   ;
+------------+----------+---------------+---------------+-----------------------+-----+------+


+---------------------------------------------------------------------------------------------+
; Pad To Core Delay Chain Fanout                                                              ;
+---------------------------------------------------------------+-------------------+---------+
; Source Pin / Fanout                                           ; Pad To Core Index ; Setting ;
+---------------------------------------------------------------+-------------------+---------+
; MIR[35]                                                       ;                   ;         ;
; MIR[34]                                                       ;                   ;         ;
; MIR[33]                                                       ;                   ;         ;
; MIR[32]                                                       ;                   ;         ;
; MIR[31]                                                       ;                   ;         ;
; MIR[30]                                                       ;                   ;         ;
; MIR[29]                                                       ;                   ;         ;
; MIR[28]                                                       ;                   ;         ;
; MIR[27]                                                       ;                   ;         ;
; MIR[26]                                                       ;                   ;         ;
; MIR[25]                                                       ;                   ;         ;
; MIR[24]                                                       ;                   ;         ;
; MIR[23]                                                       ;                   ;         ;
; MIR[22]                                                       ;                   ;         ;
; MIR[15]                                                       ;                   ;         ;
; MIR[14]                                                       ;                   ;         ;
; MIR[13]                                                       ;                   ;         ;
; MIR[12]                                                       ;                   ;         ;
; MIR[11]                                                       ;                   ;         ;
; MIR[10]                                                       ;                   ;         ;
; MIR[9]                                                        ;                   ;         ;
; MIR[8]                                                        ;                   ;         ;
; MIR[7]                                                        ;                   ;         ;
; MIR[6]                                                        ;                   ;         ;
; MIR[5]                                                        ;                   ;         ;
; MIR[4]                                                        ;                   ;         ;
; MIR[3]                                                        ;                   ;         ;
; MIR[2]                                                        ;                   ;         ;
; MIR[1]                                                        ;                   ;         ;
; MIR[0]                                                        ;                   ;         ;
; MIR[21]                                                       ;                   ;         ;
;      - ULA_8bit:inst3|ULA_1bit:inst|DECODER_2T04:inst|inst1~0 ; 0                 ; 6       ;
;      - ULA_8bit:inst3|ULA_1bit:inst8|inst66~0                 ; 0                 ; 6       ;
;      - ULA_8bit:inst3|ULA_1bit:inst7|inst66~0                 ; 0                 ; 6       ;
;      - ULA_8bit:inst3|ULA_1bit:inst6|inst66~0                 ; 0                 ; 6       ;
;      - ULA_8bit:inst3|ULA_1bit:inst5|inst66~0                 ; 0                 ; 6       ;
;      - ULA_8bit:inst3|ULA_1bit:inst3|inst66~0                 ; 0                 ; 6       ;
;      - ULA_8bit:inst3|ULA_1bit:inst2|inst66~0                 ; 0                 ; 6       ;
;      - ULA_8bit:inst3|ULA_1bit:inst1|inst66~0                 ; 0                 ; 6       ;
;      - ULA_8bit:inst3|ULA_1bit:inst|inst66~0                  ; 0                 ; 6       ;
;      - ULA_8bit:inst13|ULA_1bit:inst8|inst66~0                ; 0                 ; 6       ;
;      - ULA_8bit:inst13|ULA_1bit:inst7|inst66~0                ; 0                 ; 6       ;
;      - ULA_8bit:inst13|ULA_1bit:inst6|inst66~0                ; 0                 ; 6       ;
;      - ULA_8bit:inst13|ULA_1bit:inst5|inst66~0                ; 0                 ; 6       ;
;      - ULA_8bit:inst13|ULA_1bit:inst3|inst66~0                ; 0                 ; 6       ;
;      - ULA_8bit:inst13|ULA_1bit:inst2|inst66~0                ; 0                 ; 6       ;
;      - ULA_8bit:inst13|ULA_1bit:inst1|inst66~0                ; 0                 ; 6       ;
;      - ULA_8bit:inst13|ULA_1bit:inst|inst66~0                 ; 0                 ; 6       ;
;      - ULA_8bit:inst|ULA_1bit:inst8|inst66~0                  ; 0                 ; 6       ;
;      - ULA_8bit:inst|ULA_1bit:inst7|inst66~0                  ; 0                 ; 6       ;
;      - ULA_8bit:inst|ULA_1bit:inst6|inst66~1                  ; 0                 ; 6       ;
;      - ULA_8bit:inst|ULA_1bit:inst5|inst66~1                  ; 0                 ; 6       ;
;      - ULA_8bit:inst|ULA_1bit:inst3|inst66~0                  ; 0                 ; 6       ;
;      - ULA_8bit:inst|ULA_1bit:inst2|inst66~0                  ; 0                 ; 6       ;
;      - ULA_8bit:inst|ULA_1bit:inst1|inst66~0                  ; 0                 ; 6       ;
;      - ULA_8bit:inst|ULA_1bit:inst|inst66~1                   ; 0                 ; 6       ;
;      - ULA_8bit:inst1|ULA_1bit:inst8|inst66~0                 ; 0                 ; 6       ;
;      - ULA_8bit:inst1|ULA_1bit:inst7|inst66~0                 ; 0                 ; 6       ;
;      - ULA_8bit:inst1|ULA_1bit:inst6|inst66~0                 ; 0                 ; 6       ;
;      - ULA_8bit:inst1|ULA_1bit:inst5|inst66~1                 ; 0                 ; 6       ;
;      - ULA_8bit:inst1|ULA_1bit:inst3|inst66~1                 ; 0                 ; 6       ;
;      - ULA_8bit:inst1|ULA_1bit:inst2|inst66~0                 ; 0                 ; 6       ;
;      - ULA_8bit:inst1|ULA_1bit:inst1|inst66~0                 ; 0                 ; 6       ;
;      - ULA_8bit:inst1|ULA_1bit:inst|inst66~1                  ; 0                 ; 6       ;
; MIR[20]                                                       ;                   ;         ;
;      - ULA_8bit:inst3|ULA_1bit:inst|DECODER_2T04:inst|inst1~0 ; 0                 ; 6       ;
;      - ULA_8bit:inst3|ULA_1bit:inst8|inst66~0                 ; 0                 ; 6       ;
;      - ULA_8bit:inst3|ULA_1bit:inst7|inst66~0                 ; 0                 ; 6       ;
;      - ULA_8bit:inst3|ULA_1bit:inst6|inst66~0                 ; 0                 ; 6       ;
;      - ULA_8bit:inst3|ULA_1bit:inst5|inst66~0                 ; 0                 ; 6       ;
;      - ULA_8bit:inst3|ULA_1bit:inst3|inst66~0                 ; 0                 ; 6       ;
;      - ULA_8bit:inst3|ULA_1bit:inst2|inst66~0                 ; 0                 ; 6       ;
;      - ULA_8bit:inst3|ULA_1bit:inst1|inst66~0                 ; 0                 ; 6       ;
;      - ULA_8bit:inst3|ULA_1bit:inst|inst66~0                  ; 0                 ; 6       ;
;      - ULA_8bit:inst13|ULA_1bit:inst8|inst66~0                ; 0                 ; 6       ;
;      - ULA_8bit:inst13|ULA_1bit:inst7|inst66~0                ; 0                 ; 6       ;
;      - ULA_8bit:inst13|ULA_1bit:inst6|inst66~0                ; 0                 ; 6       ;
;      - ULA_8bit:inst13|ULA_1bit:inst5|inst66~0                ; 0                 ; 6       ;
;      - ULA_8bit:inst13|ULA_1bit:inst3|inst66~0                ; 0                 ; 6       ;
;      - ULA_8bit:inst13|ULA_1bit:inst2|inst66~0                ; 0                 ; 6       ;
;      - ULA_8bit:inst13|ULA_1bit:inst1|inst66~0                ; 0                 ; 6       ;
;      - ULA_8bit:inst13|ULA_1bit:inst|inst66~0                 ; 0                 ; 6       ;
;      - ULA_8bit:inst|ULA_1bit:inst8|inst66~0                  ; 0                 ; 6       ;
;      - ULA_8bit:inst|ULA_1bit:inst7|inst66~0                  ; 0                 ; 6       ;
;      - ULA_8bit:inst|ULA_1bit:inst6|inst66~1                  ; 0                 ; 6       ;
;      - ULA_8bit:inst|ULA_1bit:inst5|inst66~1                  ; 0                 ; 6       ;
;      - ULA_8bit:inst|ULA_1bit:inst3|inst66~0                  ; 0                 ; 6       ;
;      - ULA_8bit:inst|ULA_1bit:inst2|inst66~0                  ; 0                 ; 6       ;
;      - ULA_8bit:inst|ULA_1bit:inst1|inst66~0                  ; 0                 ; 6       ;
;      - ULA_8bit:inst|ULA_1bit:inst|inst66~1                   ; 0                 ; 6       ;
;      - ULA_8bit:inst1|ULA_1bit:inst8|inst66~0                 ; 0                 ; 6       ;
;      - ULA_8bit:inst1|ULA_1bit:inst7|inst66~0                 ; 0                 ; 6       ;
;      - ULA_8bit:inst1|ULA_1bit:inst6|inst66~0                 ; 0                 ; 6       ;
;      - ULA_8bit:inst1|ULA_1bit:inst5|inst66~1                 ; 0                 ; 6       ;
;      - ULA_8bit:inst1|ULA_1bit:inst3|inst66~1                 ; 0                 ; 6       ;
;      - ULA_8bit:inst1|ULA_1bit:inst2|inst66~0                 ; 0                 ; 6       ;
;      - ULA_8bit:inst1|ULA_1bit:inst1|inst66~0                 ; 0                 ; 6       ;
;      - ULA_8bit:inst1|ULA_1bit:inst|inst66~1                  ; 0                 ; 6       ;
; MIR[17]                                                       ;                   ;         ;
;      - ULA_8bit:inst3|ULA_1bit:inst8|inst4                    ; 0                 ; 6       ;
;      - ULA_8bit:inst3|ULA_1bit:inst7|inst4                    ; 0                 ; 6       ;
;      - ULA_8bit:inst3|ULA_1bit:inst6|inst4                    ; 0                 ; 6       ;
;      - ULA_8bit:inst3|ULA_1bit:inst5|inst4                    ; 0                 ; 6       ;
;      - ULA_8bit:inst3|ULA_1bit:inst3|inst4                    ; 0                 ; 6       ;
;      - ULA_8bit:inst3|ULA_1bit:inst2|inst4                    ; 0                 ; 6       ;
;      - ULA_8bit:inst3|ULA_1bit:inst1|inst4                    ; 0                 ; 6       ;
;      - ULA_8bit:inst3|ULA_1bit:inst|inst4                     ; 0                 ; 6       ;
;      - ULA_8bit:inst13|ULA_1bit:inst8|inst4                   ; 0                 ; 6       ;
;      - ULA_8bit:inst13|ULA_1bit:inst7|inst4                   ; 0                 ; 6       ;
;      - ULA_8bit:inst13|ULA_1bit:inst6|inst13                  ; 0                 ; 6       ;
;      - ULA_8bit:inst13|ULA_1bit:inst5|inst4                   ; 0                 ; 6       ;
;      - ULA_8bit:inst13|ULA_1bit:inst3|inst4                   ; 0                 ; 6       ;
;      - ULA_8bit:inst13|ULA_1bit:inst2|inst4                   ; 0                 ; 6       ;
;      - ULA_8bit:inst13|ULA_1bit:inst1|inst4                   ; 0                 ; 6       ;
;      - ULA_8bit:inst13|ULA_1bit:inst|inst4                    ; 0                 ; 6       ;
;      - ULA_8bit:inst|ULA_1bit:inst8|inst4                     ; 0                 ; 6       ;
;      - ULA_8bit:inst|ULA_1bit:inst7|inst4                     ; 0                 ; 6       ;
;      - ULA_8bit:inst|ULA_1bit:inst6|inst4                     ; 0                 ; 6       ;
;      - ULA_8bit:inst|ULA_1bit:inst5|inst4                     ; 0                 ; 6       ;
;      - ULA_8bit:inst|ULA_1bit:inst3|inst4                     ; 0                 ; 6       ;
;      - ULA_8bit:inst|ULA_1bit:inst2|inst4                     ; 0                 ; 6       ;
;      - ULA_8bit:inst|ULA_1bit:inst1|inst4                     ; 0                 ; 6       ;
;      - ULA_8bit:inst|ULA_1bit:inst|inst4                      ; 0                 ; 6       ;
;      - ULA_8bit:inst1|ULA_1bit:inst8|inst4                    ; 0                 ; 6       ;
;      - ULA_8bit:inst1|ULA_1bit:inst7|inst4                    ; 0                 ; 6       ;
;      - ULA_8bit:inst1|ULA_1bit:inst6|inst4                    ; 0                 ; 6       ;
;      - ULA_8bit:inst1|ULA_1bit:inst5|inst4                    ; 0                 ; 6       ;
;      - ULA_8bit:inst1|ULA_1bit:inst3|inst4                    ; 0                 ; 6       ;
;      - ULA_8bit:inst1|ULA_1bit:inst2|inst4                    ; 0                 ; 6       ;
;      - ULA_8bit:inst1|ULA_1bit:inst1|inst4                    ; 0                 ; 6       ;
;      - ULA_8bit:inst1|ULA_1bit:inst|inst4                     ; 0                 ; 6       ;
;      - ULA_8bit:inst13|ULA_1bit:inst6|inst14~0                ; 0                 ; 6       ;
;      - ULA_8bit:inst3|ULA_1bit:inst3|inst11                   ; 0                 ; 6       ;
;      - ULA_8bit:inst13|ULA_1bit:inst7|inst11                  ; 0                 ; 6       ;
;      - ULA_8bit:inst13|ULA_1bit:inst6|inst4                   ; 0                 ; 6       ;
;      - ULA_8bit:inst|ULA_1bit:inst8|inst11                    ; 0                 ; 6       ;
;      - ULA_8bit:inst1|ULA_1bit:inst6|inst11                   ; 0                 ; 6       ;
;      - ULA_8bit:inst3|ULA_1bit:inst8|inst11                   ; 0                 ; 6       ;
;      - ULA_8bit:inst13|ULA_1bit:inst1|inst11                  ; 0                 ; 6       ;
;      - ULA_8bit:inst13|ULA_1bit:inst|inst11                   ; 0                 ; 6       ;
;      - ULA_8bit:inst|ULA_1bit:inst7|inst11                    ; 0                 ; 6       ;
;      - ULA_8bit:inst|ULA_1bit:inst3|inst11                    ; 0                 ; 6       ;
;      - ULA_8bit:inst|ULA_1bit:inst1|inst11                    ; 0                 ; 6       ;
;      - ULA_8bit:inst1|ULA_1bit:inst7|inst11                   ; 0                 ; 6       ;
;      - ULA_8bit:inst1|ULA_1bit:inst1|inst11                   ; 0                 ; 6       ;
; MIR[19]                                                       ;                   ;         ;
;      - ULA_8bit:inst3|ULA_1bit:inst8|inst4                    ; 0                 ; 6       ;
;      - ULA_8bit:inst3|ULA_1bit:inst7|inst4                    ; 0                 ; 6       ;
;      - ULA_8bit:inst3|ULA_1bit:inst6|inst4                    ; 0                 ; 6       ;
;      - ULA_8bit:inst3|ULA_1bit:inst5|inst4                    ; 0                 ; 6       ;
;      - ULA_8bit:inst3|ULA_1bit:inst3|inst4                    ; 0                 ; 6       ;
;      - ULA_8bit:inst3|ULA_1bit:inst2|inst4                    ; 0                 ; 6       ;
;      - ULA_8bit:inst3|ULA_1bit:inst1|inst4                    ; 0                 ; 6       ;
;      - ULA_8bit:inst3|ULA_1bit:inst|inst4                     ; 0                 ; 6       ;
;      - ULA_8bit:inst13|ULA_1bit:inst8|inst4                   ; 0                 ; 6       ;
;      - ULA_8bit:inst13|ULA_1bit:inst7|inst4                   ; 0                 ; 6       ;
;      - ULA_8bit:inst13|ULA_1bit:inst6|inst2                   ; 0                 ; 6       ;
;      - ULA_8bit:inst13|ULA_1bit:inst5|inst4                   ; 0                 ; 6       ;
;      - ULA_8bit:inst13|ULA_1bit:inst3|inst4                   ; 0                 ; 6       ;
;      - ULA_8bit:inst13|ULA_1bit:inst2|inst4                   ; 0                 ; 6       ;
;      - ULA_8bit:inst13|ULA_1bit:inst1|inst4                   ; 0                 ; 6       ;
;      - ULA_8bit:inst13|ULA_1bit:inst|inst4                    ; 0                 ; 6       ;
;      - ULA_8bit:inst|ULA_1bit:inst8|inst4                     ; 0                 ; 6       ;
;      - ULA_8bit:inst|ULA_1bit:inst7|inst4                     ; 0                 ; 6       ;
;      - ULA_8bit:inst|ULA_1bit:inst6|inst4                     ; 0                 ; 6       ;
;      - ULA_8bit:inst|ULA_1bit:inst5|inst4                     ; 0                 ; 6       ;
;      - ULA_8bit:inst|ULA_1bit:inst3|inst4                     ; 0                 ; 6       ;
;      - ULA_8bit:inst|ULA_1bit:inst2|inst4                     ; 0                 ; 6       ;
;      - ULA_8bit:inst|ULA_1bit:inst1|inst4                     ; 0                 ; 6       ;
;      - ULA_8bit:inst|ULA_1bit:inst|inst4                      ; 0                 ; 6       ;
;      - ULA_8bit:inst1|ULA_1bit:inst8|inst4                    ; 0                 ; 6       ;
;      - ULA_8bit:inst1|ULA_1bit:inst7|inst4                    ; 0                 ; 6       ;
;      - ULA_8bit:inst1|ULA_1bit:inst6|inst4                    ; 0                 ; 6       ;
;      - ULA_8bit:inst1|ULA_1bit:inst5|inst4                    ; 0                 ; 6       ;
;      - ULA_8bit:inst1|ULA_1bit:inst3|inst4                    ; 0                 ; 6       ;
;      - ULA_8bit:inst1|ULA_1bit:inst2|inst4                    ; 0                 ; 6       ;
;      - ULA_8bit:inst1|ULA_1bit:inst1|inst4                    ; 0                 ; 6       ;
;      - ULA_8bit:inst1|ULA_1bit:inst|inst4                     ; 0                 ; 6       ;
;      - ULA_8bit:inst3|ULA_1bit:inst3|inst11                   ; 0                 ; 6       ;
;      - ULA_8bit:inst13|ULA_1bit:inst7|inst11                  ; 0                 ; 6       ;
;      - ULA_8bit:inst13|ULA_1bit:inst6|inst4                   ; 0                 ; 6       ;
;      - ULA_8bit:inst|ULA_1bit:inst8|inst11                    ; 0                 ; 6       ;
;      - ULA_8bit:inst1|ULA_1bit:inst6|inst11                   ; 0                 ; 6       ;
;      - ULA_8bit:inst3|ULA_1bit:inst8|inst11                   ; 0                 ; 6       ;
;      - ULA_8bit:inst13|ULA_1bit:inst1|inst11                  ; 0                 ; 6       ;
;      - ULA_8bit:inst13|ULA_1bit:inst|inst11                   ; 0                 ; 6       ;
;      - ULA_8bit:inst|ULA_1bit:inst7|inst11                    ; 0                 ; 6       ;
;      - ULA_8bit:inst|ULA_1bit:inst3|inst11                    ; 0                 ; 6       ;
;      - ULA_8bit:inst|ULA_1bit:inst1|inst11                    ; 0                 ; 6       ;
;      - ULA_8bit:inst1|ULA_1bit:inst7|inst11                   ; 0                 ; 6       ;
;      - ULA_8bit:inst1|ULA_1bit:inst1|inst11                   ; 0                 ; 6       ;
; A[31]                                                         ;                   ;         ;
;      - ULA_8bit:inst3|ULA_1bit:inst8|inst4                    ; 0                 ; 6       ;
;      - ULA_8bit:inst3|ULA_1bit:inst8|inst11                   ; 0                 ; 6       ;
; MIR[18]                                                       ;                   ;         ;
;      - ULA_8bit:inst3|ULA_1bit:inst8|inst3                    ; 0                 ; 6       ;
;      - ULA_8bit:inst3|ULA_1bit:inst7|inst3                    ; 0                 ; 6       ;
;      - ULA_8bit:inst3|ULA_1bit:inst6|inst3                    ; 0                 ; 6       ;
;      - ULA_8bit:inst3|ULA_1bit:inst5|inst3                    ; 0                 ; 6       ;
;      - ULA_8bit:inst3|ULA_1bit:inst3|inst3                    ; 0                 ; 6       ;
;      - ULA_8bit:inst3|ULA_1bit:inst2|inst3                    ; 0                 ; 6       ;
;      - ULA_8bit:inst3|ULA_1bit:inst1|inst3                    ; 0                 ; 6       ;
;      - ULA_8bit:inst3|ULA_1bit:inst|inst3                     ; 0                 ; 6       ;
;      - ULA_8bit:inst13|ULA_1bit:inst8|inst13                  ; 0                 ; 6       ;
;      - ULA_8bit:inst13|ULA_1bit:inst8|inst14~0                ; 0                 ; 6       ;
;      - ULA_8bit:inst13|ULA_1bit:inst7|inst13                  ; 0                 ; 6       ;
;      - ULA_8bit:inst13|ULA_1bit:inst7|inst14~0                ; 0                 ; 6       ;
;      - ULA_8bit:inst13|ULA_1bit:inst6|inst3                   ; 0                 ; 6       ;
;      - ULA_8bit:inst13|ULA_1bit:inst5|inst3                   ; 0                 ; 6       ;
;      - ULA_8bit:inst13|ULA_1bit:inst3|inst3                   ; 0                 ; 6       ;
;      - ULA_8bit:inst13|ULA_1bit:inst2|inst3                   ; 0                 ; 6       ;
;      - ULA_8bit:inst13|ULA_1bit:inst1|inst3                   ; 0                 ; 6       ;
;      - ULA_8bit:inst13|ULA_1bit:inst|inst3                    ; 0                 ; 6       ;
;      - ULA_8bit:inst|ULA_1bit:inst8|inst3                     ; 0                 ; 6       ;
;      - ULA_8bit:inst|ULA_1bit:inst7|inst3                     ; 0                 ; 6       ;
;      - ULA_8bit:inst|ULA_1bit:inst6|inst3                     ; 0                 ; 6       ;
;      - ULA_8bit:inst|ULA_1bit:inst5|inst3                     ; 0                 ; 6       ;
;      - ULA_8bit:inst|ULA_1bit:inst3|inst3                     ; 0                 ; 6       ;
;      - ULA_8bit:inst|ULA_1bit:inst2|inst3                     ; 0                 ; 6       ;
;      - ULA_8bit:inst|ULA_1bit:inst1|inst3                     ; 0                 ; 6       ;
;      - ULA_8bit:inst|ULA_1bit:inst|inst3                      ; 0                 ; 6       ;
;      - ULA_8bit:inst1|ULA_1bit:inst8|inst3                    ; 0                 ; 6       ;
;      - ULA_8bit:inst1|ULA_1bit:inst7|inst3                    ; 0                 ; 6       ;
;      - ULA_8bit:inst1|ULA_1bit:inst6|inst3                    ; 0                 ; 6       ;
;      - ULA_8bit:inst1|ULA_1bit:inst5|inst3                    ; 0                 ; 6       ;
;      - ULA_8bit:inst1|ULA_1bit:inst3|inst3                    ; 0                 ; 6       ;
;      - ULA_8bit:inst1|ULA_1bit:inst2|inst3                    ; 0                 ; 6       ;
;      - ULA_8bit:inst1|ULA_1bit:inst1|inst3                    ; 0                 ; 6       ;
;      - ULA_8bit:inst1|ULA_1bit:inst|inst3                     ; 0                 ; 6       ;
;      - ULA_8bit:inst3|ULA_1bit:inst6|inst11                   ; 0                 ; 6       ;
;      - ULA_8bit:inst3|ULA_1bit:inst1|inst11                   ; 0                 ; 6       ;
;      - ULA_8bit:inst13|ULA_1bit:inst8|inst3                   ; 0                 ; 6       ;
;      - ULA_8bit:inst13|ULA_1bit:inst7|inst3                   ; 0                 ; 6       ;
;      - ULA_8bit:inst13|ULA_1bit:inst6|inst11                  ; 0                 ; 6       ;
;      - ULA_8bit:inst13|ULA_1bit:inst5|inst11                  ; 0                 ; 6       ;
;      - ULA_8bit:inst|ULA_1bit:inst2|inst11                    ; 0                 ; 6       ;
;      - ULA_8bit:inst1|ULA_1bit:inst8|inst11                   ; 0                 ; 6       ;
;      - ULA_8bit:inst1|ULA_1bit:inst2|inst11                   ; 0                 ; 6       ;
; B[31]                                                         ;                   ;         ;
;      - ULA_8bit:inst3|ULA_1bit:inst8|inst3                    ; 0                 ; 6       ;
; A[30]                                                         ;                   ;         ;
;      - ULA_8bit:inst3|ULA_1bit:inst7|inst4                    ; 0                 ; 6       ;
; B[30]                                                         ;                   ;         ;
;      - ULA_8bit:inst3|ULA_1bit:inst7|inst3                    ; 0                 ; 6       ;
; A[29]                                                         ;                   ;         ;
;      - ULA_8bit:inst3|ULA_1bit:inst6|inst4                    ; 0                 ; 6       ;
; B[29]                                                         ;                   ;         ;
;      - ULA_8bit:inst3|ULA_1bit:inst6|inst3                    ; 1                 ; 6       ;
;      - ULA_8bit:inst3|ULA_1bit:inst6|inst11                   ; 1                 ; 6       ;
; A[28]                                                         ;                   ;         ;
;      - ULA_8bit:inst3|ULA_1bit:inst5|inst4                    ; 1                 ; 6       ;
; B[28]                                                         ;                   ;         ;
;      - ULA_8bit:inst3|ULA_1bit:inst5|inst3                    ; 0                 ; 6       ;
; A[27]                                                         ;                   ;         ;
;      - ULA_8bit:inst3|ULA_1bit:inst3|inst4                    ; 0                 ; 6       ;
;      - ULA_8bit:inst3|ULA_1bit:inst3|inst11                   ; 0                 ; 6       ;
; B[27]                                                         ;                   ;         ;
;      - ULA_8bit:inst3|ULA_1bit:inst3|inst3                    ; 1                 ; 6       ;
; A[26]                                                         ;                   ;         ;
;      - ULA_8bit:inst3|ULA_1bit:inst2|inst4                    ; 0                 ; 6       ;
; B[26]                                                         ;                   ;         ;
;      - ULA_8bit:inst3|ULA_1bit:inst2|inst3                    ; 0                 ; 6       ;
; A[25]                                                         ;                   ;         ;
;      - ULA_8bit:inst3|ULA_1bit:inst1|inst4                    ; 0                 ; 6       ;
; B[25]                                                         ;                   ;         ;
;      - ULA_8bit:inst3|ULA_1bit:inst1|inst3                    ; 1                 ; 6       ;
;      - ULA_8bit:inst3|ULA_1bit:inst1|inst11                   ; 1                 ; 6       ;
; A[24]                                                         ;                   ;         ;
;      - ULA_8bit:inst3|ULA_1bit:inst|inst4                     ; 0                 ; 6       ;
; B[24]                                                         ;                   ;         ;
;      - ULA_8bit:inst3|ULA_1bit:inst|inst3                     ; 0                 ; 6       ;
; A[23]                                                         ;                   ;         ;
;      - ULA_8bit:inst13|ULA_1bit:inst8|inst4                   ; 0                 ; 6       ;
; B[23]                                                         ;                   ;         ;
;      - ULA_8bit:inst13|ULA_1bit:inst8|inst13                  ; 0                 ; 6       ;
;      - ULA_8bit:inst13|ULA_1bit:inst8|inst14~0                ; 0                 ; 6       ;
;      - ULA_8bit:inst13|ULA_1bit:inst8|inst3                   ; 0                 ; 6       ;
; A[22]                                                         ;                   ;         ;
;      - ULA_8bit:inst13|ULA_1bit:inst7|inst4                   ; 0                 ; 6       ;
;      - ULA_8bit:inst13|ULA_1bit:inst7|inst11                  ; 0                 ; 6       ;
; B[22]                                                         ;                   ;         ;
;      - ULA_8bit:inst13|ULA_1bit:inst7|inst13                  ; 1                 ; 6       ;
;      - ULA_8bit:inst13|ULA_1bit:inst7|inst14~0                ; 1                 ; 6       ;
;      - ULA_8bit:inst13|ULA_1bit:inst7|inst3                   ; 1                 ; 6       ;
; B[21]                                                         ;                   ;         ;
;      - ULA_8bit:inst13|ULA_1bit:inst6|inst3                   ; 0                 ; 6       ;
;      - ULA_8bit:inst13|ULA_1bit:inst6|inst11                  ; 0                 ; 6       ;
; A[21]                                                         ;                   ;         ;
;      - ULA_8bit:inst13|ULA_1bit:inst6|inst2                   ; 0                 ; 6       ;
;      - ULA_8bit:inst13|ULA_1bit:inst6|inst4                   ; 0                 ; 6       ;
; A[20]                                                         ;                   ;         ;
;      - ULA_8bit:inst13|ULA_1bit:inst5|inst4                   ; 0                 ; 6       ;
; B[20]                                                         ;                   ;         ;
;      - ULA_8bit:inst13|ULA_1bit:inst5|inst3                   ; 1                 ; 6       ;
;      - ULA_8bit:inst13|ULA_1bit:inst5|inst11                  ; 1                 ; 6       ;
; A[19]                                                         ;                   ;         ;
;      - ULA_8bit:inst13|ULA_1bit:inst3|inst4                   ; 1                 ; 6       ;
; B[19]                                                         ;                   ;         ;
;      - ULA_8bit:inst13|ULA_1bit:inst3|inst3                   ; 0                 ; 6       ;
; A[18]                                                         ;                   ;         ;
;      - ULA_8bit:inst13|ULA_1bit:inst2|inst4                   ; 1                 ; 6       ;
; B[18]                                                         ;                   ;         ;
;      - ULA_8bit:inst13|ULA_1bit:inst2|inst3                   ; 1                 ; 6       ;
; A[17]                                                         ;                   ;         ;
;      - ULA_8bit:inst13|ULA_1bit:inst1|inst4                   ; 0                 ; 6       ;
;      - ULA_8bit:inst13|ULA_1bit:inst1|inst11                  ; 0                 ; 6       ;
; B[17]                                                         ;                   ;         ;
;      - ULA_8bit:inst13|ULA_1bit:inst1|inst3                   ; 1                 ; 6       ;
; A[16]                                                         ;                   ;         ;
;      - ULA_8bit:inst13|ULA_1bit:inst|inst4                    ; 0                 ; 6       ;
;      - ULA_8bit:inst13|ULA_1bit:inst|inst11                   ; 0                 ; 6       ;
; B[16]                                                         ;                   ;         ;
;      - ULA_8bit:inst13|ULA_1bit:inst|inst3                    ; 0                 ; 6       ;
; A[15]                                                         ;                   ;         ;
;      - ULA_8bit:inst|ULA_1bit:inst8|inst4                     ; 1                 ; 6       ;
;      - ULA_8bit:inst|ULA_1bit:inst8|inst11                    ; 1                 ; 6       ;
; B[15]                                                         ;                   ;         ;
;      - ULA_8bit:inst|ULA_1bit:inst8|inst3                     ; 0                 ; 6       ;
; A[14]                                                         ;                   ;         ;
;      - ULA_8bit:inst|ULA_1bit:inst7|inst4                     ; 1                 ; 6       ;
;      - ULA_8bit:inst|ULA_1bit:inst7|inst11                    ; 1                 ; 6       ;
; B[14]                                                         ;                   ;         ;
;      - ULA_8bit:inst|ULA_1bit:inst7|inst3                     ; 0                 ; 6       ;
; A[13]                                                         ;                   ;         ;
;      - ULA_8bit:inst|ULA_1bit:inst6|inst4                     ; 0                 ; 6       ;
; B[13]                                                         ;                   ;         ;
;      - ULA_8bit:inst|ULA_1bit:inst6|inst3                     ; 0                 ; 6       ;
; A[12]                                                         ;                   ;         ;
;      - ULA_8bit:inst|ULA_1bit:inst5|inst4                     ; 0                 ; 6       ;
; B[12]                                                         ;                   ;         ;
;      - ULA_8bit:inst|ULA_1bit:inst5|inst3                     ; 0                 ; 6       ;
; A[11]                                                         ;                   ;         ;
; B[11]                                                         ;                   ;         ;
; A[10]                                                         ;                   ;         ;
;      - ULA_8bit:inst|ULA_1bit:inst2|inst4                     ; 1                 ; 6       ;
; B[10]                                                         ;                   ;         ;
; A[9]                                                          ;                   ;         ;
; B[9]                                                          ;                   ;         ;
;      - ULA_8bit:inst|ULA_1bit:inst1|inst3                     ; 0                 ; 6       ;
; A[8]                                                          ;                   ;         ;
;      - ULA_8bit:inst|ULA_1bit:inst|inst4                      ; 1                 ; 6       ;
; B[8]                                                          ;                   ;         ;
;      - ULA_8bit:inst|ULA_1bit:inst|inst3                      ; 0                 ; 6       ;
; A[7]                                                          ;                   ;         ;
;      - ULA_8bit:inst1|ULA_1bit:inst8|inst4                    ; 0                 ; 6       ;
; B[7]                                                          ;                   ;         ;
;      - ULA_8bit:inst1|ULA_1bit:inst8|inst3                    ; 1                 ; 6       ;
;      - ULA_8bit:inst1|ULA_1bit:inst8|inst11                   ; 1                 ; 6       ;
; A[6]                                                          ;                   ;         ;
;      - ULA_8bit:inst1|ULA_1bit:inst7|inst4                    ; 0                 ; 6       ;
;      - ULA_8bit:inst1|ULA_1bit:inst7|inst11                   ; 0                 ; 6       ;
; B[6]                                                          ;                   ;         ;
;      - ULA_8bit:inst1|ULA_1bit:inst7|inst3                    ; 0                 ; 6       ;
; A[5]                                                          ;                   ;         ;
;      - ULA_8bit:inst1|ULA_1bit:inst6|inst4                    ; 1                 ; 6       ;
;      - ULA_8bit:inst1|ULA_1bit:inst6|inst11                   ; 1                 ; 6       ;
; B[5]                                                          ;                   ;         ;
;      - ULA_8bit:inst1|ULA_1bit:inst6|inst3                    ; 0                 ; 6       ;
; A[4]                                                          ;                   ;         ;
;      - ULA_8bit:inst1|ULA_1bit:inst5|inst4                    ; 0                 ; 6       ;
; B[4]                                                          ;                   ;         ;
;      - ULA_8bit:inst1|ULA_1bit:inst5|inst3                    ; 1                 ; 6       ;
; A[3]                                                          ;                   ;         ;
;      - ULA_8bit:inst1|ULA_1bit:inst3|inst4                    ; 0                 ; 6       ;
; B[3]                                                          ;                   ;         ;
;      - ULA_8bit:inst1|ULA_1bit:inst3|inst3                    ; 1                 ; 6       ;
; A[2]                                                          ;                   ;         ;
;      - ULA_8bit:inst1|ULA_1bit:inst2|inst4                    ; 0                 ; 6       ;
; B[2]                                                          ;                   ;         ;
;      - ULA_8bit:inst1|ULA_1bit:inst2|inst3                    ; 0                 ; 6       ;
;      - ULA_8bit:inst1|ULA_1bit:inst2|inst11                   ; 0                 ; 6       ;
; A[1]                                                          ;                   ;         ;
;      - ULA_8bit:inst1|ULA_1bit:inst1|inst4                    ; 1                 ; 6       ;
;      - ULA_8bit:inst1|ULA_1bit:inst1|inst11                   ; 1                 ; 6       ;
; B[1]                                                          ;                   ;         ;
;      - ULA_8bit:inst1|ULA_1bit:inst1|inst3                    ; 1                 ; 6       ;
; A[0]                                                          ;                   ;         ;
;      - ULA_8bit:inst1|ULA_1bit:inst|inst4                     ; 0                 ; 6       ;
; B[0]                                                          ;                   ;         ;
;      - ULA_8bit:inst1|ULA_1bit:inst|inst3                     ; 0                 ; 6       ;
; MIR[16]                                                       ;                   ;         ;
;      - ULA_8bit:inst1|ULA_1bit:inst|inst15                    ; 1                 ; 6       ;
;      - ULA_8bit:inst1|ULA_1bit:inst|inst66~0                  ; 1                 ; 6       ;
+---------------------------------------------------------------+-------------------+---------+


+------------------------------------------------------------------+
; Non-Global High Fan-Out Signals                                  ;
+--------------------------------------------------------+---------+
; Name                                                   ; Fan-Out ;
+--------------------------------------------------------+---------+
; ULA_8bit:inst3|ULA_1bit:inst|DECODER_2T04:inst|inst1~0 ; 67      ;
; MIR[17]~input                                          ; 46      ;
; MIR[19]~input                                          ; 45      ;
; MIR[18]~input                                          ; 43      ;
; MIR[20]~input                                          ; 33      ;
; MIR[21]~input                                          ; 33      ;
; ULA_8bit:inst13|ULA_1bit:inst8|inst4                   ; 4       ;
; B[22]~input                                            ; 3       ;
; B[23]~input                                            ; 3       ;
; ULA_8bit:inst13|ULA_1bit:inst5|inst15                  ; 3       ;
; ULA_8bit:inst1|ULA_1bit:inst|inst3                     ; 3       ;
; ULA_8bit:inst1|ULA_1bit:inst|inst4                     ; 3       ;
; ULA_8bit:inst1|ULA_1bit:inst1|inst3                    ; 3       ;
; ULA_8bit:inst1|ULA_1bit:inst2|inst4                    ; 3       ;
; ULA_8bit:inst1|ULA_1bit:inst3|inst3                    ; 3       ;
; ULA_8bit:inst1|ULA_1bit:inst3|inst4                    ; 3       ;
; ULA_8bit:inst1|ULA_1bit:inst5|inst3                    ; 3       ;
; ULA_8bit:inst1|ULA_1bit:inst5|inst4                    ; 3       ;
; ULA_8bit:inst1|ULA_1bit:inst6|inst3                    ; 3       ;
; ULA_8bit:inst1|ULA_1bit:inst7|inst3                    ; 3       ;
; ULA_8bit:inst1|ULA_1bit:inst8|inst4                    ; 3       ;
; ULA_8bit:inst|ULA_1bit:inst|inst3                      ; 3       ;
; ULA_8bit:inst|ULA_1bit:inst|inst4                      ; 3       ;
; ULA_8bit:inst|ULA_1bit:inst1|inst3                     ; 3       ;
; ULA_8bit:inst|ULA_1bit:inst2|inst4                     ; 3       ;
; ULA_8bit:inst|ULA_1bit:inst3|inst3                     ; 3       ;
; ULA_8bit:inst|ULA_1bit:inst5|inst3                     ; 3       ;
; ULA_8bit:inst|ULA_1bit:inst5|inst4                     ; 3       ;
; ULA_8bit:inst|ULA_1bit:inst6|inst3                     ; 3       ;
; ULA_8bit:inst|ULA_1bit:inst6|inst4                     ; 3       ;
; ULA_8bit:inst|ULA_1bit:inst7|inst3                     ; 3       ;
; ULA_8bit:inst|ULA_1bit:inst8|inst3                     ; 3       ;
; ULA_8bit:inst13|ULA_1bit:inst|inst3                    ; 3       ;
; ULA_8bit:inst13|ULA_1bit:inst1|inst3                   ; 3       ;
; ULA_8bit:inst13|ULA_1bit:inst2|inst3                   ; 3       ;
; ULA_8bit:inst13|ULA_1bit:inst2|inst4                   ; 3       ;
; ULA_8bit:inst13|ULA_1bit:inst3|inst3                   ; 3       ;
; ULA_8bit:inst13|ULA_1bit:inst3|inst4                   ; 3       ;
; ULA_8bit:inst13|ULA_1bit:inst5|inst4                   ; 3       ;
; ULA_8bit:inst13|ULA_1bit:inst6|inst3                   ; 3       ;
; ULA_8bit:inst13|ULA_1bit:inst7|inst4                   ; 3       ;
; ULA_8bit:inst3|ULA_1bit:inst|inst3                     ; 3       ;
; ULA_8bit:inst3|ULA_1bit:inst|inst4                     ; 3       ;
; ULA_8bit:inst3|ULA_1bit:inst1|inst4                    ; 3       ;
; ULA_8bit:inst3|ULA_1bit:inst2|inst3                    ; 3       ;
; ULA_8bit:inst3|ULA_1bit:inst2|inst4                    ; 3       ;
; ULA_8bit:inst3|ULA_1bit:inst3|inst3                    ; 3       ;
; ULA_8bit:inst3|ULA_1bit:inst5|inst3                    ; 3       ;
; ULA_8bit:inst3|ULA_1bit:inst5|inst4                    ; 3       ;
; ULA_8bit:inst3|ULA_1bit:inst6|inst4                    ; 3       ;
; ULA_8bit:inst3|ULA_1bit:inst7|inst3                    ; 3       ;
; ULA_8bit:inst3|ULA_1bit:inst7|inst4                    ; 3       ;
; ULA_8bit:inst3|ULA_1bit:inst8|inst3                    ; 3       ;
; MIR[16]~input                                          ; 2       ;
; A[1]~input                                             ; 2       ;
; B[2]~input                                             ; 2       ;
; A[5]~input                                             ; 2       ;
; A[6]~input                                             ; 2       ;
; B[7]~input                                             ; 2       ;
; A[9]~input                                             ; 2       ;
; B[10]~input                                            ; 2       ;
; A[11]~input                                            ; 2       ;
; A[14]~input                                            ; 2       ;
; A[15]~input                                            ; 2       ;
; A[16]~input                                            ; 2       ;
; A[17]~input                                            ; 2       ;
; B[20]~input                                            ; 2       ;
; A[21]~input                                            ; 2       ;
; B[21]~input                                            ; 2       ;
; A[22]~input                                            ; 2       ;
; B[25]~input                                            ; 2       ;
; A[27]~input                                            ; 2       ;
; B[29]~input                                            ; 2       ;
; A[31]~input                                            ; 2       ;
; ULA_8bit:inst13|ULA_1bit:inst6|inst4                   ; 2       ;
; ULA_8bit:inst13|ULA_1bit:inst7|inst3                   ; 2       ;
; ULA_8bit:inst13|ULA_1bit:inst6|inst15                  ; 2       ;
; ULA_8bit:inst13|ULA_1bit:inst8|inst3                   ; 2       ;
; ULA_8bit:inst3|ULA_1bit:inst7|inst15                   ; 2       ;
; ULA_8bit:inst3|ULA_1bit:inst6|inst15                   ; 2       ;
; ULA_8bit:inst3|ULA_1bit:inst5|inst15                   ; 2       ;
; ULA_8bit:inst3|ULA_1bit:inst3|inst15                   ; 2       ;
; ULA_8bit:inst3|ULA_1bit:inst2|inst15                   ; 2       ;
; ULA_8bit:inst3|ULA_1bit:inst1|inst15                   ; 2       ;
; ULA_8bit:inst3|ULA_1bit:inst|inst15                    ; 2       ;
; ULA_8bit:inst13|ULA_1bit:inst8|inst15                  ; 2       ;
; ULA_8bit:inst13|ULA_1bit:inst6|inst14~0                ; 2       ;
; ULA_8bit:inst13|ULA_1bit:inst3|inst15                  ; 2       ;
; ULA_8bit:inst13|ULA_1bit:inst2|inst15                  ; 2       ;
; ULA_8bit:inst13|ULA_1bit:inst1|inst15                  ; 2       ;
; ULA_8bit:inst13|ULA_1bit:inst|inst15                   ; 2       ;
; ULA_8bit:inst|ULA_1bit:inst8|inst15                    ; 2       ;
; ULA_8bit:inst|ULA_1bit:inst7|inst15                    ; 2       ;
; ULA_8bit:inst|ULA_1bit:inst6|inst15                    ; 2       ;
; ULA_8bit:inst|ULA_1bit:inst5|inst15                    ; 2       ;
; ULA_8bit:inst|ULA_1bit:inst3|inst15                    ; 2       ;
; ULA_8bit:inst|ULA_1bit:inst2|inst15                    ; 2       ;
; ULA_8bit:inst|ULA_1bit:inst1|inst15                    ; 2       ;
; ULA_8bit:inst|ULA_1bit:inst|inst15                     ; 2       ;
; ULA_8bit:inst1|ULA_1bit:inst8|inst15                   ; 2       ;
; ULA_8bit:inst1|ULA_1bit:inst7|inst15                   ; 2       ;
; ULA_8bit:inst1|ULA_1bit:inst6|inst15                   ; 2       ;
; ULA_8bit:inst1|ULA_1bit:inst5|inst15                   ; 2       ;
; ULA_8bit:inst1|ULA_1bit:inst3|inst15                   ; 2       ;
; ULA_8bit:inst1|ULA_1bit:inst2|inst15                   ; 2       ;
; ULA_8bit:inst1|ULA_1bit:inst1|inst15                   ; 2       ;
; ULA_8bit:inst1|ULA_1bit:inst|inst15                    ; 2       ;
; ULA_8bit:inst1|ULA_1bit:inst1|inst4                    ; 2       ;
; ULA_8bit:inst1|ULA_1bit:inst2|inst3                    ; 2       ;
; ULA_8bit:inst1|ULA_1bit:inst6|inst4                    ; 2       ;
; ULA_8bit:inst1|ULA_1bit:inst7|inst4                    ; 2       ;
; ULA_8bit:inst1|ULA_1bit:inst8|inst3                    ; 2       ;
; ULA_8bit:inst|ULA_1bit:inst1|inst4                     ; 2       ;
; ULA_8bit:inst|ULA_1bit:inst2|inst3                     ; 2       ;
; ULA_8bit:inst|ULA_1bit:inst3|inst4                     ; 2       ;
; ULA_8bit:inst|ULA_1bit:inst7|inst4                     ; 2       ;
; ULA_8bit:inst|ULA_1bit:inst8|inst4                     ; 2       ;
; ULA_8bit:inst13|ULA_1bit:inst|inst4                    ; 2       ;
; ULA_8bit:inst13|ULA_1bit:inst1|inst4                   ; 2       ;
; ULA_8bit:inst13|ULA_1bit:inst5|inst3                   ; 2       ;
; ULA_8bit:inst13|ULA_1bit:inst6|inst13                  ; 2       ;
; ULA_8bit:inst13|ULA_1bit:inst6|inst2                   ; 2       ;
; ULA_8bit:inst13|ULA_1bit:inst7|inst14~0                ; 2       ;
; ULA_8bit:inst13|ULA_1bit:inst7|inst13                  ; 2       ;
; ULA_8bit:inst3|ULA_1bit:inst1|inst3                    ; 2       ;
; ULA_8bit:inst3|ULA_1bit:inst3|inst4                    ; 2       ;
; ULA_8bit:inst3|ULA_1bit:inst6|inst3                    ; 2       ;
; ULA_8bit:inst3|ULA_1bit:inst8|inst4                    ; 2       ;
; B[0]~input                                             ; 1       ;
; A[0]~input                                             ; 1       ;
; B[1]~input                                             ; 1       ;
; A[2]~input                                             ; 1       ;
; B[3]~input                                             ; 1       ;
; A[3]~input                                             ; 1       ;
; B[4]~input                                             ; 1       ;
; A[4]~input                                             ; 1       ;
; B[5]~input                                             ; 1       ;
; B[6]~input                                             ; 1       ;
; A[7]~input                                             ; 1       ;
; B[8]~input                                             ; 1       ;
; A[8]~input                                             ; 1       ;
; B[9]~input                                             ; 1       ;
; A[10]~input                                            ; 1       ;
; B[11]~input                                            ; 1       ;
; B[12]~input                                            ; 1       ;
; A[12]~input                                            ; 1       ;
; B[13]~input                                            ; 1       ;
; A[13]~input                                            ; 1       ;
; B[14]~input                                            ; 1       ;
; B[15]~input                                            ; 1       ;
; B[16]~input                                            ; 1       ;
; B[17]~input                                            ; 1       ;
; B[18]~input                                            ; 1       ;
; A[18]~input                                            ; 1       ;
; B[19]~input                                            ; 1       ;
; A[19]~input                                            ; 1       ;
; A[20]~input                                            ; 1       ;
; A[23]~input                                            ; 1       ;
; B[24]~input                                            ; 1       ;
; A[24]~input                                            ; 1       ;
; A[25]~input                                            ; 1       ;
; B[26]~input                                            ; 1       ;
; A[26]~input                                            ; 1       ;
; B[27]~input                                            ; 1       ;
; B[28]~input                                            ; 1       ;
; A[28]~input                                            ; 1       ;
; A[29]~input                                            ; 1       ;
; B[30]~input                                            ; 1       ;
; A[30]~input                                            ; 1       ;
; B[31]~input                                            ; 1       ;
; ULA_8bit:inst1|ULA_1bit:inst1|inst11                   ; 1       ;
; ULA_8bit:inst1|ULA_1bit:inst7|inst11                   ; 1       ;
; ULA_8bit:inst|ULA_1bit:inst1|inst11                    ; 1       ;
; ULA_8bit:inst|ULA_1bit:inst3|inst11                    ; 1       ;
; ULA_8bit:inst|ULA_1bit:inst7|inst11                    ; 1       ;
; ULA_8bit:inst13|ULA_1bit:inst|inst11                   ; 1       ;
; ULA_8bit:inst13|ULA_1bit:inst1|inst11                  ; 1       ;
; ULA_8bit:inst3|ULA_1bit:inst8|inst11                   ; 1       ;
; ULA_8bit:inst1|ULA_1bit:inst|inst66~2                  ; 1       ;
; ULA_8bit:inst1|ULA_1bit:inst|inst66~1                  ; 1       ;
; ULA_8bit:inst1|ULA_1bit:inst|inst66~0                  ; 1       ;
; ULA_8bit:inst1|ULA_1bit:inst1|inst66~1                 ; 1       ;
; ULA_8bit:inst1|ULA_1bit:inst1|inst66~0                 ; 1       ;
; ULA_8bit:inst1|ULA_1bit:inst2|inst66~1                 ; 1       ;
; ULA_8bit:inst1|ULA_1bit:inst2|inst11                   ; 1       ;
; ULA_8bit:inst1|ULA_1bit:inst2|inst66~0                 ; 1       ;
; ULA_8bit:inst1|ULA_1bit:inst3|inst66~2                 ; 1       ;
; ULA_8bit:inst1|ULA_1bit:inst3|inst66~1                 ; 1       ;
; ULA_8bit:inst1|ULA_1bit:inst3|inst66~0                 ; 1       ;
; ULA_8bit:inst1|ULA_1bit:inst5|inst66~2                 ; 1       ;
; ULA_8bit:inst1|ULA_1bit:inst5|inst66~1                 ; 1       ;
; ULA_8bit:inst1|ULA_1bit:inst5|inst66~0                 ; 1       ;
; ULA_8bit:inst1|ULA_1bit:inst6|inst66~1                 ; 1       ;
; ULA_8bit:inst1|ULA_1bit:inst6|inst11                   ; 1       ;
; ULA_8bit:inst1|ULA_1bit:inst6|inst66~0                 ; 1       ;
; ULA_8bit:inst1|ULA_1bit:inst7|inst66~1                 ; 1       ;
; ULA_8bit:inst1|ULA_1bit:inst7|inst66~0                 ; 1       ;
; ULA_8bit:inst1|ULA_1bit:inst8|inst66~1                 ; 1       ;
; ULA_8bit:inst1|ULA_1bit:inst8|inst11                   ; 1       ;
; ULA_8bit:inst1|ULA_1bit:inst8|inst66~0                 ; 1       ;
; ULA_8bit:inst|ULA_1bit:inst|inst66~2                   ; 1       ;
; ULA_8bit:inst|ULA_1bit:inst|inst66~1                   ; 1       ;
; ULA_8bit:inst|ULA_1bit:inst|inst66~0                   ; 1       ;
; ULA_8bit:inst|ULA_1bit:inst1|inst66~1                  ; 1       ;
; ULA_8bit:inst|ULA_1bit:inst1|inst66~0                  ; 1       ;
; ULA_8bit:inst|ULA_1bit:inst2|inst66~1                  ; 1       ;
; ULA_8bit:inst|ULA_1bit:inst2|inst11                    ; 1       ;
; ULA_8bit:inst|ULA_1bit:inst2|inst66~0                  ; 1       ;
; ULA_8bit:inst|ULA_1bit:inst3|inst66~1                  ; 1       ;
; ULA_8bit:inst|ULA_1bit:inst3|inst66~0                  ; 1       ;
; ULA_8bit:inst|ULA_1bit:inst5|inst66~2                  ; 1       ;
; ULA_8bit:inst|ULA_1bit:inst5|inst66~1                  ; 1       ;
; ULA_8bit:inst|ULA_1bit:inst5|inst66~0                  ; 1       ;
; ULA_8bit:inst|ULA_1bit:inst6|inst66~2                  ; 1       ;
; ULA_8bit:inst|ULA_1bit:inst6|inst66~1                  ; 1       ;
; ULA_8bit:inst|ULA_1bit:inst6|inst66~0                  ; 1       ;
; ULA_8bit:inst|ULA_1bit:inst7|inst66~1                  ; 1       ;
; ULA_8bit:inst|ULA_1bit:inst7|inst66~0                  ; 1       ;
; ULA_8bit:inst|ULA_1bit:inst8|inst66~1                  ; 1       ;
; ULA_8bit:inst|ULA_1bit:inst8|inst11                    ; 1       ;
; ULA_8bit:inst|ULA_1bit:inst8|inst66~0                  ; 1       ;
; ULA_8bit:inst13|ULA_1bit:inst|inst66~1                 ; 1       ;
; ULA_8bit:inst13|ULA_1bit:inst|inst66~0                 ; 1       ;
; ULA_8bit:inst13|ULA_1bit:inst1|inst66~1                ; 1       ;
; ULA_8bit:inst13|ULA_1bit:inst1|inst66~0                ; 1       ;
; ULA_8bit:inst13|ULA_1bit:inst2|inst66~1                ; 1       ;
; ULA_8bit:inst13|ULA_1bit:inst2|inst66~0                ; 1       ;
; ULA_8bit:inst13|ULA_1bit:inst2|inst19                  ; 1       ;
; ULA_8bit:inst13|ULA_1bit:inst3|inst66~1                ; 1       ;
; ULA_8bit:inst13|ULA_1bit:inst3|inst66~0                ; 1       ;
; ULA_8bit:inst13|ULA_1bit:inst3|inst19                  ; 1       ;
; ULA_8bit:inst13|ULA_1bit:inst5|inst66~1                ; 1       ;
; ULA_8bit:inst13|ULA_1bit:inst5|inst11                  ; 1       ;
; ULA_8bit:inst13|ULA_1bit:inst5|inst66~0                ; 1       ;
; ULA_8bit:inst13|ULA_1bit:inst6|inst66~1                ; 1       ;
; ULA_8bit:inst13|ULA_1bit:inst6|inst11                  ; 1       ;
; ULA_8bit:inst13|ULA_1bit:inst6|inst66~0                ; 1       ;
; ULA_8bit:inst13|ULA_1bit:inst7|inst66~1                ; 1       ;
; ULA_8bit:inst13|ULA_1bit:inst7|inst11                  ; 1       ;
; ULA_8bit:inst13|ULA_1bit:inst7|inst66~0                ; 1       ;
; ULA_8bit:inst13|ULA_1bit:inst8|inst66~1                ; 1       ;
; ULA_8bit:inst13|ULA_1bit:inst8|inst66~0                ; 1       ;
; ULA_8bit:inst13|ULA_1bit:inst8|inst19                  ; 1       ;
; ULA_8bit:inst13|ULA_1bit:inst7|inst15                  ; 1       ;
; ULA_8bit:inst3|ULA_1bit:inst|inst66~1                  ; 1       ;
; ULA_8bit:inst3|ULA_1bit:inst|inst66~0                  ; 1       ;
; ULA_8bit:inst3|ULA_1bit:inst|inst19                    ; 1       ;
; ULA_8bit:inst3|ULA_1bit:inst1|inst66~1                 ; 1       ;
; ULA_8bit:inst3|ULA_1bit:inst1|inst11                   ; 1       ;
; ULA_8bit:inst3|ULA_1bit:inst1|inst66~0                 ; 1       ;
; ULA_8bit:inst3|ULA_1bit:inst2|inst66~1                 ; 1       ;
; ULA_8bit:inst3|ULA_1bit:inst2|inst66~0                 ; 1       ;
; ULA_8bit:inst3|ULA_1bit:inst2|inst19                   ; 1       ;
; ULA_8bit:inst3|ULA_1bit:inst3|inst66~1                 ; 1       ;
; ULA_8bit:inst3|ULA_1bit:inst3|inst11                   ; 1       ;
; ULA_8bit:inst3|ULA_1bit:inst3|inst66~0                 ; 1       ;
; ULA_8bit:inst3|ULA_1bit:inst5|inst66~1                 ; 1       ;
; ULA_8bit:inst3|ULA_1bit:inst5|inst66~0                 ; 1       ;
; ULA_8bit:inst3|ULA_1bit:inst5|inst19                   ; 1       ;
; ULA_8bit:inst3|ULA_1bit:inst6|inst66~1                 ; 1       ;
; ULA_8bit:inst3|ULA_1bit:inst6|inst11                   ; 1       ;
; ULA_8bit:inst3|ULA_1bit:inst6|inst66~0                 ; 1       ;
; ULA_8bit:inst3|ULA_1bit:inst7|inst66~1                 ; 1       ;
; ULA_8bit:inst3|ULA_1bit:inst7|inst66~0                 ; 1       ;
; ULA_8bit:inst3|ULA_1bit:inst7|inst19                   ; 1       ;
; ULA_8bit:inst3|ULA_1bit:inst8|inst66~1                 ; 1       ;
; ULA_8bit:inst3|ULA_1bit:inst8|inst66~0                 ; 1       ;
; ULA_8bit:inst3|ULA_1bit:inst8|inst15                   ; 1       ;
; ULA_8bit:inst13|ULA_1bit:inst7|inst14                  ; 1       ;
; ULA_8bit:inst13|ULA_1bit:inst8|inst14~0                ; 1       ;
; ULA_8bit:inst13|ULA_1bit:inst8|inst13                  ; 1       ;
+--------------------------------------------------------+---------+


+------------------------------------------------+
; Routing Usage Summary                          ;
+-----------------------+------------------------+
; Routing Resource Type ; Usage                  ;
+-----------------------+------------------------+
; Block interconnects   ; 239 / 32,401 ( < 1 % ) ;
; C16 interconnects     ; 24 / 1,326 ( 2 % )     ;
; C4 interconnects      ; 156 / 21,816 ( < 1 % ) ;
; Direct links          ; 24 / 32,401 ( < 1 % )  ;
; Global clocks         ; 0 / 10 ( 0 % )         ;
; Local interconnects   ; 132 / 10,320 ( 1 % )   ;
; R24 interconnects     ; 23 / 1,289 ( 2 % )     ;
; R4 interconnects      ; 136 / 28,186 ( < 1 % ) ;
+-----------------------+------------------------+


+---------------------------------------------------------------------------+
; LAB Logic Elements                                                        ;
+--------------------------------------------+------------------------------+
; Number of Logic Elements  (Average = 9.14) ; Number of LABs  (Total = 22) ;
+--------------------------------------------+------------------------------+
; 1                                          ; 8                            ;
; 2                                          ; 1                            ;
; 3                                          ; 0                            ;
; 4                                          ; 0                            ;
; 5                                          ; 0                            ;
; 6                                          ; 0                            ;
; 7                                          ; 0                            ;
; 8                                          ; 0                            ;
; 9                                          ; 0                            ;
; 10                                         ; 2                            ;
; 11                                         ; 0                            ;
; 12                                         ; 1                            ;
; 13                                         ; 0                            ;
; 14                                         ; 0                            ;
; 15                                         ; 1                            ;
; 16                                         ; 9                            ;
+--------------------------------------------+------------------------------+


+----------------------------------------------------------------------------+
; LAB Signals Sourced                                                        ;
+---------------------------------------------+------------------------------+
; Number of Signals Sourced  (Average = 9.14) ; Number of LABs  (Total = 22) ;
+---------------------------------------------+------------------------------+
; 0                                           ; 0                            ;
; 1                                           ; 8                            ;
; 2                                           ; 1                            ;
; 3                                           ; 0                            ;
; 4                                           ; 0                            ;
; 5                                           ; 0                            ;
; 6                                           ; 0                            ;
; 7                                           ; 0                            ;
; 8                                           ; 0                            ;
; 9                                           ; 0                            ;
; 10                                          ; 2                            ;
; 11                                          ; 0                            ;
; 12                                          ; 1                            ;
; 13                                          ; 0                            ;
; 14                                          ; 0                            ;
; 15                                          ; 1                            ;
; 16                                          ; 9                            ;
+---------------------------------------------+------------------------------+


+--------------------------------------------------------------------------------+
; LAB Signals Sourced Out                                                        ;
+-------------------------------------------------+------------------------------+
; Number of Signals Sourced Out  (Average = 3.00) ; Number of LABs  (Total = 22) ;
+-------------------------------------------------+------------------------------+
; 0                                               ; 0                            ;
; 1                                               ; 8                            ;
; 2                                               ; 1                            ;
; 3                                               ; 2                            ;
; 4                                               ; 7                            ;
; 5                                               ; 2                            ;
; 6                                               ; 2                            ;
+-------------------------------------------------+------------------------------+


+----------------------------------------------------------------------------+
; LAB Distinct Inputs                                                        ;
+---------------------------------------------+------------------------------+
; Number of Distinct Inputs  (Average = 8.36) ; Number of LABs  (Total = 22) ;
+---------------------------------------------+------------------------------+
; 0                                           ; 0                            ;
; 1                                           ; 0                            ;
; 2                                           ; 7                            ;
; 3                                           ; 1                            ;
; 4                                           ; 1                            ;
; 5                                           ; 0                            ;
; 6                                           ; 0                            ;
; 7                                           ; 0                            ;
; 8                                           ; 0                            ;
; 9                                           ; 0                            ;
; 10                                          ; 2                            ;
; 11                                          ; 1                            ;
; 12                                          ; 1                            ;
; 13                                          ; 6                            ;
; 14                                          ; 3                            ;
+---------------------------------------------+------------------------------+


+------------------------------------------+
; I/O Rules Summary                        ;
+----------------------------------+-------+
; I/O Rules Statistic              ; Total ;
+----------------------------------+-------+
; Total I/O Rules                  ; 30    ;
; Number of I/O Rules Passed       ; 9     ;
; Number of I/O Rules Failed       ; 0     ;
; Number of I/O Rules Unchecked    ; 0     ;
; Number of I/O Rules Inapplicable ; 21    ;
+----------------------------------+-------+


+-----------------------------------------------------------------------------------------------------------------------------------------------------------------------------------------------------------------------------------------------------------------------------------------------------+
; I/O Rules Details                                                                                                                                                                                                                                                                                   ;
+--------------+-----------+-----------------------------------+------------------------------------------------------------------------------------------------------+----------+--------------------------------------------------------------------------+---------------------+-------------------+
; Status       ; ID        ; Category                          ; Rule Description                                                                                     ; Severity ; Information                                                              ; Area                ; Extra Information ;
+--------------+-----------+-----------------------------------+------------------------------------------------------------------------------------------------------+----------+--------------------------------------------------------------------------+---------------------+-------------------+
; Inapplicable ; IO_000001 ; Capacity Checks                   ; Number of pins in an I/O bank should not exceed the number of locations available.                   ; Critical ; No Location assignments found.                                           ; I/O                 ;                   ;
; Inapplicable ; IO_000002 ; Capacity Checks                   ; Number of clocks in an I/O bank should not exceed the number of clocks available.                    ; Critical ; No Global Signal assignments found.                                      ; I/O                 ;                   ;
; Inapplicable ; IO_000003 ; Capacity Checks                   ; Number of pins in a Vrefgroup should not exceed the number of locations available.                   ; Critical ; No Location assignments found.                                           ; I/O                 ;                   ;
; Inapplicable ; IO_000004 ; Voltage Compatibility Checks      ; The I/O bank should support the requested VCCIO.                                                     ; Critical ; No IOBANK_VCCIO assignments found.                                       ; I/O                 ;                   ;
; Inapplicable ; IO_000005 ; Voltage Compatibility Checks      ; The I/O bank should not have competing VREF values.                                                  ; Critical ; No VREF I/O Standard assignments found.                                  ; I/O                 ;                   ;
; Pass         ; IO_000006 ; Voltage Compatibility Checks      ; The I/O bank should not have competing VCCIO values.                                                 ; Critical ; 0 such failures found.                                                   ; I/O                 ;                   ;
; Inapplicable ; IO_000007 ; Valid Location Checks             ; Checks for unavailable locations.                                                                    ; Critical ; No Location assignments found.                                           ; I/O                 ;                   ;
; Inapplicable ; IO_000008 ; Valid Location Checks             ; Checks for reserved locations.                                                                       ; Critical ; No reserved LogicLock region found.                                      ; I/O                 ;                   ;
; Pass         ; IO_000009 ; I/O Properties Checks for One I/O ; The location should support the requested I/O standard.                                              ; Critical ; 0 such failures found.                                                   ; I/O                 ;                   ;
; Pass         ; IO_000010 ; I/O Properties Checks for One I/O ; The location should support the requested I/O direction.                                             ; Critical ; 0 such failures found.                                                   ; I/O                 ;                   ;
; Inapplicable ; IO_000011 ; I/O Properties Checks for One I/O ; The location should support the requested Current Strength.                                          ; Critical ; No Current Strength assignments found.                                   ; I/O                 ;                   ;
; Pass         ; IO_000012 ; I/O Properties Checks for One I/O ; The location should support the requested On Chip Termination value.                                 ; Critical ; 0 such failures found.                                                   ; I/O                 ;                   ;
; Inapplicable ; IO_000013 ; I/O Properties Checks for One I/O ; The location should support the requested Bus Hold value.                                            ; Critical ; No Enable Bus-Hold Circuitry assignments found.                          ; I/O                 ;                   ;
; Inapplicable ; IO_000014 ; I/O Properties Checks for One I/O ; The location should support the requested Weak Pull Up value.                                        ; Critical ; No Weak Pull-Up Resistor assignments found.                              ; I/O                 ;                   ;
; Pass         ; IO_000015 ; I/O Properties Checks for One I/O ; The location should support the requested PCI Clamp Diode.                                           ; Critical ; 0 such failures found.                                                   ; I/O                 ;                   ;
; Inapplicable ; IO_000018 ; I/O Properties Checks for One I/O ; The I/O standard should support the requested Current Strength.                                      ; Critical ; No Current Strength assignments found.                                   ; I/O                 ;                   ;
; Pass         ; IO_000019 ; I/O Properties Checks for One I/O ; The I/O standard should support the requested On Chip Termination value.                             ; Critical ; 0 such failures found.                                                   ; I/O                 ;                   ;
; Pass         ; IO_000020 ; I/O Properties Checks for One I/O ; The I/O standard should support the requested PCI Clamp Diode.                                       ; Critical ; 0 such failures found.                                                   ; I/O                 ;                   ;
; Inapplicable ; IO_000021 ; I/O Properties Checks for One I/O ; The I/O standard should support the requested Weak Pull Up value.                                    ; Critical ; No Weak Pull-Up Resistor assignments found.                              ; I/O                 ;                   ;
; Inapplicable ; IO_000022 ; I/O Properties Checks for One I/O ; The I/O standard should support the requested Bus Hold value.                                        ; Critical ; No Enable Bus-Hold Circuitry assignments found.                          ; I/O                 ;                   ;
; Inapplicable ; IO_000023 ; I/O Properties Checks for One I/O ; The I/O standard should support the Open Drain value.                                                ; Critical ; No open drain assignments found.                                         ; I/O                 ;                   ;
; Pass         ; IO_000024 ; I/O Properties Checks for One I/O ; The I/O direction should support the On Chip Termination value.                                      ; Critical ; 0 such failures found.                                                   ; I/O                 ;                   ;
; Inapplicable ; IO_000026 ; I/O Properties Checks for One I/O ; On Chip Termination and Current Strength should not be used at the same time.                        ; Critical ; No Current Strength assignments found.                                   ; I/O                 ;                   ;
; Inapplicable ; IO_000027 ; I/O Properties Checks for One I/O ; Weak Pull Up and Bus Hold should not be used at the same time.                                       ; Critical ; No Enable Bus-Hold Circuitry or Weak Pull-Up Resistor assignments found. ; I/O                 ;                   ;
; Inapplicable ; IO_000045 ; I/O Properties Checks for One I/O ; The I/O standard should support the requested Slew Rate value.                                       ; Critical ; No Slew Rate assignments found.                                          ; I/O                 ;                   ;
; Inapplicable ; IO_000046 ; I/O Properties Checks for One I/O ; The location should support the requested Slew Rate value.                                           ; Critical ; No Slew Rate assignments found.                                          ; I/O                 ;                   ;
; Inapplicable ; IO_000047 ; I/O Properties Checks for One I/O ; On Chip Termination and Slew Rate should not be used at the same time.                               ; Critical ; No Slew Rate assignments found.                                          ; I/O                 ;                   ;
; Pass         ; IO_000033 ; Electromigration Checks           ; Current density for consecutive I/Os should not exceed 240mA for row I/Os and 240mA for column I/Os. ; Critical ; 0 such failures found.                                                   ; I/O                 ;                   ;
; Inapplicable ; IO_000034 ; SI Related Distance Checks        ; Single-ended outputs should be 5 LAB row(s) away from a differential I/O.                            ; High     ; No Differential I/O Standard assignments found.                          ; I/O                 ;                   ;
; Inapplicable ; IO_000042 ; SI Related SSO Limit Checks       ; No more than 20 outputs are allowed in a VREF group when VREF is being read from.                    ; High     ; No VREF I/O Standard assignments found.                                  ; I/O                 ;                   ;
; ----         ; ----      ; Disclaimer                        ; OCT rules are checked but not reported.                                                              ; None     ; ----                                                                     ; On Chip Termination ;                   ;
+--------------+-----------+-----------------------------------+------------------------------------------------------------------------------------------------------+----------+--------------------------------------------------------------------------+---------------------+-------------------+


+--------------------------------------------------------------------------------------------------------------------------------------------------------------------------------------------------------------------------------------------------------------------------------------------------------------------------------------------------------------------------------------------------------------------------------------------------------------------------+
; I/O Rules Matrix                                                                                                                                                                                                                                                                                                                                                                                                                                                         ;
+--------------------+--------------+--------------+--------------+--------------+--------------+-----------+--------------+--------------+-----------+-----------+--------------+--------------+--------------+--------------+--------------+--------------+--------------+--------------+--------------+--------------+--------------+--------------+--------------+--------------+--------------+--------------+--------------+-----------+--------------+--------------+
; Pin/Rules          ; IO_000001    ; IO_000002    ; IO_000003    ; IO_000004    ; IO_000005    ; IO_000006 ; IO_000007    ; IO_000008    ; IO_000009 ; IO_000010 ; IO_000011    ; IO_000012    ; IO_000013    ; IO_000014    ; IO_000015    ; IO_000018    ; IO_000019    ; IO_000020    ; IO_000021    ; IO_000022    ; IO_000023    ; IO_000024    ; IO_000026    ; IO_000027    ; IO_000045    ; IO_000046    ; IO_000047    ; IO_000033 ; IO_000034    ; IO_000042    ;
+--------------------+--------------+--------------+--------------+--------------+--------------+-----------+--------------+--------------+-----------+-----------+--------------+--------------+--------------+--------------+--------------+--------------+--------------+--------------+--------------+--------------+--------------+--------------+--------------+--------------+--------------+--------------+--------------+-----------+--------------+--------------+
; Total Pass         ; 0            ; 0            ; 0            ; 0            ; 0            ; 133       ; 0            ; 0            ; 133       ; 133       ; 0            ; 33           ; 0            ; 0            ; 100          ; 0            ; 33           ; 100          ; 0            ; 0            ; 0            ; 33           ; 0            ; 0            ; 0            ; 0            ; 0            ; 133       ; 0            ; 0            ;
; Total Unchecked    ; 0            ; 0            ; 0            ; 0            ; 0            ; 0         ; 0            ; 0            ; 0         ; 0         ; 0            ; 0            ; 0            ; 0            ; 0            ; 0            ; 0            ; 0            ; 0            ; 0            ; 0            ; 0            ; 0            ; 0            ; 0            ; 0            ; 0            ; 0         ; 0            ; 0            ;
; Total Inapplicable ; 133          ; 133          ; 133          ; 133          ; 133          ; 0         ; 133          ; 133          ; 0         ; 0         ; 133          ; 100          ; 133          ; 133          ; 33           ; 133          ; 100          ; 33           ; 133          ; 133          ; 133          ; 100          ; 133          ; 133          ; 133          ; 133          ; 133          ; 0         ; 133          ; 133          ;
; Total Fail         ; 0            ; 0            ; 0            ; 0            ; 0            ; 0         ; 0            ; 0            ; 0         ; 0         ; 0            ; 0            ; 0            ; 0            ; 0            ; 0            ; 0            ; 0            ; 0            ; 0            ; 0            ; 0            ; 0            ; 0            ; 0            ; 0            ; 0            ; 0         ; 0            ; 0            ;
; COUT               ; Inapplicable ; Inapplicable ; Inapplicable ; Inapplicable ; Inapplicable ; Pass      ; Inapplicable ; Inapplicable ; Pass      ; Pass      ; Inapplicable ; Pass         ; Inapplicable ; Inapplicable ; Inapplicable ; Inapplicable ; Pass         ; Inapplicable ; Inapplicable ; Inapplicable ; Inapplicable ; Pass         ; Inapplicable ; Inapplicable ; Inapplicable ; Inapplicable ; Inapplicable ; Pass      ; Inapplicable ; Inapplicable ;
; MIR[35]            ; Inapplicable ; Inapplicable ; Inapplicable ; Inapplicable ; Inapplicable ; Pass      ; Inapplicable ; Inapplicable ; Pass      ; Pass      ; Inapplicable ; Inapplicable ; Inapplicable ; Inapplicable ; Pass         ; Inapplicable ; Inapplicable ; Pass         ; Inapplicable ; Inapplicable ; Inapplicable ; Inapplicable ; Inapplicable ; Inapplicable ; Inapplicable ; Inapplicable ; Inapplicable ; Pass      ; Inapplicable ; Inapplicable ;
; MIR[34]            ; Inapplicable ; Inapplicable ; Inapplicable ; Inapplicable ; Inapplicable ; Pass      ; Inapplicable ; Inapplicable ; Pass      ; Pass      ; Inapplicable ; Inapplicable ; Inapplicable ; Inapplicable ; Pass         ; Inapplicable ; Inapplicable ; Pass         ; Inapplicable ; Inapplicable ; Inapplicable ; Inapplicable ; Inapplicable ; Inapplicable ; Inapplicable ; Inapplicable ; Inapplicable ; Pass      ; Inapplicable ; Inapplicable ;
; MIR[33]            ; Inapplicable ; Inapplicable ; Inapplicable ; Inapplicable ; Inapplicable ; Pass      ; Inapplicable ; Inapplicable ; Pass      ; Pass      ; Inapplicable ; Inapplicable ; Inapplicable ; Inapplicable ; Pass         ; Inapplicable ; Inapplicable ; Pass         ; Inapplicable ; Inapplicable ; Inapplicable ; Inapplicable ; Inapplicable ; Inapplicable ; Inapplicable ; Inapplicable ; Inapplicable ; Pass      ; Inapplicable ; Inapplicable ;
; MIR[32]            ; Inapplicable ; Inapplicable ; Inapplicable ; Inapplicable ; Inapplicable ; Pass      ; Inapplicable ; Inapplicable ; Pass      ; Pass      ; Inapplicable ; Inapplicable ; Inapplicable ; Inapplicable ; Pass         ; Inapplicable ; Inapplicable ; Pass         ; Inapplicable ; Inapplicable ; Inapplicable ; Inapplicable ; Inapplicable ; Inapplicable ; Inapplicable ; Inapplicable ; Inapplicable ; Pass      ; Inapplicable ; Inapplicable ;
; MIR[31]            ; Inapplicable ; Inapplicable ; Inapplicable ; Inapplicable ; Inapplicable ; Pass      ; Inapplicable ; Inapplicable ; Pass      ; Pass      ; Inapplicable ; Inapplicable ; Inapplicable ; Inapplicable ; Pass         ; Inapplicable ; Inapplicable ; Pass         ; Inapplicable ; Inapplicable ; Inapplicable ; Inapplicable ; Inapplicable ; Inapplicable ; Inapplicable ; Inapplicable ; Inapplicable ; Pass      ; Inapplicable ; Inapplicable ;
; MIR[30]            ; Inapplicable ; Inapplicable ; Inapplicable ; Inapplicable ; Inapplicable ; Pass      ; Inapplicable ; Inapplicable ; Pass      ; Pass      ; Inapplicable ; Inapplicable ; Inapplicable ; Inapplicable ; Pass         ; Inapplicable ; Inapplicable ; Pass         ; Inapplicable ; Inapplicable ; Inapplicable ; Inapplicable ; Inapplicable ; Inapplicable ; Inapplicable ; Inapplicable ; Inapplicable ; Pass      ; Inapplicable ; Inapplicable ;
; MIR[29]            ; Inapplicable ; Inapplicable ; Inapplicable ; Inapplicable ; Inapplicable ; Pass      ; Inapplicable ; Inapplicable ; Pass      ; Pass      ; Inapplicable ; Inapplicable ; Inapplicable ; Inapplicable ; Pass         ; Inapplicable ; Inapplicable ; Pass         ; Inapplicable ; Inapplicable ; Inapplicable ; Inapplicable ; Inapplicable ; Inapplicable ; Inapplicable ; Inapplicable ; Inapplicable ; Pass      ; Inapplicable ; Inapplicable ;
; MIR[28]            ; Inapplicable ; Inapplicable ; Inapplicable ; Inapplicable ; Inapplicable ; Pass      ; Inapplicable ; Inapplicable ; Pass      ; Pass      ; Inapplicable ; Inapplicable ; Inapplicable ; Inapplicable ; Pass         ; Inapplicable ; Inapplicable ; Pass         ; Inapplicable ; Inapplicable ; Inapplicable ; Inapplicable ; Inapplicable ; Inapplicable ; Inapplicable ; Inapplicable ; Inapplicable ; Pass      ; Inapplicable ; Inapplicable ;
; MIR[27]            ; Inapplicable ; Inapplicable ; Inapplicable ; Inapplicable ; Inapplicable ; Pass      ; Inapplicable ; Inapplicable ; Pass      ; Pass      ; Inapplicable ; Inapplicable ; Inapplicable ; Inapplicable ; Pass         ; Inapplicable ; Inapplicable ; Pass         ; Inapplicable ; Inapplicable ; Inapplicable ; Inapplicable ; Inapplicable ; Inapplicable ; Inapplicable ; Inapplicable ; Inapplicable ; Pass      ; Inapplicable ; Inapplicable ;
; MIR[26]            ; Inapplicable ; Inapplicable ; Inapplicable ; Inapplicable ; Inapplicable ; Pass      ; Inapplicable ; Inapplicable ; Pass      ; Pass      ; Inapplicable ; Inapplicable ; Inapplicable ; Inapplicable ; Pass         ; Inapplicable ; Inapplicable ; Pass         ; Inapplicable ; Inapplicable ; Inapplicable ; Inapplicable ; Inapplicable ; Inapplicable ; Inapplicable ; Inapplicable ; Inapplicable ; Pass      ; Inapplicable ; Inapplicable ;
; MIR[25]            ; Inapplicable ; Inapplicable ; Inapplicable ; Inapplicable ; Inapplicable ; Pass      ; Inapplicable ; Inapplicable ; Pass      ; Pass      ; Inapplicable ; Inapplicable ; Inapplicable ; Inapplicable ; Pass         ; Inapplicable ; Inapplicable ; Pass         ; Inapplicable ; Inapplicable ; Inapplicable ; Inapplicable ; Inapplicable ; Inapplicable ; Inapplicable ; Inapplicable ; Inapplicable ; Pass      ; Inapplicable ; Inapplicable ;
; MIR[24]            ; Inapplicable ; Inapplicable ; Inapplicable ; Inapplicable ; Inapplicable ; Pass      ; Inapplicable ; Inapplicable ; Pass      ; Pass      ; Inapplicable ; Inapplicable ; Inapplicable ; Inapplicable ; Pass         ; Inapplicable ; Inapplicable ; Pass         ; Inapplicable ; Inapplicable ; Inapplicable ; Inapplicable ; Inapplicable ; Inapplicable ; Inapplicable ; Inapplicable ; Inapplicable ; Pass      ; Inapplicable ; Inapplicable ;
; MIR[23]            ; Inapplicable ; Inapplicable ; Inapplicable ; Inapplicable ; Inapplicable ; Pass      ; Inapplicable ; Inapplicable ; Pass      ; Pass      ; Inapplicable ; Inapplicable ; Inapplicable ; Inapplicable ; Pass         ; Inapplicable ; Inapplicable ; Pass         ; Inapplicable ; Inapplicable ; Inapplicable ; Inapplicable ; Inapplicable ; Inapplicable ; Inapplicable ; Inapplicable ; Inapplicable ; Pass      ; Inapplicable ; Inapplicable ;
; MIR[22]            ; Inapplicable ; Inapplicable ; Inapplicable ; Inapplicable ; Inapplicable ; Pass      ; Inapplicable ; Inapplicable ; Pass      ; Pass      ; Inapplicable ; Inapplicable ; Inapplicable ; Inapplicable ; Pass         ; Inapplicable ; Inapplicable ; Pass         ; Inapplicable ; Inapplicable ; Inapplicable ; Inapplicable ; Inapplicable ; Inapplicable ; Inapplicable ; Inapplicable ; Inapplicable ; Pass      ; Inapplicable ; Inapplicable ;
; MIR[15]            ; Inapplicable ; Inapplicable ; Inapplicable ; Inapplicable ; Inapplicable ; Pass      ; Inapplicable ; Inapplicable ; Pass      ; Pass      ; Inapplicable ; Inapplicable ; Inapplicable ; Inapplicable ; Pass         ; Inapplicable ; Inapplicable ; Pass         ; Inapplicable ; Inapplicable ; Inapplicable ; Inapplicable ; Inapplicable ; Inapplicable ; Inapplicable ; Inapplicable ; Inapplicable ; Pass      ; Inapplicable ; Inapplicable ;
; MIR[14]            ; Inapplicable ; Inapplicable ; Inapplicable ; Inapplicable ; Inapplicable ; Pass      ; Inapplicable ; Inapplicable ; Pass      ; Pass      ; Inapplicable ; Inapplicable ; Inapplicable ; Inapplicable ; Pass         ; Inapplicable ; Inapplicable ; Pass         ; Inapplicable ; Inapplicable ; Inapplicable ; Inapplicable ; Inapplicable ; Inapplicable ; Inapplicable ; Inapplicable ; Inapplicable ; Pass      ; Inapplicable ; Inapplicable ;
; MIR[13]            ; Inapplicable ; Inapplicable ; Inapplicable ; Inapplicable ; Inapplicable ; Pass      ; Inapplicable ; Inapplicable ; Pass      ; Pass      ; Inapplicable ; Inapplicable ; Inapplicable ; Inapplicable ; Pass         ; Inapplicable ; Inapplicable ; Pass         ; Inapplicable ; Inapplicable ; Inapplicable ; Inapplicable ; Inapplicable ; Inapplicable ; Inapplicable ; Inapplicable ; Inapplicable ; Pass      ; Inapplicable ; Inapplicable ;
; MIR[12]            ; Inapplicable ; Inapplicable ; Inapplicable ; Inapplicable ; Inapplicable ; Pass      ; Inapplicable ; Inapplicable ; Pass      ; Pass      ; Inapplicable ; Inapplicable ; Inapplicable ; Inapplicable ; Pass         ; Inapplicable ; Inapplicable ; Pass         ; Inapplicable ; Inapplicable ; Inapplicable ; Inapplicable ; Inapplicable ; Inapplicable ; Inapplicable ; Inapplicable ; Inapplicable ; Pass      ; Inapplicable ; Inapplicable ;
; MIR[11]            ; Inapplicable ; Inapplicable ; Inapplicable ; Inapplicable ; Inapplicable ; Pass      ; Inapplicable ; Inapplicable ; Pass      ; Pass      ; Inapplicable ; Inapplicable ; Inapplicable ; Inapplicable ; Pass         ; Inapplicable ; Inapplicable ; Pass         ; Inapplicable ; Inapplicable ; Inapplicable ; Inapplicable ; Inapplicable ; Inapplicable ; Inapplicable ; Inapplicable ; Inapplicable ; Pass      ; Inapplicable ; Inapplicable ;
; MIR[10]            ; Inapplicable ; Inapplicable ; Inapplicable ; Inapplicable ; Inapplicable ; Pass      ; Inapplicable ; Inapplicable ; Pass      ; Pass      ; Inapplicable ; Inapplicable ; Inapplicable ; Inapplicable ; Pass         ; Inapplicable ; Inapplicable ; Pass         ; Inapplicable ; Inapplicable ; Inapplicable ; Inapplicable ; Inapplicable ; Inapplicable ; Inapplicable ; Inapplicable ; Inapplicable ; Pass      ; Inapplicable ; Inapplicable ;
; MIR[9]             ; Inapplicable ; Inapplicable ; Inapplicable ; Inapplicable ; Inapplicable ; Pass      ; Inapplicable ; Inapplicable ; Pass      ; Pass      ; Inapplicable ; Inapplicable ; Inapplicable ; Inapplicable ; Pass         ; Inapplicable ; Inapplicable ; Pass         ; Inapplicable ; Inapplicable ; Inapplicable ; Inapplicable ; Inapplicable ; Inapplicable ; Inapplicable ; Inapplicable ; Inapplicable ; Pass      ; Inapplicable ; Inapplicable ;
; MIR[8]             ; Inapplicable ; Inapplicable ; Inapplicable ; Inapplicable ; Inapplicable ; Pass      ; Inapplicable ; Inapplicable ; Pass      ; Pass      ; Inapplicable ; Inapplicable ; Inapplicable ; Inapplicable ; Pass         ; Inapplicable ; Inapplicable ; Pass         ; Inapplicable ; Inapplicable ; Inapplicable ; Inapplicable ; Inapplicable ; Inapplicable ; Inapplicable ; Inapplicable ; Inapplicable ; Pass      ; Inapplicable ; Inapplicable ;
; MIR[7]             ; Inapplicable ; Inapplicable ; Inapplicable ; Inapplicable ; Inapplicable ; Pass      ; Inapplicable ; Inapplicable ; Pass      ; Pass      ; Inapplicable ; Inapplicable ; Inapplicable ; Inapplicable ; Pass         ; Inapplicable ; Inapplicable ; Pass         ; Inapplicable ; Inapplicable ; Inapplicable ; Inapplicable ; Inapplicable ; Inapplicable ; Inapplicable ; Inapplicable ; Inapplicable ; Pass      ; Inapplicable ; Inapplicable ;
; MIR[6]             ; Inapplicable ; Inapplicable ; Inapplicable ; Inapplicable ; Inapplicable ; Pass      ; Inapplicable ; Inapplicable ; Pass      ; Pass      ; Inapplicable ; Inapplicable ; Inapplicable ; Inapplicable ; Pass         ; Inapplicable ; Inapplicable ; Pass         ; Inapplicable ; Inapplicable ; Inapplicable ; Inapplicable ; Inapplicable ; Inapplicable ; Inapplicable ; Inapplicable ; Inapplicable ; Pass      ; Inapplicable ; Inapplicable ;
; MIR[5]             ; Inapplicable ; Inapplicable ; Inapplicable ; Inapplicable ; Inapplicable ; Pass      ; Inapplicable ; Inapplicable ; Pass      ; Pass      ; Inapplicable ; Inapplicable ; Inapplicable ; Inapplicable ; Pass         ; Inapplicable ; Inapplicable ; Pass         ; Inapplicable ; Inapplicable ; Inapplicable ; Inapplicable ; Inapplicable ; Inapplicable ; Inapplicable ; Inapplicable ; Inapplicable ; Pass      ; Inapplicable ; Inapplicable ;
; MIR[4]             ; Inapplicable ; Inapplicable ; Inapplicable ; Inapplicable ; Inapplicable ; Pass      ; Inapplicable ; Inapplicable ; Pass      ; Pass      ; Inapplicable ; Inapplicable ; Inapplicable ; Inapplicable ; Pass         ; Inapplicable ; Inapplicable ; Pass         ; Inapplicable ; Inapplicable ; Inapplicable ; Inapplicable ; Inapplicable ; Inapplicable ; Inapplicable ; Inapplicable ; Inapplicable ; Pass      ; Inapplicable ; Inapplicable ;
; MIR[3]             ; Inapplicable ; Inapplicable ; Inapplicable ; Inapplicable ; Inapplicable ; Pass      ; Inapplicable ; Inapplicable ; Pass      ; Pass      ; Inapplicable ; Inapplicable ; Inapplicable ; Inapplicable ; Pass         ; Inapplicable ; Inapplicable ; Pass         ; Inapplicable ; Inapplicable ; Inapplicable ; Inapplicable ; Inapplicable ; Inapplicable ; Inapplicable ; Inapplicable ; Inapplicable ; Pass      ; Inapplicable ; Inapplicable ;
; MIR[2]             ; Inapplicable ; Inapplicable ; Inapplicable ; Inapplicable ; Inapplicable ; Pass      ; Inapplicable ; Inapplicable ; Pass      ; Pass      ; Inapplicable ; Inapplicable ; Inapplicable ; Inapplicable ; Pass         ; Inapplicable ; Inapplicable ; Pass         ; Inapplicable ; Inapplicable ; Inapplicable ; Inapplicable ; Inapplicable ; Inapplicable ; Inapplicable ; Inapplicable ; Inapplicable ; Pass      ; Inapplicable ; Inapplicable ;
; MIR[1]             ; Inapplicable ; Inapplicable ; Inapplicable ; Inapplicable ; Inapplicable ; Pass      ; Inapplicable ; Inapplicable ; Pass      ; Pass      ; Inapplicable ; Inapplicable ; Inapplicable ; Inapplicable ; Pass         ; Inapplicable ; Inapplicable ; Pass         ; Inapplicable ; Inapplicable ; Inapplicable ; Inapplicable ; Inapplicable ; Inapplicable ; Inapplicable ; Inapplicable ; Inapplicable ; Pass      ; Inapplicable ; Inapplicable ;
; MIR[0]             ; Inapplicable ; Inapplicable ; Inapplicable ; Inapplicable ; Inapplicable ; Pass      ; Inapplicable ; Inapplicable ; Pass      ; Pass      ; Inapplicable ; Inapplicable ; Inapplicable ; Inapplicable ; Pass         ; Inapplicable ; Inapplicable ; Pass         ; Inapplicable ; Inapplicable ; Inapplicable ; Inapplicable ; Inapplicable ; Inapplicable ; Inapplicable ; Inapplicable ; Inapplicable ; Pass      ; Inapplicable ; Inapplicable ;
; OUTPUT[31]         ; Inapplicable ; Inapplicable ; Inapplicable ; Inapplicable ; Inapplicable ; Pass      ; Inapplicable ; Inapplicable ; Pass      ; Pass      ; Inapplicable ; Pass         ; Inapplicable ; Inapplicable ; Inapplicable ; Inapplicable ; Pass         ; Inapplicable ; Inapplicable ; Inapplicable ; Inapplicable ; Pass         ; Inapplicable ; Inapplicable ; Inapplicable ; Inapplicable ; Inapplicable ; Pass      ; Inapplicable ; Inapplicable ;
; OUTPUT[30]         ; Inapplicable ; Inapplicable ; Inapplicable ; Inapplicable ; Inapplicable ; Pass      ; Inapplicable ; Inapplicable ; Pass      ; Pass      ; Inapplicable ; Pass         ; Inapplicable ; Inapplicable ; Inapplicable ; Inapplicable ; Pass         ; Inapplicable ; Inapplicable ; Inapplicable ; Inapplicable ; Pass         ; Inapplicable ; Inapplicable ; Inapplicable ; Inapplicable ; Inapplicable ; Pass      ; Inapplicable ; Inapplicable ;
; OUTPUT[29]         ; Inapplicable ; Inapplicable ; Inapplicable ; Inapplicable ; Inapplicable ; Pass      ; Inapplicable ; Inapplicable ; Pass      ; Pass      ; Inapplicable ; Pass         ; Inapplicable ; Inapplicable ; Inapplicable ; Inapplicable ; Pass         ; Inapplicable ; Inapplicable ; Inapplicable ; Inapplicable ; Pass         ; Inapplicable ; Inapplicable ; Inapplicable ; Inapplicable ; Inapplicable ; Pass      ; Inapplicable ; Inapplicable ;
; OUTPUT[28]         ; Inapplicable ; Inapplicable ; Inapplicable ; Inapplicable ; Inapplicable ; Pass      ; Inapplicable ; Inapplicable ; Pass      ; Pass      ; Inapplicable ; Pass         ; Inapplicable ; Inapplicable ; Inapplicable ; Inapplicable ; Pass         ; Inapplicable ; Inapplicable ; Inapplicable ; Inapplicable ; Pass         ; Inapplicable ; Inapplicable ; Inapplicable ; Inapplicable ; Inapplicable ; Pass      ; Inapplicable ; Inapplicable ;
; OUTPUT[27]         ; Inapplicable ; Inapplicable ; Inapplicable ; Inapplicable ; Inapplicable ; Pass      ; Inapplicable ; Inapplicable ; Pass      ; Pass      ; Inapplicable ; Pass         ; Inapplicable ; Inapplicable ; Inapplicable ; Inapplicable ; Pass         ; Inapplicable ; Inapplicable ; Inapplicable ; Inapplicable ; Pass         ; Inapplicable ; Inapplicable ; Inapplicable ; Inapplicable ; Inapplicable ; Pass      ; Inapplicable ; Inapplicable ;
; OUTPUT[26]         ; Inapplicable ; Inapplicable ; Inapplicable ; Inapplicable ; Inapplicable ; Pass      ; Inapplicable ; Inapplicable ; Pass      ; Pass      ; Inapplicable ; Pass         ; Inapplicable ; Inapplicable ; Inapplicable ; Inapplicable ; Pass         ; Inapplicable ; Inapplicable ; Inapplicable ; Inapplicable ; Pass         ; Inapplicable ; Inapplicable ; Inapplicable ; Inapplicable ; Inapplicable ; Pass      ; Inapplicable ; Inapplicable ;
; OUTPUT[25]         ; Inapplicable ; Inapplicable ; Inapplicable ; Inapplicable ; Inapplicable ; Pass      ; Inapplicable ; Inapplicable ; Pass      ; Pass      ; Inapplicable ; Pass         ; Inapplicable ; Inapplicable ; Inapplicable ; Inapplicable ; Pass         ; Inapplicable ; Inapplicable ; Inapplicable ; Inapplicable ; Pass         ; Inapplicable ; Inapplicable ; Inapplicable ; Inapplicable ; Inapplicable ; Pass      ; Inapplicable ; Inapplicable ;
; OUTPUT[24]         ; Inapplicable ; Inapplicable ; Inapplicable ; Inapplicable ; Inapplicable ; Pass      ; Inapplicable ; Inapplicable ; Pass      ; Pass      ; Inapplicable ; Pass         ; Inapplicable ; Inapplicable ; Inapplicable ; Inapplicable ; Pass         ; Inapplicable ; Inapplicable ; Inapplicable ; Inapplicable ; Pass         ; Inapplicable ; Inapplicable ; Inapplicable ; Inapplicable ; Inapplicable ; Pass      ; Inapplicable ; Inapplicable ;
; OUTPUT[23]         ; Inapplicable ; Inapplicable ; Inapplicable ; Inapplicable ; Inapplicable ; Pass      ; Inapplicable ; Inapplicable ; Pass      ; Pass      ; Inapplicable ; Pass         ; Inapplicable ; Inapplicable ; Inapplicable ; Inapplicable ; Pass         ; Inapplicable ; Inapplicable ; Inapplicable ; Inapplicable ; Pass         ; Inapplicable ; Inapplicable ; Inapplicable ; Inapplicable ; Inapplicable ; Pass      ; Inapplicable ; Inapplicable ;
; OUTPUT[22]         ; Inapplicable ; Inapplicable ; Inapplicable ; Inapplicable ; Inapplicable ; Pass      ; Inapplicable ; Inapplicable ; Pass      ; Pass      ; Inapplicable ; Pass         ; Inapplicable ; Inapplicable ; Inapplicable ; Inapplicable ; Pass         ; Inapplicable ; Inapplicable ; Inapplicable ; Inapplicable ; Pass         ; Inapplicable ; Inapplicable ; Inapplicable ; Inapplicable ; Inapplicable ; Pass      ; Inapplicable ; Inapplicable ;
; OUTPUT[21]         ; Inapplicable ; Inapplicable ; Inapplicable ; Inapplicable ; Inapplicable ; Pass      ; Inapplicable ; Inapplicable ; Pass      ; Pass      ; Inapplicable ; Pass         ; Inapplicable ; Inapplicable ; Inapplicable ; Inapplicable ; Pass         ; Inapplicable ; Inapplicable ; Inapplicable ; Inapplicable ; Pass         ; Inapplicable ; Inapplicable ; Inapplicable ; Inapplicable ; Inapplicable ; Pass      ; Inapplicable ; Inapplicable ;
; OUTPUT[20]         ; Inapplicable ; Inapplicable ; Inapplicable ; Inapplicable ; Inapplicable ; Pass      ; Inapplicable ; Inapplicable ; Pass      ; Pass      ; Inapplicable ; Pass         ; Inapplicable ; Inapplicable ; Inapplicable ; Inapplicable ; Pass         ; Inapplicable ; Inapplicable ; Inapplicable ; Inapplicable ; Pass         ; Inapplicable ; Inapplicable ; Inapplicable ; Inapplicable ; Inapplicable ; Pass      ; Inapplicable ; Inapplicable ;
; OUTPUT[19]         ; Inapplicable ; Inapplicable ; Inapplicable ; Inapplicable ; Inapplicable ; Pass      ; Inapplicable ; Inapplicable ; Pass      ; Pass      ; Inapplicable ; Pass         ; Inapplicable ; Inapplicable ; Inapplicable ; Inapplicable ; Pass         ; Inapplicable ; Inapplicable ; Inapplicable ; Inapplicable ; Pass         ; Inapplicable ; Inapplicable ; Inapplicable ; Inapplicable ; Inapplicable ; Pass      ; Inapplicable ; Inapplicable ;
; OUTPUT[18]         ; Inapplicable ; Inapplicable ; Inapplicable ; Inapplicable ; Inapplicable ; Pass      ; Inapplicable ; Inapplicable ; Pass      ; Pass      ; Inapplicable ; Pass         ; Inapplicable ; Inapplicable ; Inapplicable ; Inapplicable ; Pass         ; Inapplicable ; Inapplicable ; Inapplicable ; Inapplicable ; Pass         ; Inapplicable ; Inapplicable ; Inapplicable ; Inapplicable ; Inapplicable ; Pass      ; Inapplicable ; Inapplicable ;
; OUTPUT[17]         ; Inapplicable ; Inapplicable ; Inapplicable ; Inapplicable ; Inapplicable ; Pass      ; Inapplicable ; Inapplicable ; Pass      ; Pass      ; Inapplicable ; Pass         ; Inapplicable ; Inapplicable ; Inapplicable ; Inapplicable ; Pass         ; Inapplicable ; Inapplicable ; Inapplicable ; Inapplicable ; Pass         ; Inapplicable ; Inapplicable ; Inapplicable ; Inapplicable ; Inapplicable ; Pass      ; Inapplicable ; Inapplicable ;
; OUTPUT[16]         ; Inapplicable ; Inapplicable ; Inapplicable ; Inapplicable ; Inapplicable ; Pass      ; Inapplicable ; Inapplicable ; Pass      ; Pass      ; Inapplicable ; Pass         ; Inapplicable ; Inapplicable ; Inapplicable ; Inapplicable ; Pass         ; Inapplicable ; Inapplicable ; Inapplicable ; Inapplicable ; Pass         ; Inapplicable ; Inapplicable ; Inapplicable ; Inapplicable ; Inapplicable ; Pass      ; Inapplicable ; Inapplicable ;
; OUTPUT[15]         ; Inapplicable ; Inapplicable ; Inapplicable ; Inapplicable ; Inapplicable ; Pass      ; Inapplicable ; Inapplicable ; Pass      ; Pass      ; Inapplicable ; Pass         ; Inapplicable ; Inapplicable ; Inapplicable ; Inapplicable ; Pass         ; Inapplicable ; Inapplicable ; Inapplicable ; Inapplicable ; Pass         ; Inapplicable ; Inapplicable ; Inapplicable ; Inapplicable ; Inapplicable ; Pass      ; Inapplicable ; Inapplicable ;
; OUTPUT[14]         ; Inapplicable ; Inapplicable ; Inapplicable ; Inapplicable ; Inapplicable ; Pass      ; Inapplicable ; Inapplicable ; Pass      ; Pass      ; Inapplicable ; Pass         ; Inapplicable ; Inapplicable ; Inapplicable ; Inapplicable ; Pass         ; Inapplicable ; Inapplicable ; Inapplicable ; Inapplicable ; Pass         ; Inapplicable ; Inapplicable ; Inapplicable ; Inapplicable ; Inapplicable ; Pass      ; Inapplicable ; Inapplicable ;
; OUTPUT[13]         ; Inapplicable ; Inapplicable ; Inapplicable ; Inapplicable ; Inapplicable ; Pass      ; Inapplicable ; Inapplicable ; Pass      ; Pass      ; Inapplicable ; Pass         ; Inapplicable ; Inapplicable ; Inapplicable ; Inapplicable ; Pass         ; Inapplicable ; Inapplicable ; Inapplicable ; Inapplicable ; Pass         ; Inapplicable ; Inapplicable ; Inapplicable ; Inapplicable ; Inapplicable ; Pass      ; Inapplicable ; Inapplicable ;
; OUTPUT[12]         ; Inapplicable ; Inapplicable ; Inapplicable ; Inapplicable ; Inapplicable ; Pass      ; Inapplicable ; Inapplicable ; Pass      ; Pass      ; Inapplicable ; Pass         ; Inapplicable ; Inapplicable ; Inapplicable ; Inapplicable ; Pass         ; Inapplicable ; Inapplicable ; Inapplicable ; Inapplicable ; Pass         ; Inapplicable ; Inapplicable ; Inapplicable ; Inapplicable ; Inapplicable ; Pass      ; Inapplicable ; Inapplicable ;
; OUTPUT[11]         ; Inapplicable ; Inapplicable ; Inapplicable ; Inapplicable ; Inapplicable ; Pass      ; Inapplicable ; Inapplicable ; Pass      ; Pass      ; Inapplicable ; Pass         ; Inapplicable ; Inapplicable ; Inapplicable ; Inapplicable ; Pass         ; Inapplicable ; Inapplicable ; Inapplicable ; Inapplicable ; Pass         ; Inapplicable ; Inapplicable ; Inapplicable ; Inapplicable ; Inapplicable ; Pass      ; Inapplicable ; Inapplicable ;
; OUTPUT[10]         ; Inapplicable ; Inapplicable ; Inapplicable ; Inapplicable ; Inapplicable ; Pass      ; Inapplicable ; Inapplicable ; Pass      ; Pass      ; Inapplicable ; Pass         ; Inapplicable ; Inapplicable ; Inapplicable ; Inapplicable ; Pass         ; Inapplicable ; Inapplicable ; Inapplicable ; Inapplicable ; Pass         ; Inapplicable ; Inapplicable ; Inapplicable ; Inapplicable ; Inapplicable ; Pass      ; Inapplicable ; Inapplicable ;
; OUTPUT[9]          ; Inapplicable ; Inapplicable ; Inapplicable ; Inapplicable ; Inapplicable ; Pass      ; Inapplicable ; Inapplicable ; Pass      ; Pass      ; Inapplicable ; Pass         ; Inapplicable ; Inapplicable ; Inapplicable ; Inapplicable ; Pass         ; Inapplicable ; Inapplicable ; Inapplicable ; Inapplicable ; Pass         ; Inapplicable ; Inapplicable ; Inapplicable ; Inapplicable ; Inapplicable ; Pass      ; Inapplicable ; Inapplicable ;
; OUTPUT[8]          ; Inapplicable ; Inapplicable ; Inapplicable ; Inapplicable ; Inapplicable ; Pass      ; Inapplicable ; Inapplicable ; Pass      ; Pass      ; Inapplicable ; Pass         ; Inapplicable ; Inapplicable ; Inapplicable ; Inapplicable ; Pass         ; Inapplicable ; Inapplicable ; Inapplicable ; Inapplicable ; Pass         ; Inapplicable ; Inapplicable ; Inapplicable ; Inapplicable ; Inapplicable ; Pass      ; Inapplicable ; Inapplicable ;
; OUTPUT[7]          ; Inapplicable ; Inapplicable ; Inapplicable ; Inapplicable ; Inapplicable ; Pass      ; Inapplicable ; Inapplicable ; Pass      ; Pass      ; Inapplicable ; Pass         ; Inapplicable ; Inapplicable ; Inapplicable ; Inapplicable ; Pass         ; Inapplicable ; Inapplicable ; Inapplicable ; Inapplicable ; Pass         ; Inapplicable ; Inapplicable ; Inapplicable ; Inapplicable ; Inapplicable ; Pass      ; Inapplicable ; Inapplicable ;
; OUTPUT[6]          ; Inapplicable ; Inapplicable ; Inapplicable ; Inapplicable ; Inapplicable ; Pass      ; Inapplicable ; Inapplicable ; Pass      ; Pass      ; Inapplicable ; Pass         ; Inapplicable ; Inapplicable ; Inapplicable ; Inapplicable ; Pass         ; Inapplicable ; Inapplicable ; Inapplicable ; Inapplicable ; Pass         ; Inapplicable ; Inapplicable ; Inapplicable ; Inapplicable ; Inapplicable ; Pass      ; Inapplicable ; Inapplicable ;
; OUTPUT[5]          ; Inapplicable ; Inapplicable ; Inapplicable ; Inapplicable ; Inapplicable ; Pass      ; Inapplicable ; Inapplicable ; Pass      ; Pass      ; Inapplicable ; Pass         ; Inapplicable ; Inapplicable ; Inapplicable ; Inapplicable ; Pass         ; Inapplicable ; Inapplicable ; Inapplicable ; Inapplicable ; Pass         ; Inapplicable ; Inapplicable ; Inapplicable ; Inapplicable ; Inapplicable ; Pass      ; Inapplicable ; Inapplicable ;
; OUTPUT[4]          ; Inapplicable ; Inapplicable ; Inapplicable ; Inapplicable ; Inapplicable ; Pass      ; Inapplicable ; Inapplicable ; Pass      ; Pass      ; Inapplicable ; Pass         ; Inapplicable ; Inapplicable ; Inapplicable ; Inapplicable ; Pass         ; Inapplicable ; Inapplicable ; Inapplicable ; Inapplicable ; Pass         ; Inapplicable ; Inapplicable ; Inapplicable ; Inapplicable ; Inapplicable ; Pass      ; Inapplicable ; Inapplicable ;
; OUTPUT[3]          ; Inapplicable ; Inapplicable ; Inapplicable ; Inapplicable ; Inapplicable ; Pass      ; Inapplicable ; Inapplicable ; Pass      ; Pass      ; Inapplicable ; Pass         ; Inapplicable ; Inapplicable ; Inapplicable ; Inapplicable ; Pass         ; Inapplicable ; Inapplicable ; Inapplicable ; Inapplicable ; Pass         ; Inapplicable ; Inapplicable ; Inapplicable ; Inapplicable ; Inapplicable ; Pass      ; Inapplicable ; Inapplicable ;
; OUTPUT[2]          ; Inapplicable ; Inapplicable ; Inapplicable ; Inapplicable ; Inapplicable ; Pass      ; Inapplicable ; Inapplicable ; Pass      ; Pass      ; Inapplicable ; Pass         ; Inapplicable ; Inapplicable ; Inapplicable ; Inapplicable ; Pass         ; Inapplicable ; Inapplicable ; Inapplicable ; Inapplicable ; Pass         ; Inapplicable ; Inapplicable ; Inapplicable ; Inapplicable ; Inapplicable ; Pass      ; Inapplicable ; Inapplicable ;
; OUTPUT[1]          ; Inapplicable ; Inapplicable ; Inapplicable ; Inapplicable ; Inapplicable ; Pass      ; Inapplicable ; Inapplicable ; Pass      ; Pass      ; Inapplicable ; Pass         ; Inapplicable ; Inapplicable ; Inapplicable ; Inapplicable ; Pass         ; Inapplicable ; Inapplicable ; Inapplicable ; Inapplicable ; Pass         ; Inapplicable ; Inapplicable ; Inapplicable ; Inapplicable ; Inapplicable ; Pass      ; Inapplicable ; Inapplicable ;
; OUTPUT[0]          ; Inapplicable ; Inapplicable ; Inapplicable ; Inapplicable ; Inapplicable ; Pass      ; Inapplicable ; Inapplicable ; Pass      ; Pass      ; Inapplicable ; Pass         ; Inapplicable ; Inapplicable ; Inapplicable ; Inapplicable ; Pass         ; Inapplicable ; Inapplicable ; Inapplicable ; Inapplicable ; Pass         ; Inapplicable ; Inapplicable ; Inapplicable ; Inapplicable ; Inapplicable ; Pass      ; Inapplicable ; Inapplicable ;
; MIR[21]            ; Inapplicable ; Inapplicable ; Inapplicable ; Inapplicable ; Inapplicable ; Pass      ; Inapplicable ; Inapplicable ; Pass      ; Pass      ; Inapplicable ; Inapplicable ; Inapplicable ; Inapplicable ; Pass         ; Inapplicable ; Inapplicable ; Pass         ; Inapplicable ; Inapplicable ; Inapplicable ; Inapplicable ; Inapplicable ; Inapplicable ; Inapplicable ; Inapplicable ; Inapplicable ; Pass      ; Inapplicable ; Inapplicable ;
; MIR[20]            ; Inapplicable ; Inapplicable ; Inapplicable ; Inapplicable ; Inapplicable ; Pass      ; Inapplicable ; Inapplicable ; Pass      ; Pass      ; Inapplicable ; Inapplicable ; Inapplicable ; Inapplicable ; Pass         ; Inapplicable ; Inapplicable ; Pass         ; Inapplicable ; Inapplicable ; Inapplicable ; Inapplicable ; Inapplicable ; Inapplicable ; Inapplicable ; Inapplicable ; Inapplicable ; Pass      ; Inapplicable ; Inapplicable ;
; MIR[17]            ; Inapplicable ; Inapplicable ; Inapplicable ; Inapplicable ; Inapplicable ; Pass      ; Inapplicable ; Inapplicable ; Pass      ; Pass      ; Inapplicable ; Inapplicable ; Inapplicable ; Inapplicable ; Pass         ; Inapplicable ; Inapplicable ; Pass         ; Inapplicable ; Inapplicable ; Inapplicable ; Inapplicable ; Inapplicable ; Inapplicable ; Inapplicable ; Inapplicable ; Inapplicable ; Pass      ; Inapplicable ; Inapplicable ;
; MIR[19]            ; Inapplicable ; Inapplicable ; Inapplicable ; Inapplicable ; Inapplicable ; Pass      ; Inapplicable ; Inapplicable ; Pass      ; Pass      ; Inapplicable ; Inapplicable ; Inapplicable ; Inapplicable ; Pass         ; Inapplicable ; Inapplicable ; Pass         ; Inapplicable ; Inapplicable ; Inapplicable ; Inapplicable ; Inapplicable ; Inapplicable ; Inapplicable ; Inapplicable ; Inapplicable ; Pass      ; Inapplicable ; Inapplicable ;
; A[31]              ; Inapplicable ; Inapplicable ; Inapplicable ; Inapplicable ; Inapplicable ; Pass      ; Inapplicable ; Inapplicable ; Pass      ; Pass      ; Inapplicable ; Inapplicable ; Inapplicable ; Inapplicable ; Pass         ; Inapplicable ; Inapplicable ; Pass         ; Inapplicable ; Inapplicable ; Inapplicable ; Inapplicable ; Inapplicable ; Inapplicable ; Inapplicable ; Inapplicable ; Inapplicable ; Pass      ; Inapplicable ; Inapplicable ;
; MIR[18]            ; Inapplicable ; Inapplicable ; Inapplicable ; Inapplicable ; Inapplicable ; Pass      ; Inapplicable ; Inapplicable ; Pass      ; Pass      ; Inapplicable ; Inapplicable ; Inapplicable ; Inapplicable ; Pass         ; Inapplicable ; Inapplicable ; Pass         ; Inapplicable ; Inapplicable ; Inapplicable ; Inapplicable ; Inapplicable ; Inapplicable ; Inapplicable ; Inapplicable ; Inapplicable ; Pass      ; Inapplicable ; Inapplicable ;
; B[31]              ; Inapplicable ; Inapplicable ; Inapplicable ; Inapplicable ; Inapplicable ; Pass      ; Inapplicable ; Inapplicable ; Pass      ; Pass      ; Inapplicable ; Inapplicable ; Inapplicable ; Inapplicable ; Pass         ; Inapplicable ; Inapplicable ; Pass         ; Inapplicable ; Inapplicable ; Inapplicable ; Inapplicable ; Inapplicable ; Inapplicable ; Inapplicable ; Inapplicable ; Inapplicable ; Pass      ; Inapplicable ; Inapplicable ;
; A[30]              ; Inapplicable ; Inapplicable ; Inapplicable ; Inapplicable ; Inapplicable ; Pass      ; Inapplicable ; Inapplicable ; Pass      ; Pass      ; Inapplicable ; Inapplicable ; Inapplicable ; Inapplicable ; Pass         ; Inapplicable ; Inapplicable ; Pass         ; Inapplicable ; Inapplicable ; Inapplicable ; Inapplicable ; Inapplicable ; Inapplicable ; Inapplicable ; Inapplicable ; Inapplicable ; Pass      ; Inapplicable ; Inapplicable ;
; B[30]              ; Inapplicable ; Inapplicable ; Inapplicable ; Inapplicable ; Inapplicable ; Pass      ; Inapplicable ; Inapplicable ; Pass      ; Pass      ; Inapplicable ; Inapplicable ; Inapplicable ; Inapplicable ; Pass         ; Inapplicable ; Inapplicable ; Pass         ; Inapplicable ; Inapplicable ; Inapplicable ; Inapplicable ; Inapplicable ; Inapplicable ; Inapplicable ; Inapplicable ; Inapplicable ; Pass      ; Inapplicable ; Inapplicable ;
; A[29]              ; Inapplicable ; Inapplicable ; Inapplicable ; Inapplicable ; Inapplicable ; Pass      ; Inapplicable ; Inapplicable ; Pass      ; Pass      ; Inapplicable ; Inapplicable ; Inapplicable ; Inapplicable ; Pass         ; Inapplicable ; Inapplicable ; Pass         ; Inapplicable ; Inapplicable ; Inapplicable ; Inapplicable ; Inapplicable ; Inapplicable ; Inapplicable ; Inapplicable ; Inapplicable ; Pass      ; Inapplicable ; Inapplicable ;
; B[29]              ; Inapplicable ; Inapplicable ; Inapplicable ; Inapplicable ; Inapplicable ; Pass      ; Inapplicable ; Inapplicable ; Pass      ; Pass      ; Inapplicable ; Inapplicable ; Inapplicable ; Inapplicable ; Pass         ; Inapplicable ; Inapplicable ; Pass         ; Inapplicable ; Inapplicable ; Inapplicable ; Inapplicable ; Inapplicable ; Inapplicable ; Inapplicable ; Inapplicable ; Inapplicable ; Pass      ; Inapplicable ; Inapplicable ;
; A[28]              ; Inapplicable ; Inapplicable ; Inapplicable ; Inapplicable ; Inapplicable ; Pass      ; Inapplicable ; Inapplicable ; Pass      ; Pass      ; Inapplicable ; Inapplicable ; Inapplicable ; Inapplicable ; Pass         ; Inapplicable ; Inapplicable ; Pass         ; Inapplicable ; Inapplicable ; Inapplicable ; Inapplicable ; Inapplicable ; Inapplicable ; Inapplicable ; Inapplicable ; Inapplicable ; Pass      ; Inapplicable ; Inapplicable ;
; B[28]              ; Inapplicable ; Inapplicable ; Inapplicable ; Inapplicable ; Inapplicable ; Pass      ; Inapplicable ; Inapplicable ; Pass      ; Pass      ; Inapplicable ; Inapplicable ; Inapplicable ; Inapplicable ; Pass         ; Inapplicable ; Inapplicable ; Pass         ; Inapplicable ; Inapplicable ; Inapplicable ; Inapplicable ; Inapplicable ; Inapplicable ; Inapplicable ; Inapplicable ; Inapplicable ; Pass      ; Inapplicable ; Inapplicable ;
; A[27]              ; Inapplicable ; Inapplicable ; Inapplicable ; Inapplicable ; Inapplicable ; Pass      ; Inapplicable ; Inapplicable ; Pass      ; Pass      ; Inapplicable ; Inapplicable ; Inapplicable ; Inapplicable ; Pass         ; Inapplicable ; Inapplicable ; Pass         ; Inapplicable ; Inapplicable ; Inapplicable ; Inapplicable ; Inapplicable ; Inapplicable ; Inapplicable ; Inapplicable ; Inapplicable ; Pass      ; Inapplicable ; Inapplicable ;
; B[27]              ; Inapplicable ; Inapplicable ; Inapplicable ; Inapplicable ; Inapplicable ; Pass      ; Inapplicable ; Inapplicable ; Pass      ; Pass      ; Inapplicable ; Inapplicable ; Inapplicable ; Inapplicable ; Pass         ; Inapplicable ; Inapplicable ; Pass         ; Inapplicable ; Inapplicable ; Inapplicable ; Inapplicable ; Inapplicable ; Inapplicable ; Inapplicable ; Inapplicable ; Inapplicable ; Pass      ; Inapplicable ; Inapplicable ;
; A[26]              ; Inapplicable ; Inapplicable ; Inapplicable ; Inapplicable ; Inapplicable ; Pass      ; Inapplicable ; Inapplicable ; Pass      ; Pass      ; Inapplicable ; Inapplicable ; Inapplicable ; Inapplicable ; Pass         ; Inapplicable ; Inapplicable ; Pass         ; Inapplicable ; Inapplicable ; Inapplicable ; Inapplicable ; Inapplicable ; Inapplicable ; Inapplicable ; Inapplicable ; Inapplicable ; Pass      ; Inapplicable ; Inapplicable ;
; B[26]              ; Inapplicable ; Inapplicable ; Inapplicable ; Inapplicable ; Inapplicable ; Pass      ; Inapplicable ; Inapplicable ; Pass      ; Pass      ; Inapplicable ; Inapplicable ; Inapplicable ; Inapplicable ; Pass         ; Inapplicable ; Inapplicable ; Pass         ; Inapplicable ; Inapplicable ; Inapplicable ; Inapplicable ; Inapplicable ; Inapplicable ; Inapplicable ; Inapplicable ; Inapplicable ; Pass      ; Inapplicable ; Inapplicable ;
; A[25]              ; Inapplicable ; Inapplicable ; Inapplicable ; Inapplicable ; Inapplicable ; Pass      ; Inapplicable ; Inapplicable ; Pass      ; Pass      ; Inapplicable ; Inapplicable ; Inapplicable ; Inapplicable ; Pass         ; Inapplicable ; Inapplicable ; Pass         ; Inapplicable ; Inapplicable ; Inapplicable ; Inapplicable ; Inapplicable ; Inapplicable ; Inapplicable ; Inapplicable ; Inapplicable ; Pass      ; Inapplicable ; Inapplicable ;
; B[25]              ; Inapplicable ; Inapplicable ; Inapplicable ; Inapplicable ; Inapplicable ; Pass      ; Inapplicable ; Inapplicable ; Pass      ; Pass      ; Inapplicable ; Inapplicable ; Inapplicable ; Inapplicable ; Pass         ; Inapplicable ; Inapplicable ; Pass         ; Inapplicable ; Inapplicable ; Inapplicable ; Inapplicable ; Inapplicable ; Inapplicable ; Inapplicable ; Inapplicable ; Inapplicable ; Pass      ; Inapplicable ; Inapplicable ;
; A[24]              ; Inapplicable ; Inapplicable ; Inapplicable ; Inapplicable ; Inapplicable ; Pass      ; Inapplicable ; Inapplicable ; Pass      ; Pass      ; Inapplicable ; Inapplicable ; Inapplicable ; Inapplicable ; Pass         ; Inapplicable ; Inapplicable ; Pass         ; Inapplicable ; Inapplicable ; Inapplicable ; Inapplicable ; Inapplicable ; Inapplicable ; Inapplicable ; Inapplicable ; Inapplicable ; Pass      ; Inapplicable ; Inapplicable ;
; B[24]              ; Inapplicable ; Inapplicable ; Inapplicable ; Inapplicable ; Inapplicable ; Pass      ; Inapplicable ; Inapplicable ; Pass      ; Pass      ; Inapplicable ; Inapplicable ; Inapplicable ; Inapplicable ; Pass         ; Inapplicable ; Inapplicable ; Pass         ; Inapplicable ; Inapplicable ; Inapplicable ; Inapplicable ; Inapplicable ; Inapplicable ; Inapplicable ; Inapplicable ; Inapplicable ; Pass      ; Inapplicable ; Inapplicable ;
; A[23]              ; Inapplicable ; Inapplicable ; Inapplicable ; Inapplicable ; Inapplicable ; Pass      ; Inapplicable ; Inapplicable ; Pass      ; Pass      ; Inapplicable ; Inapplicable ; Inapplicable ; Inapplicable ; Pass         ; Inapplicable ; Inapplicable ; Pass         ; Inapplicable ; Inapplicable ; Inapplicable ; Inapplicable ; Inapplicable ; Inapplicable ; Inapplicable ; Inapplicable ; Inapplicable ; Pass      ; Inapplicable ; Inapplicable ;
; B[23]              ; Inapplicable ; Inapplicable ; Inapplicable ; Inapplicable ; Inapplicable ; Pass      ; Inapplicable ; Inapplicable ; Pass      ; Pass      ; Inapplicable ; Inapplicable ; Inapplicable ; Inapplicable ; Pass         ; Inapplicable ; Inapplicable ; Pass         ; Inapplicable ; Inapplicable ; Inapplicable ; Inapplicable ; Inapplicable ; Inapplicable ; Inapplicable ; Inapplicable ; Inapplicable ; Pass      ; Inapplicable ; Inapplicable ;
; A[22]              ; Inapplicable ; Inapplicable ; Inapplicable ; Inapplicable ; Inapplicable ; Pass      ; Inapplicable ; Inapplicable ; Pass      ; Pass      ; Inapplicable ; Inapplicable ; Inapplicable ; Inapplicable ; Pass         ; Inapplicable ; Inapplicable ; Pass         ; Inapplicable ; Inapplicable ; Inapplicable ; Inapplicable ; Inapplicable ; Inapplicable ; Inapplicable ; Inapplicable ; Inapplicable ; Pass      ; Inapplicable ; Inapplicable ;
; B[22]              ; Inapplicable ; Inapplicable ; Inapplicable ; Inapplicable ; Inapplicable ; Pass      ; Inapplicable ; Inapplicable ; Pass      ; Pass      ; Inapplicable ; Inapplicable ; Inapplicable ; Inapplicable ; Pass         ; Inapplicable ; Inapplicable ; Pass         ; Inapplicable ; Inapplicable ; Inapplicable ; Inapplicable ; Inapplicable ; Inapplicable ; Inapplicable ; Inapplicable ; Inapplicable ; Pass      ; Inapplicable ; Inapplicable ;
; B[21]              ; Inapplicable ; Inapplicable ; Inapplicable ; Inapplicable ; Inapplicable ; Pass      ; Inapplicable ; Inapplicable ; Pass      ; Pass      ; Inapplicable ; Inapplicable ; Inapplicable ; Inapplicable ; Pass         ; Inapplicable ; Inapplicable ; Pass         ; Inapplicable ; Inapplicable ; Inapplicable ; Inapplicable ; Inapplicable ; Inapplicable ; Inapplicable ; Inapplicable ; Inapplicable ; Pass      ; Inapplicable ; Inapplicable ;
; A[21]              ; Inapplicable ; Inapplicable ; Inapplicable ; Inapplicable ; Inapplicable ; Pass      ; Inapplicable ; Inapplicable ; Pass      ; Pass      ; Inapplicable ; Inapplicable ; Inapplicable ; Inapplicable ; Pass         ; Inapplicable ; Inapplicable ; Pass         ; Inapplicable ; Inapplicable ; Inapplicable ; Inapplicable ; Inapplicable ; Inapplicable ; Inapplicable ; Inapplicable ; Inapplicable ; Pass      ; Inapplicable ; Inapplicable ;
; A[20]              ; Inapplicable ; Inapplicable ; Inapplicable ; Inapplicable ; Inapplicable ; Pass      ; Inapplicable ; Inapplicable ; Pass      ; Pass      ; Inapplicable ; Inapplicable ; Inapplicable ; Inapplicable ; Pass         ; Inapplicable ; Inapplicable ; Pass         ; Inapplicable ; Inapplicable ; Inapplicable ; Inapplicable ; Inapplicable ; Inapplicable ; Inapplicable ; Inapplicable ; Inapplicable ; Pass      ; Inapplicable ; Inapplicable ;
; B[20]              ; Inapplicable ; Inapplicable ; Inapplicable ; Inapplicable ; Inapplicable ; Pass      ; Inapplicable ; Inapplicable ; Pass      ; Pass      ; Inapplicable ; Inapplicable ; Inapplicable ; Inapplicable ; Pass         ; Inapplicable ; Inapplicable ; Pass         ; Inapplicable ; Inapplicable ; Inapplicable ; Inapplicable ; Inapplicable ; Inapplicable ; Inapplicable ; Inapplicable ; Inapplicable ; Pass      ; Inapplicable ; Inapplicable ;
; A[19]              ; Inapplicable ; Inapplicable ; Inapplicable ; Inapplicable ; Inapplicable ; Pass      ; Inapplicable ; Inapplicable ; Pass      ; Pass      ; Inapplicable ; Inapplicable ; Inapplicable ; Inapplicable ; Pass         ; Inapplicable ; Inapplicable ; Pass         ; Inapplicable ; Inapplicable ; Inapplicable ; Inapplicable ; Inapplicable ; Inapplicable ; Inapplicable ; Inapplicable ; Inapplicable ; Pass      ; Inapplicable ; Inapplicable ;
; B[19]              ; Inapplicable ; Inapplicable ; Inapplicable ; Inapplicable ; Inapplicable ; Pass      ; Inapplicable ; Inapplicable ; Pass      ; Pass      ; Inapplicable ; Inapplicable ; Inapplicable ; Inapplicable ; Pass         ; Inapplicable ; Inapplicable ; Pass         ; Inapplicable ; Inapplicable ; Inapplicable ; Inapplicable ; Inapplicable ; Inapplicable ; Inapplicable ; Inapplicable ; Inapplicable ; Pass      ; Inapplicable ; Inapplicable ;
; A[18]              ; Inapplicable ; Inapplicable ; Inapplicable ; Inapplicable ; Inapplicable ; Pass      ; Inapplicable ; Inapplicable ; Pass      ; Pass      ; Inapplicable ; Inapplicable ; Inapplicable ; Inapplicable ; Pass         ; Inapplicable ; Inapplicable ; Pass         ; Inapplicable ; Inapplicable ; Inapplicable ; Inapplicable ; Inapplicable ; Inapplicable ; Inapplicable ; Inapplicable ; Inapplicable ; Pass      ; Inapplicable ; Inapplicable ;
; B[18]              ; Inapplicable ; Inapplicable ; Inapplicable ; Inapplicable ; Inapplicable ; Pass      ; Inapplicable ; Inapplicable ; Pass      ; Pass      ; Inapplicable ; Inapplicable ; Inapplicable ; Inapplicable ; Pass         ; Inapplicable ; Inapplicable ; Pass         ; Inapplicable ; Inapplicable ; Inapplicable ; Inapplicable ; Inapplicable ; Inapplicable ; Inapplicable ; Inapplicable ; Inapplicable ; Pass      ; Inapplicable ; Inapplicable ;
; A[17]              ; Inapplicable ; Inapplicable ; Inapplicable ; Inapplicable ; Inapplicable ; Pass      ; Inapplicable ; Inapplicable ; Pass      ; Pass      ; Inapplicable ; Inapplicable ; Inapplicable ; Inapplicable ; Pass         ; Inapplicable ; Inapplicable ; Pass         ; Inapplicable ; Inapplicable ; Inapplicable ; Inapplicable ; Inapplicable ; Inapplicable ; Inapplicable ; Inapplicable ; Inapplicable ; Pass      ; Inapplicable ; Inapplicable ;
; B[17]              ; Inapplicable ; Inapplicable ; Inapplicable ; Inapplicable ; Inapplicable ; Pass      ; Inapplicable ; Inapplicable ; Pass      ; Pass      ; Inapplicable ; Inapplicable ; Inapplicable ; Inapplicable ; Pass         ; Inapplicable ; Inapplicable ; Pass         ; Inapplicable ; Inapplicable ; Inapplicable ; Inapplicable ; Inapplicable ; Inapplicable ; Inapplicable ; Inapplicable ; Inapplicable ; Pass      ; Inapplicable ; Inapplicable ;
; A[16]              ; Inapplicable ; Inapplicable ; Inapplicable ; Inapplicable ; Inapplicable ; Pass      ; Inapplicable ; Inapplicable ; Pass      ; Pass      ; Inapplicable ; Inapplicable ; Inapplicable ; Inapplicable ; Pass         ; Inapplicable ; Inapplicable ; Pass         ; Inapplicable ; Inapplicable ; Inapplicable ; Inapplicable ; Inapplicable ; Inapplicable ; Inapplicable ; Inapplicable ; Inapplicable ; Pass      ; Inapplicable ; Inapplicable ;
; B[16]              ; Inapplicable ; Inapplicable ; Inapplicable ; Inapplicable ; Inapplicable ; Pass      ; Inapplicable ; Inapplicable ; Pass      ; Pass      ; Inapplicable ; Inapplicable ; Inapplicable ; Inapplicable ; Pass         ; Inapplicable ; Inapplicable ; Pass         ; Inapplicable ; Inapplicable ; Inapplicable ; Inapplicable ; Inapplicable ; Inapplicable ; Inapplicable ; Inapplicable ; Inapplicable ; Pass      ; Inapplicable ; Inapplicable ;
; A[15]              ; Inapplicable ; Inapplicable ; Inapplicable ; Inapplicable ; Inapplicable ; Pass      ; Inapplicable ; Inapplicable ; Pass      ; Pass      ; Inapplicable ; Inapplicable ; Inapplicable ; Inapplicable ; Pass         ; Inapplicable ; Inapplicable ; Pass         ; Inapplicable ; Inapplicable ; Inapplicable ; Inapplicable ; Inapplicable ; Inapplicable ; Inapplicable ; Inapplicable ; Inapplicable ; Pass      ; Inapplicable ; Inapplicable ;
; B[15]              ; Inapplicable ; Inapplicable ; Inapplicable ; Inapplicable ; Inapplicable ; Pass      ; Inapplicable ; Inapplicable ; Pass      ; Pass      ; Inapplicable ; Inapplicable ; Inapplicable ; Inapplicable ; Pass         ; Inapplicable ; Inapplicable ; Pass         ; Inapplicable ; Inapplicable ; Inapplicable ; Inapplicable ; Inapplicable ; Inapplicable ; Inapplicable ; Inapplicable ; Inapplicable ; Pass      ; Inapplicable ; Inapplicable ;
; A[14]              ; Inapplicable ; Inapplicable ; Inapplicable ; Inapplicable ; Inapplicable ; Pass      ; Inapplicable ; Inapplicable ; Pass      ; Pass      ; Inapplicable ; Inapplicable ; Inapplicable ; Inapplicable ; Pass         ; Inapplicable ; Inapplicable ; Pass         ; Inapplicable ; Inapplicable ; Inapplicable ; Inapplicable ; Inapplicable ; Inapplicable ; Inapplicable ; Inapplicable ; Inapplicable ; Pass      ; Inapplicable ; Inapplicable ;
; B[14]              ; Inapplicable ; Inapplicable ; Inapplicable ; Inapplicable ; Inapplicable ; Pass      ; Inapplicable ; Inapplicable ; Pass      ; Pass      ; Inapplicable ; Inapplicable ; Inapplicable ; Inapplicable ; Pass         ; Inapplicable ; Inapplicable ; Pass         ; Inapplicable ; Inapplicable ; Inapplicable ; Inapplicable ; Inapplicable ; Inapplicable ; Inapplicable ; Inapplicable ; Inapplicable ; Pass      ; Inapplicable ; Inapplicable ;
; A[13]              ; Inapplicable ; Inapplicable ; Inapplicable ; Inapplicable ; Inapplicable ; Pass      ; Inapplicable ; Inapplicable ; Pass      ; Pass      ; Inapplicable ; Inapplicable ; Inapplicable ; Inapplicable ; Pass         ; Inapplicable ; Inapplicable ; Pass         ; Inapplicable ; Inapplicable ; Inapplicable ; Inapplicable ; Inapplicable ; Inapplicable ; Inapplicable ; Inapplicable ; Inapplicable ; Pass      ; Inapplicable ; Inapplicable ;
; B[13]              ; Inapplicable ; Inapplicable ; Inapplicable ; Inapplicable ; Inapplicable ; Pass      ; Inapplicable ; Inapplicable ; Pass      ; Pass      ; Inapplicable ; Inapplicable ; Inapplicable ; Inapplicable ; Pass         ; Inapplicable ; Inapplicable ; Pass         ; Inapplicable ; Inapplicable ; Inapplicable ; Inapplicable ; Inapplicable ; Inapplicable ; Inapplicable ; Inapplicable ; Inapplicable ; Pass      ; Inapplicable ; Inapplicable ;
; A[12]              ; Inapplicable ; Inapplicable ; Inapplicable ; Inapplicable ; Inapplicable ; Pass      ; Inapplicable ; Inapplicable ; Pass      ; Pass      ; Inapplicable ; Inapplicable ; Inapplicable ; Inapplicable ; Pass         ; Inapplicable ; Inapplicable ; Pass         ; Inapplicable ; Inapplicable ; Inapplicable ; Inapplicable ; Inapplicable ; Inapplicable ; Inapplicable ; Inapplicable ; Inapplicable ; Pass      ; Inapplicable ; Inapplicable ;
; B[12]              ; Inapplicable ; Inapplicable ; Inapplicable ; Inapplicable ; Inapplicable ; Pass      ; Inapplicable ; Inapplicable ; Pass      ; Pass      ; Inapplicable ; Inapplicable ; Inapplicable ; Inapplicable ; Pass         ; Inapplicable ; Inapplicable ; Pass         ; Inapplicable ; Inapplicable ; Inapplicable ; Inapplicable ; Inapplicable ; Inapplicable ; Inapplicable ; Inapplicable ; Inapplicable ; Pass      ; Inapplicable ; Inapplicable ;
; A[11]              ; Inapplicable ; Inapplicable ; Inapplicable ; Inapplicable ; Inapplicable ; Pass      ; Inapplicable ; Inapplicable ; Pass      ; Pass      ; Inapplicable ; Inapplicable ; Inapplicable ; Inapplicable ; Pass         ; Inapplicable ; Inapplicable ; Pass         ; Inapplicable ; Inapplicable ; Inapplicable ; Inapplicable ; Inapplicable ; Inapplicable ; Inapplicable ; Inapplicable ; Inapplicable ; Pass      ; Inapplicable ; Inapplicable ;
; B[11]              ; Inapplicable ; Inapplicable ; Inapplicable ; Inapplicable ; Inapplicable ; Pass      ; Inapplicable ; Inapplicable ; Pass      ; Pass      ; Inapplicable ; Inapplicable ; Inapplicable ; Inapplicable ; Pass         ; Inapplicable ; Inapplicable ; Pass         ; Inapplicable ; Inapplicable ; Inapplicable ; Inapplicable ; Inapplicable ; Inapplicable ; Inapplicable ; Inapplicable ; Inapplicable ; Pass      ; Inapplicable ; Inapplicable ;
; A[10]              ; Inapplicable ; Inapplicable ; Inapplicable ; Inapplicable ; Inapplicable ; Pass      ; Inapplicable ; Inapplicable ; Pass      ; Pass      ; Inapplicable ; Inapplicable ; Inapplicable ; Inapplicable ; Pass         ; Inapplicable ; Inapplicable ; Pass         ; Inapplicable ; Inapplicable ; Inapplicable ; Inapplicable ; Inapplicable ; Inapplicable ; Inapplicable ; Inapplicable ; Inapplicable ; Pass      ; Inapplicable ; Inapplicable ;
; B[10]              ; Inapplicable ; Inapplicable ; Inapplicable ; Inapplicable ; Inapplicable ; Pass      ; Inapplicable ; Inapplicable ; Pass      ; Pass      ; Inapplicable ; Inapplicable ; Inapplicable ; Inapplicable ; Pass         ; Inapplicable ; Inapplicable ; Pass         ; Inapplicable ; Inapplicable ; Inapplicable ; Inapplicable ; Inapplicable ; Inapplicable ; Inapplicable ; Inapplicable ; Inapplicable ; Pass      ; Inapplicable ; Inapplicable ;
; A[9]               ; Inapplicable ; Inapplicable ; Inapplicable ; Inapplicable ; Inapplicable ; Pass      ; Inapplicable ; Inapplicable ; Pass      ; Pass      ; Inapplicable ; Inapplicable ; Inapplicable ; Inapplicable ; Pass         ; Inapplicable ; Inapplicable ; Pass         ; Inapplicable ; Inapplicable ; Inapplicable ; Inapplicable ; Inapplicable ; Inapplicable ; Inapplicable ; Inapplicable ; Inapplicable ; Pass      ; Inapplicable ; Inapplicable ;
; B[9]               ; Inapplicable ; Inapplicable ; Inapplicable ; Inapplicable ; Inapplicable ; Pass      ; Inapplicable ; Inapplicable ; Pass      ; Pass      ; Inapplicable ; Inapplicable ; Inapplicable ; Inapplicable ; Pass         ; Inapplicable ; Inapplicable ; Pass         ; Inapplicable ; Inapplicable ; Inapplicable ; Inapplicable ; Inapplicable ; Inapplicable ; Inapplicable ; Inapplicable ; Inapplicable ; Pass      ; Inapplicable ; Inapplicable ;
; A[8]               ; Inapplicable ; Inapplicable ; Inapplicable ; Inapplicable ; Inapplicable ; Pass      ; Inapplicable ; Inapplicable ; Pass      ; Pass      ; Inapplicable ; Inapplicable ; Inapplicable ; Inapplicable ; Pass         ; Inapplicable ; Inapplicable ; Pass         ; Inapplicable ; Inapplicable ; Inapplicable ; Inapplicable ; Inapplicable ; Inapplicable ; Inapplicable ; Inapplicable ; Inapplicable ; Pass      ; Inapplicable ; Inapplicable ;
; B[8]               ; Inapplicable ; Inapplicable ; Inapplicable ; Inapplicable ; Inapplicable ; Pass      ; Inapplicable ; Inapplicable ; Pass      ; Pass      ; Inapplicable ; Inapplicable ; Inapplicable ; Inapplicable ; Pass         ; Inapplicable ; Inapplicable ; Pass         ; Inapplicable ; Inapplicable ; Inapplicable ; Inapplicable ; Inapplicable ; Inapplicable ; Inapplicable ; Inapplicable ; Inapplicable ; Pass      ; Inapplicable ; Inapplicable ;
; A[7]               ; Inapplicable ; Inapplicable ; Inapplicable ; Inapplicable ; Inapplicable ; Pass      ; Inapplicable ; Inapplicable ; Pass      ; Pass      ; Inapplicable ; Inapplicable ; Inapplicable ; Inapplicable ; Pass         ; Inapplicable ; Inapplicable ; Pass         ; Inapplicable ; Inapplicable ; Inapplicable ; Inapplicable ; Inapplicable ; Inapplicable ; Inapplicable ; Inapplicable ; Inapplicable ; Pass      ; Inapplicable ; Inapplicable ;
; B[7]               ; Inapplicable ; Inapplicable ; Inapplicable ; Inapplicable ; Inapplicable ; Pass      ; Inapplicable ; Inapplicable ; Pass      ; Pass      ; Inapplicable ; Inapplicable ; Inapplicable ; Inapplicable ; Pass         ; Inapplicable ; Inapplicable ; Pass         ; Inapplicable ; Inapplicable ; Inapplicable ; Inapplicable ; Inapplicable ; Inapplicable ; Inapplicable ; Inapplicable ; Inapplicable ; Pass      ; Inapplicable ; Inapplicable ;
; A[6]               ; Inapplicable ; Inapplicable ; Inapplicable ; Inapplicable ; Inapplicable ; Pass      ; Inapplicable ; Inapplicable ; Pass      ; Pass      ; Inapplicable ; Inapplicable ; Inapplicable ; Inapplicable ; Pass         ; Inapplicable ; Inapplicable ; Pass         ; Inapplicable ; Inapplicable ; Inapplicable ; Inapplicable ; Inapplicable ; Inapplicable ; Inapplicable ; Inapplicable ; Inapplicable ; Pass      ; Inapplicable ; Inapplicable ;
; B[6]               ; Inapplicable ; Inapplicable ; Inapplicable ; Inapplicable ; Inapplicable ; Pass      ; Inapplicable ; Inapplicable ; Pass      ; Pass      ; Inapplicable ; Inapplicable ; Inapplicable ; Inapplicable ; Pass         ; Inapplicable ; Inapplicable ; Pass         ; Inapplicable ; Inapplicable ; Inapplicable ; Inapplicable ; Inapplicable ; Inapplicable ; Inapplicable ; Inapplicable ; Inapplicable ; Pass      ; Inapplicable ; Inapplicable ;
; A[5]               ; Inapplicable ; Inapplicable ; Inapplicable ; Inapplicable ; Inapplicable ; Pass      ; Inapplicable ; Inapplicable ; Pass      ; Pass      ; Inapplicable ; Inapplicable ; Inapplicable ; Inapplicable ; Pass         ; Inapplicable ; Inapplicable ; Pass         ; Inapplicable ; Inapplicable ; Inapplicable ; Inapplicable ; Inapplicable ; Inapplicable ; Inapplicable ; Inapplicable ; Inapplicable ; Pass      ; Inapplicable ; Inapplicable ;
; B[5]               ; Inapplicable ; Inapplicable ; Inapplicable ; Inapplicable ; Inapplicable ; Pass      ; Inapplicable ; Inapplicable ; Pass      ; Pass      ; Inapplicable ; Inapplicable ; Inapplicable ; Inapplicable ; Pass         ; Inapplicable ; Inapplicable ; Pass         ; Inapplicable ; Inapplicable ; Inapplicable ; Inapplicable ; Inapplicable ; Inapplicable ; Inapplicable ; Inapplicable ; Inapplicable ; Pass      ; Inapplicable ; Inapplicable ;
; A[4]               ; Inapplicable ; Inapplicable ; Inapplicable ; Inapplicable ; Inapplicable ; Pass      ; Inapplicable ; Inapplicable ; Pass      ; Pass      ; Inapplicable ; Inapplicable ; Inapplicable ; Inapplicable ; Pass         ; Inapplicable ; Inapplicable ; Pass         ; Inapplicable ; Inapplicable ; Inapplicable ; Inapplicable ; Inapplicable ; Inapplicable ; Inapplicable ; Inapplicable ; Inapplicable ; Pass      ; Inapplicable ; Inapplicable ;
; B[4]               ; Inapplicable ; Inapplicable ; Inapplicable ; Inapplicable ; Inapplicable ; Pass      ; Inapplicable ; Inapplicable ; Pass      ; Pass      ; Inapplicable ; Inapplicable ; Inapplicable ; Inapplicable ; Pass         ; Inapplicable ; Inapplicable ; Pass         ; Inapplicable ; Inapplicable ; Inapplicable ; Inapplicable ; Inapplicable ; Inapplicable ; Inapplicable ; Inapplicable ; Inapplicable ; Pass      ; Inapplicable ; Inapplicable ;
; A[3]               ; Inapplicable ; Inapplicable ; Inapplicable ; Inapplicable ; Inapplicable ; Pass      ; Inapplicable ; Inapplicable ; Pass      ; Pass      ; Inapplicable ; Inapplicable ; Inapplicable ; Inapplicable ; Pass         ; Inapplicable ; Inapplicable ; Pass         ; Inapplicable ; Inapplicable ; Inapplicable ; Inapplicable ; Inapplicable ; Inapplicable ; Inapplicable ; Inapplicable ; Inapplicable ; Pass      ; Inapplicable ; Inapplicable ;
; B[3]               ; Inapplicable ; Inapplicable ; Inapplicable ; Inapplicable ; Inapplicable ; Pass      ; Inapplicable ; Inapplicable ; Pass      ; Pass      ; Inapplicable ; Inapplicable ; Inapplicable ; Inapplicable ; Pass         ; Inapplicable ; Inapplicable ; Pass         ; Inapplicable ; Inapplicable ; Inapplicable ; Inapplicable ; Inapplicable ; Inapplicable ; Inapplicable ; Inapplicable ; Inapplicable ; Pass      ; Inapplicable ; Inapplicable ;
; A[2]               ; Inapplicable ; Inapplicable ; Inapplicable ; Inapplicable ; Inapplicable ; Pass      ; Inapplicable ; Inapplicable ; Pass      ; Pass      ; Inapplicable ; Inapplicable ; Inapplicable ; Inapplicable ; Pass         ; Inapplicable ; Inapplicable ; Pass         ; Inapplicable ; Inapplicable ; Inapplicable ; Inapplicable ; Inapplicable ; Inapplicable ; Inapplicable ; Inapplicable ; Inapplicable ; Pass      ; Inapplicable ; Inapplicable ;
; B[2]               ; Inapplicable ; Inapplicable ; Inapplicable ; Inapplicable ; Inapplicable ; Pass      ; Inapplicable ; Inapplicable ; Pass      ; Pass      ; Inapplicable ; Inapplicable ; Inapplicable ; Inapplicable ; Pass         ; Inapplicable ; Inapplicable ; Pass         ; Inapplicable ; Inapplicable ; Inapplicable ; Inapplicable ; Inapplicable ; Inapplicable ; Inapplicable ; Inapplicable ; Inapplicable ; Pass      ; Inapplicable ; Inapplicable ;
; A[1]               ; Inapplicable ; Inapplicable ; Inapplicable ; Inapplicable ; Inapplicable ; Pass      ; Inapplicable ; Inapplicable ; Pass      ; Pass      ; Inapplicable ; Inapplicable ; Inapplicable ; Inapplicable ; Pass         ; Inapplicable ; Inapplicable ; Pass         ; Inapplicable ; Inapplicable ; Inapplicable ; Inapplicable ; Inapplicable ; Inapplicable ; Inapplicable ; Inapplicable ; Inapplicable ; Pass      ; Inapplicable ; Inapplicable ;
; B[1]               ; Inapplicable ; Inapplicable ; Inapplicable ; Inapplicable ; Inapplicable ; Pass      ; Inapplicable ; Inapplicable ; Pass      ; Pass      ; Inapplicable ; Inapplicable ; Inapplicable ; Inapplicable ; Pass         ; Inapplicable ; Inapplicable ; Pass         ; Inapplicable ; Inapplicable ; Inapplicable ; Inapplicable ; Inapplicable ; Inapplicable ; Inapplicable ; Inapplicable ; Inapplicable ; Pass      ; Inapplicable ; Inapplicable ;
; A[0]               ; Inapplicable ; Inapplicable ; Inapplicable ; Inapplicable ; Inapplicable ; Pass      ; Inapplicable ; Inapplicable ; Pass      ; Pass      ; Inapplicable ; Inapplicable ; Inapplicable ; Inapplicable ; Pass         ; Inapplicable ; Inapplicable ; Pass         ; Inapplicable ; Inapplicable ; Inapplicable ; Inapplicable ; Inapplicable ; Inapplicable ; Inapplicable ; Inapplicable ; Inapplicable ; Pass      ; Inapplicable ; Inapplicable ;
; B[0]               ; Inapplicable ; Inapplicable ; Inapplicable ; Inapplicable ; Inapplicable ; Pass      ; Inapplicable ; Inapplicable ; Pass      ; Pass      ; Inapplicable ; Inapplicable ; Inapplicable ; Inapplicable ; Pass         ; Inapplicable ; Inapplicable ; Pass         ; Inapplicable ; Inapplicable ; Inapplicable ; Inapplicable ; Inapplicable ; Inapplicable ; Inapplicable ; Inapplicable ; Inapplicable ; Pass      ; Inapplicable ; Inapplicable ;
; MIR[16]            ; Inapplicable ; Inapplicable ; Inapplicable ; Inapplicable ; Inapplicable ; Pass      ; Inapplicable ; Inapplicable ; Pass      ; Pass      ; Inapplicable ; Inapplicable ; Inapplicable ; Inapplicable ; Pass         ; Inapplicable ; Inapplicable ; Pass         ; Inapplicable ; Inapplicable ; Inapplicable ; Inapplicable ; Inapplicable ; Inapplicable ; Inapplicable ; Inapplicable ; Inapplicable ; Pass      ; Inapplicable ; Inapplicable ;
+--------------------+--------------+--------------+--------------+--------------+--------------+-----------+--------------+--------------+-----------+-----------+--------------+--------------+--------------+--------------+--------------+--------------+--------------+--------------+--------------+--------------+--------------+--------------+--------------+--------------+--------------+--------------+--------------+-----------+--------------+--------------+


+---------------------------------------------------------------------------------------------+
; Fitter Device Options                                                                       ;
+------------------------------------------------------------------+--------------------------+
; Option                                                           ; Setting                  ;
+------------------------------------------------------------------+--------------------------+
; Enable user-supplied start-up clock (CLKUSR)                     ; Off                      ;
; Enable device-wide reset (DEV_CLRn)                              ; Off                      ;
; Enable device-wide output enable (DEV_OE)                        ; Off                      ;
; Enable INIT_DONE output                                          ; Off                      ;
; Configuration scheme                                             ; Active Serial            ;
; Error detection CRC                                              ; Off                      ;
; Enable open drain on CRC_ERROR pin                               ; Off                      ;
; Enable input tri-state on active configuration pins in user mode ; Off                      ;
; Configuration Voltage Level                                      ; Auto                     ;
; Force Configuration Voltage Level                                ; Off                      ;
; nCEO                                                             ; As output driving ground ;
; Data[0]                                                          ; As input tri-stated      ;
; Data[1]/ASDO                                                     ; As input tri-stated      ;
; Data[7..2]                                                       ; Unreserved               ;
; FLASH_nCE/nCSO                                                   ; As input tri-stated      ;
; Other Active Parallel pins                                       ; Unreserved               ;
; DCLK                                                             ; As output driving ground ;
; Base pin-out file on sameframe device                            ; Off                      ;
+------------------------------------------------------------------+--------------------------+


+------------------------------------+
; Operating Settings and Conditions  ;
+---------------------------+--------+
; Setting                   ; Value  ;
+---------------------------+--------+
; Nominal Core Voltage      ; 1.20 V ;
; Low Junction Temperature  ; 0 °C   ;
; High Junction Temperature ; 85 °C  ;
+---------------------------+--------+


+-----------------+
; Fitter Messages ;
+-----------------+
Info (11104): Parallel Compilation has detected 12 hyper-threaded processors. However, the extra hyper-threaded processors will not be used by default. Parallel Compilation will use 10 of the 10 physical processors detected instead.
Info (119004): Automatically selected device EP3C5F256C6 for design MIC1
Info (21076): High junction temperature operating condition is not set. Assuming a default value of '85'.
Info (21076): Low junction temperature operating condition is not set. Assuming a default value of '0'.
Info (171003): Fitter is performing an Auto Fit compilation, which may decrease Fitter effort to reduce compilation time
Warning (292013): Feature LogicLock is only available with a valid subscription license. You can purchase a software subscription to gain full access to this feature.
Info (176444): Device migration not selected. If you intend to use device migration later, you may need to change the pin assignments as they may be incompatible with other devices
    Info (176445): Device EP3C10F256C6 is compatible
    Info (176445): Device EP3C16F256C6 is compatible
    Info (176445): Device EP3C25F256C6 is compatible
Info (169124): Fitter converted 5 user pins into dedicated programming pins
    Info (169125): Pin ~ALTERA_ASDO_DATA1~ is reserved at location C1
    Info (169125): Pin ~ALTERA_FLASH_nCE_nCSO~ is reserved at location D2
    Info (169125): Pin ~ALTERA_DCLK~ is reserved at location H1
    Info (169125): Pin ~ALTERA_DATA0~ is reserved at location H2
    Info (169125): Pin ~ALTERA_nCEO~ is reserved at location F16
Warning (15714): Some pins have incomplete I/O assignments. Refer to the I/O Assignment Warnings report for details
Critical Warning (169085): No exact pin location assignment(s) for 133 pins of 133 total pins
    Info (169086): Pin COUT not assigned to an exact location on the device
    Info (169086): Pin MIR[35] not assigned to an exact location on the device
    Info (169086): Pin MIR[34] not assigned to an exact location on the device
    Info (169086): Pin MIR[33] not assigned to an exact location on the device
    Info (169086): Pin MIR[32] not assigned to an exact location on the device
    Info (169086): Pin MIR[31] not assigned to an exact location on the device
    Info (169086): Pin MIR[30] not assigned to an exact location on the device
    Info (169086): Pin MIR[29] not assigned to an exact location on the device
    Info (169086): Pin MIR[28] not assigned to an exact location on the device
    Info (169086): Pin MIR[27] not assigned to an exact location on the device
    Info (169086): Pin MIR[26] not assigned to an exact location on the device
    Info (169086): Pin MIR[25] not assigned to an exact location on the device
    Info (169086): Pin MIR[24] not assigned to an exact location on the device
    Info (169086): Pin MIR[23] not assigned to an exact location on the device
    Info (169086): Pin MIR[22] not assigned to an exact location on the device
    Info (169086): Pin MIR[15] not assigned to an exact location on the device
    Info (169086): Pin MIR[14] not assigned to an exact location on the device
    Info (169086): Pin MIR[13] not assigned to an exact location on the device
    Info (169086): Pin MIR[12] not assigned to an exact location on the device
    Info (169086): Pin MIR[11] not assigned to an exact location on the device
    Info (169086): Pin MIR[10] not assigned to an exact location on the device
    Info (169086): Pin MIR[9] not assigned to an exact location on the device
    Info (169086): Pin MIR[8] not assigned to an exact location on the device
    Info (169086): Pin MIR[7] not assigned to an exact location on the device
    Info (169086): Pin MIR[6] not assigned to an exact location on the device
    Info (169086): Pin MIR[5] not assigned to an exact location on the device
    Info (169086): Pin MIR[4] not assigned to an exact location on the device
    Info (169086): Pin MIR[3] not assigned to an exact location on the device
    Info (169086): Pin MIR[2] not assigned to an exact location on the device
    Info (169086): Pin MIR[1] not assigned to an exact location on the device
    Info (169086): Pin MIR[0] not assigned to an exact location on the device
    Info (169086): Pin OUTPUT[31] not assigned to an exact location on the device
    Info (169086): Pin OUTPUT[30] not assigned to an exact location on the device
    Info (169086): Pin OUTPUT[29] not assigned to an exact location on the device
    Info (169086): Pin OUTPUT[28] not assigned to an exact location on the device
    Info (169086): Pin OUTPUT[27] not assigned to an exact location on the device
    Info (169086): Pin OUTPUT[26] not assigned to an exact location on the device
    Info (169086): Pin OUTPUT[25] not assigned to an exact location on the device
    Info (169086): Pin OUTPUT[24] not assigned to an exact location on the device
    Info (169086): Pin OUTPUT[23] not assigned to an exact location on the device
    Info (169086): Pin OUTPUT[22] not assigned to an exact location on the device
    Info (169086): Pin OUTPUT[21] not assigned to an exact location on the device
    Info (169086): Pin OUTPUT[20] not assigned to an exact location on the device
    Info (169086): Pin OUTPUT[19] not assigned to an exact location on the device
    Info (169086): Pin OUTPUT[18] not assigned to an exact location on the device
    Info (169086): Pin OUTPUT[17] not assigned to an exact location on the device
    Info (169086): Pin OUTPUT[16] not assigned to an exact location on the device
    Info (169086): Pin OUTPUT[15] not assigned to an exact location on the device
    Info (169086): Pin OUTPUT[14] not assigned to an exact location on the device
    Info (169086): Pin OUTPUT[13] not assigned to an exact location on the device
    Info (169086): Pin OUTPUT[12] not assigned to an exact location on the device
    Info (169086): Pin OUTPUT[11] not assigned to an exact location on the device
    Info (169086): Pin OUTPUT[10] not assigned to an exact location on the device
    Info (169086): Pin OUTPUT[9] not assigned to an exact location on the device
    Info (169086): Pin OUTPUT[8] not assigned to an exact location on the device
    Info (169086): Pin OUTPUT[7] not assigned to an exact location on the device
    Info (169086): Pin OUTPUT[6] not assigned to an exact location on the device
    Info (169086): Pin OUTPUT[5] not assigned to an exact location on the device
    Info (169086): Pin OUTPUT[4] not assigned to an exact location on the device
    Info (169086): Pin OUTPUT[3] not assigned to an exact location on the device
    Info (169086): Pin OUTPUT[2] not assigned to an exact location on the device
    Info (169086): Pin OUTPUT[1] not assigned to an exact location on the device
    Info (169086): Pin OUTPUT[0] not assigned to an exact location on the device
    Info (169086): Pin MIR[21] not assigned to an exact location on the device
    Info (169086): Pin MIR[20] not assigned to an exact location on the device
    Info (169086): Pin MIR[17] not assigned to an exact location on the device
    Info (169086): Pin MIR[19] not assigned to an exact location on the device
    Info (169086): Pin A[31] not assigned to an exact location on the device
    Info (169086): Pin MIR[18] not assigned to an exact location on the device
    Info (169086): Pin B[31] not assigned to an exact location on the device
    Info (169086): Pin A[30] not assigned to an exact location on the device
    Info (169086): Pin B[30] not assigned to an exact location on the device
    Info (169086): Pin A[29] not assigned to an exact location on the device
    Info (169086): Pin B[29] not assigned to an exact location on the device
    Info (169086): Pin A[28] not assigned to an exact location on the device
    Info (169086): Pin B[28] not assigned to an exact location on the device
    Info (169086): Pin A[27] not assigned to an exact location on the device
    Info (169086): Pin B[27] not assigned to an exact location on the device
    Info (169086): Pin A[26] not assigned to an exact location on the device
    Info (169086): Pin B[26] not assigned to an exact location on the device
    Info (169086): Pin A[25] not assigned to an exact location on the device
    Info (169086): Pin B[25] not assigned to an exact location on the device
    Info (169086): Pin A[24] not assigned to an exact location on the device
    Info (169086): Pin B[24] not assigned to an exact location on the device
    Info (169086): Pin A[23] not assigned to an exact location on the device
    Info (169086): Pin B[23] not assigned to an exact location on the device
    Info (169086): Pin A[22] not assigned to an exact location on the device
    Info (169086): Pin B[22] not assigned to an exact location on the device
    Info (169086): Pin B[21] not assigned to an exact location on the device
    Info (169086): Pin A[21] not assigned to an exact location on the device
    Info (169086): Pin A[20] not assigned to an exact location on the device
    Info (169086): Pin B[20] not assigned to an exact location on the device
    Info (169086): Pin A[19] not assigned to an exact location on the device
    Info (169086): Pin B[19] not assigned to an exact location on the device
    Info (169086): Pin A[18] not assigned to an exact location on the device
    Info (169086): Pin B[18] not assigned to an exact location on the device
    Info (169086): Pin A[17] not assigned to an exact location on the device
    Info (169086): Pin B[17] not assigned to an exact location on the device
    Info (169086): Pin A[16] not assigned to an exact location on the device
    Info (169086): Pin B[16] not assigned to an exact location on the device
    Info (169086): Pin A[15] not assigned to an exact location on the device
    Info (169086): Pin B[15] not assigned to an exact location on the device
    Info (169086): Pin A[14] not assigned to an exact location on the device
    Info (169086): Pin B[14] not assigned to an exact location on the device
    Info (169086): Pin A[13] not assigned to an exact location on the device
    Info (169086): Pin B[13] not assigned to an exact location on the device
    Info (169086): Pin A[12] not assigned to an exact location on the device
    Info (169086): Pin B[12] not assigned to an exact location on the device
    Info (169086): Pin A[11] not assigned to an exact location on the device
    Info (169086): Pin B[11] not assigned to an exact location on the device
    Info (169086): Pin A[10] not assigned to an exact location on the device
    Info (169086): Pin B[10] not assigned to an exact location on the device
    Info (169086): Pin A[9] not assigned to an exact location on the device
    Info (169086): Pin B[9] not assigned to an exact location on the device
    Info (169086): Pin A[8] not assigned to an exact location on the device
    Info (169086): Pin B[8] not assigned to an exact location on the device
    Info (169086): Pin A[7] not assigned to an exact location on the device
    Info (169086): Pin B[7] not assigned to an exact location on the device
    Info (169086): Pin A[6] not assigned to an exact location on the device
    Info (169086): Pin B[6] not assigned to an exact location on the device
    Info (169086): Pin A[5] not assigned to an exact location on the device
    Info (169086): Pin B[5] not assigned to an exact location on the device
    Info (169086): Pin A[4] not assigned to an exact location on the device
    Info (169086): Pin B[4] not assigned to an exact location on the device
    Info (169086): Pin A[3] not assigned to an exact location on the device
    Info (169086): Pin B[3] not assigned to an exact location on the device
    Info (169086): Pin A[2] not assigned to an exact location on the device
    Info (169086): Pin B[2] not assigned to an exact location on the device
    Info (169086): Pin A[1] not assigned to an exact location on the device
    Info (169086): Pin B[1] not assigned to an exact location on the device
    Info (169086): Pin A[0] not assigned to an exact location on the device
    Info (169086): Pin B[0] not assigned to an exact location on the device
    Info (169086): Pin MIR[16] not assigned to an exact location on the device
Critical Warning (332012): Synopsys Design Constraints File file not found: 'MIC1.sdc'. A Synopsys Design Constraints File is required by the TimeQuest Timing Analyzer to get proper timing constraints. Without it, the Compiler will not properly optimize the design.
Info (332144): No user constrained base clocks found in the design
Info (332096): The command derive_clocks did not find any clocks to derive.  No clocks were created or changed.
Warning (332068): No clocks defined in design.
Info (332143): No user constrained clock uncertainty found in the design. Calling "derive_clock_uncertainty"
Info (332154): The derive_clock_uncertainty command did not apply clock uncertainty to any clock-to-clock transfers.
Info (332130): Timing requirements not specified -- quality metrics such as performance may be sacrificed to reduce compilation time.
Info (176233): Starting register packing
Info (176235): Finished register packing
    Extra Info (176219): No registers were packed into other blocks
Info (176214): Statistics of I/O pins that need to be placed that use the same VCCIO and VREF, before I/O pin placement
    Info (176211): Number of I/O pins in group: 133 (unused VREF, 2.5V VCCIO, 100 input, 33 output, 0 bidirectional)
        Info (176212): I/O standards used: 2.5 V.
Info (176215): I/O bank details before I/O pin placement
    Info (176214): Statistics of I/O banks
        Info (176213): I/O bank number 1 does not use VREF pins and has undetermined VCCIO pins. 4 total pin(s) used --  14 pins available
        Info (176213): I/O bank number 2 does not use VREF pins and has undetermined VCCIO pins. 0 total pin(s) used --  19 pins available
        Info (176213): I/O bank number 3 does not use VREF pins and has undetermined VCCIO pins. 0 total pin(s) used --  26 pins available
        Info (176213): I/O bank number 4 does not use VREF pins and has undetermined VCCIO pins. 0 total pin(s) used --  27 pins available
        Info (176213): I/O bank number 5 does not use VREF pins and has undetermined VCCIO pins. 0 total pin(s) used --  25 pins available
        Info (176213): I/O bank number 6 does not use VREF pins and has undetermined VCCIO pins. 1 total pin(s) used --  15 pins available
        Info (176213): I/O bank number 7 does not use VREF pins and has undetermined VCCIO pins. 0 total pin(s) used --  26 pins available
        Info (176213): I/O bank number 8 does not use VREF pins and has undetermined VCCIO pins. 0 total pin(s) used --  26 pins available
Info (171121): Fitter preparation operations ending: elapsed time is 00:00:01
Info (170189): Fitter placement preparation operations beginning
Info (170190): Fitter placement preparation operations ending: elapsed time is 00:00:00
Info (170191): Fitter placement operations beginning
Info (170137): Fitter placement was successful
Info (170192): Fitter placement operations ending: elapsed time is 00:00:01
Info (170193): Fitter routing operations beginning
Info (170195): Router estimated average interconnect usage is 0% of the available device resources
    Info (170196): Router estimated peak interconnect usage is 1% of the available device resources in the region that extends from location X23_Y12 to location X34_Y24
Info (170194): Fitter routing operations ending: elapsed time is 00:00:00
Info (170199): The Fitter performed an Auto Fit compilation.  Optimizations were skipped to reduce compilation time.
    Info (170201): Optimizations that may affect the design's routability were skipped
    Info (170200): Optimizations that may affect the design's timing were skipped
Info (11888): Total time spent on timing analysis during the Fitter is 0.19 seconds.
Info (334003): Started post-fitting delay annotation
Info (334004): Delay annotation completed successfully
Info (334003): Started post-fitting delay annotation
Info (334004): Delay annotation completed successfully
Info (11218): Fitter post-fit operations ending: elapsed time is 00:00:02
Info (144001): Generated suppressed messages file C:/Users/Felipe/Documents/GitHub/MIC1-AOC2/output_files/MIC1.fit.smsg
Info: Quartus II 64-Bit Fitter was successful. 0 errors, 5 warnings
    Info: Peak virtual memory: 5735 megabytes
    Info: Processing ended: Fri Aug 07 13:39:23 2026
    Info: Elapsed time: 00:00:07
    Info: Total CPU time (on all processors): 00:00:08


+----------------------------+
; Fitter Suppressed Messages ;
+----------------------------+
The suppressed messages can be found in C:/Users/Felipe/Documents/GitHub/MIC1-AOC2/output_files/MIC1.fit.smsg.


